{"value": "Aston Martin", "data-make-id": "791", "model_list": [{"model_org_name": "A40 Somerset", "ex_showroom_price": 900000, "body_type": "sedan", "model": "a40 somerset", "model_id": "17621", "make_id": "791", "make": "aston martin", "trim_list": [{"trim": "a40 somerset", "model_org_name": "A40 Somerset", "ex_showroom_price": 900000, "body_type": "sedan", "model": "a40 somerset", "model_id": "17621", "fuel_type": "petrol", "make_id": "791", "trim_id": "", "make": "aston martin", "trim_org_name": ""}]}, {"model_org_name": "Rapide", "ex_showroom_price": 38845823, "body_type": "sedan", "model": "rapide", "model_id": "8211", "make_id": "791", "make": "aston martin", "trim_list": [{"trim": "luxe", "model_org_name": "Rapide", "ex_showroom_price": 33767800, "body_type": "sedan", "model": "rapide", "model_id": "8211", "fuel_type": "petrol", "make_id": "791", "trim_id": "438531", "make": "aston martin", "trim_org_name": "LUXE", "data": {"code": "success", "data": {"fuel_type": "petrol", "body_type": "sedan", "vehicle_image": "https://cdn1.acedms.com/uploads/category/aston-martin/20171108110236000000-4127858893429195265.png"}, "prices_list": [{"part_name": "Wiper Blades", "price_min": "540", "price_max": "660"}, {"part_name": "Front Bumper", "price_min": "2080", "price_max": "2540"}, {"part_name": "Front Fender", "price_min": "1720", "price_max": "2100"}, {"part_name": "Bonnet", "price_min": "4030", "price_max": "4920"}, {"part_name": "Front Door", "price_min": "6150", "price_max": "7520"}, {"part_name": "Bootlid", "price_min": "4690", "price_max": "5730"}, {"part_name": "Front Windscreen Glass", "price_min": "3130", "price_max": "3830"}, {"part_name": "Side Mirrors", "price_min": "1280", "price_max": "1560"}, {"part_name": "Front Strut", "price_min": "1600", "price_max": "1950"}, {"part_name": "Front Suspension Lower Arm", "price_min": "1650", "price_max": "2020"}, {"part_name": "Suspension Overhaul", "price_min": "2430", "price_max": "2970"}]}}, {"trim": "s", "model_org_name": "Rapide", "ex_showroom_price": 32900000, "body_type": "sedan", "model": "rapide", "model_id": "8211", "fuel_type": "petrol", "make_id": "791", "trim_id": "438541", "make": "aston martin", "trim_org_name": "S", "data": {"code": "success", "data": {"fuel_type": "petrol", "body_type": "sedan", "vehicle_image": "https://cdn1.acedms.com/uploads/category/aston-martin/20171108110236000000-4127858893429195265.png"}, "prices_list": [{"part_name": "Wiper Blades", "price_min": "540", "price_max": "660"}, {"part_name": "Front Bumper", "price_min": "2080", "price_max": "2540"}, {"part_name": "Front Fender", "price_min": "1720", "price_max": "2100"}, {"part_name": "Bonnet", "price_min": "4030", "price_max": "4920"}, {"part_name": "Front Door", "price_min": "6150", "price_max": "7520"}, {"part_name": "Bootlid", "price_min": "4690", "price_max": "5730"}, {"part_name": "Front Windscreen Glass", "price_min": "3130", "price_max": "3830"}, {"part_name": "Side Mirrors", "price_min": "1280", "price_max": "1560"}, {"part_name": "Front Strut", "price_min": "1600", "price_max": "1950"}, {"part_name": "Front Suspension Lower Arm", "price_min": "1650", "price_max": "2020"}, {"part_name": "Suspension Overhaul", "price_min": "2430", "price_max": "2970"}]}}, {"trim": "s v12", "model_org_name": "Rapide", "ex_showroom_price": 38845823, "body_type": "sedan", "model": "rapide", "model_id": "8211", "fuel_type": "petrol", "make_id": "791", "trim_id": "438551", "make": "aston martin", "trim_org_name": "S V12", "data": {"code": "success", "data": {"fuel_type": "petrol", "body_type": "sedan", "vehicle_image": "https://cdn1.acedms.com/uploads/category/aston-martin/20171108110236000000-4127858893429195265.png"}, "prices_list": [{"part_name": "Wiper Blades", "price_min": "540", "price_max": "660"}, {"part_name": "Front Bumper", "price_min": "2080", "price_max": "2540"}, {"part_name": "Front Fender", "price_min": "1720", "price_max": "2100"}, {"part_name": "Bonnet", "price_min": "4030", "price_max": "4920"}, {"part_name": "Front Door", "price_min": "6150", "price_max": "7520"}, {"part_name": "Bootlid", "price_min": "4690", "price_max": "5730"}, {"part_name": "Front Windscreen Glass", "price_min": "3130", "price_max": "3830"}, {"part_name": "Side Mirrors", "price_min": "1280", "price_max": "1560"}, {"part_name": "Front Strut", "price_min": "1600", "price_max": "1950"}, {"part_name": "Front Suspension Lower Arm", "price_min": "1650", "price_max": "2020"}, {"part_name": "Suspension Overhaul", "price_min": "2430", "price_max": "2970"}]}}, {"trim": "v 12", "model_org_name": "Rapide", "ex_showroom_price": 33659100, "body_type": "sedan", "model": "rapide", "model_id": "8211", "fuel_type": "petrol", "make_id": "791", "trim_id": "", "make": "aston martin", "trim_org_name": ""}]}]}