{"value": "Bajaj", "data-make-id": "51", "model_list": [{"model_org_name": "Qute RE60", "ex_showroom_price": 248061, "body_type": "hatchback", "model": "qute re60", "model_id": "48601", "make_id": "51", "make": "bajaj", "trim_list": [{"trim": "petrol", "model_org_name": "Qute RE60", "ex_showroom_price": 248061, "body_type": "hatchback", "model": "qute re60", "model_id": "48601", "fuel_type": "petrol", "make_id": "51", "trim_id": "535651", "make": "bajaj", "trim_org_name": "PETROL", "data": {"code": "success", "data": {"fuel_type": "petrol", "body_type": "hatchback", "vehicle_image": "https://cdn1.acedms.com/uploads/category/bajaj/20181005143239000000-1952729064393162497.jpg"}}}]}]}