{"value": "Bentley", "data-make-id": "611", "model_list": [{"model_org_name": "Arnage", "ex_showroom_price": 22508000, "body_type": "sedan", "model": "arnage", "model_id": "8421", "make_id": "611", "make": "bentley", "trim_list": [{"trim": "r", "model_org_name": "Arnage", "ex_showroom_price": 22508000, "body_type": "sedan", "model": "arnage", "model_id": "8421", "fuel_type": "petrol", "make_id": "611", "trim_id": "41911", "make": "bentley", "trim_org_name": "R", "data": {"code": "success", "data": {"fuel_type": "petrol", "body_type": "sedan", "vehicle_image": "https://cdn1.acedms.com/uploads/category/bentley/20171120050554000000-855822891633161985.png"}, "prices_list": [{"part_name": "Wiper Blades", "price_min": "540", "price_max": "660"}, {"part_name": "Front Bumper", "price_min": "2080", "price_max": "2540"}, {"part_name": "Front Fender", "price_min": "1720", "price_max": "2100"}, {"part_name": "Bonnet", "price_min": "4030", "price_max": "4920"}, {"part_name": "Front Door", "price_min": "6150", "price_max": "7520"}, {"part_name": "Bootlid", "price_min": "4690", "price_max": "5730"}, {"part_name": "Front Windscreen Glass", "price_min": "3130", "price_max": "3830"}, {"part_name": "Side Mirrors", "price_min": "1280", "price_max": "1560"}, {"part_name": "Front Strut", "price_min": "1600", "price_max": "1950"}, {"part_name": "Front Suspension Lower Arm", "price_min": "1650", "price_max": "2020"}, {"part_name": "Suspension Overhaul", "price_min": "2430", "price_max": "2970"}]}}]}, {"model_org_name": "Bentayga", "ex_showroom_price": 45941557, "body_type": "sedan", "model": "bentayga", "model_id": "8411", "make_id": "611", "make": "bentley", "trim_list": [{"trim": "v8 petrol", "model_org_name": "Bentayga", "ex_showroom_price": 37542069, "body_type": "sedan", "model": "bentayga", "model_id": "8411", "fuel_type": "petrol", "make_id": "611", "trim_id": "564171", "make": "bentley", "trim_org_name": "V8 PETROL", "data": {"code": "success", "data": {"fuel_type": "petrol", "body_type": "sedan", "vehicle_image": "https://cdn1.acedms.com/uploads/category/bentley/20171120050248000000-7488431913016686593."}}}, {"trim": "w12", "model_org_name": "Bentayga", "ex_showroom_price": 45941557, "body_type": "sedan", "model": "bentayga", "model_id": "8411", "fuel_type": "petrol", "make_id": "611", "trim_id": "41901", "make": "bentley", "trim_org_name": "W12", "data": {"code": "success", "data": {"fuel_type": "petrol", "body_type": "sedan", "vehicle_image": "https://cdn1.acedms.com/uploads/category/bentley/20171120050248000000-7488431913016686593."}, "prices_list": [{"part_name": "Wiper Blades", "price_min": "540", "price_max": "660"}, {"part_name": "Front Bumper", "price_min": "2080", "price_max": "2540"}, {"part_name": "Front Fender", "price_min": "1720", "price_max": "2100"}, {"part_name": "Bonnet", "price_min": "4030", "price_max": "4920"}, {"part_name": "Front Door", "price_min": "6150", "price_max": "7520"}, {"part_name": "Bootlid", "price_min": "4690", "price_max": "5730"}, {"part_name": "Front Windscreen Glass", "price_min": "3130", "price_max": "3830"}, {"part_name": "Side Mirrors", "price_min": "1280", "price_max": "1560"}, {"part_name": "Front Strut", "price_min": "1600", "price_max": "1950"}, {"part_name": "Front Suspension Lower Arm", "price_min": "1650", "price_max": "2020"}, {"part_name": "Suspension Overhaul", "price_min": "2430", "price_max": "2970"}]}}]}, {"model_org_name": "Continental Flying Spur", "ex_showroom_price": 35777000, "body_type": "sedan", "model": "continental flying spur", "model_id": "6851", "make_id": "611", "make": "bentley", "trim_list": [{"trim": "v8", "model_org_name": "Continental Flying Spur", "ex_showroom_price": 35783700, "body_type": "sedan", "model": "continental flying spur", "model_id": "6851", "fuel_type": "petrol", "make_id": "611", "trim_id": "35731", "make": "bentley", "trim_org_name": "V8", "data": {"code": "success", "data": {"fuel_type": "petrol", "body_type": "sedan", "vehicle_image": "https://cdn1.acedms.com/uploads/category/bentley/20171220053240000000-4440508843450727425.png"}, "prices_list": [{"part_name": "Wiper Blades", "price_min": "540", "price_max": "660"}, {"part_name": "Front Bumper", "price_min": "2080", "price_max": "2540"}, {"part_name": "Front Fender", "price_min": "1720", "price_max": "2100"}, {"part_name": "Bonnet", "price_min": "4030", "price_max": "4920"}, {"part_name": "Front Door", "price_min": "6150", "price_max": "7520"}, {"part_name": "Bootlid", "price_min": "4690", "price_max": "5730"}, {"part_name": "Front Windscreen Glass", "price_min": "3130", "price_max": "3830"}, {"part_name": "Side Mirrors", "price_min": "1280", "price_max": "1560"}, {"part_name": "Front Strut", "price_min": "1600", "price_max": "1950"}, {"part_name": "Front Suspension Lower Arm", "price_min": "1650", "price_max": "2020"}, {"part_name": "Suspension Overhaul", "price_min": "2430", "price_max": "2970"}]}}, {"trim": "w12", "model_org_name": "Continental Flying Spur", "ex_showroom_price": 35777000, "body_type": "sedan", "model": "continental flying spur", "model_id": "6851", "fuel_type": "petrol", "make_id": "611", "trim_id": "35741", "make": "bentley", "trim_org_name": "W12", "data": {"code": "success", "data": {"fuel_type": "petrol", "body_type": "sedan", "vehicle_image": "https://cdn1.acedms.com/uploads/category/bentley/20171220053240000000-4440508843450727425.png"}, "prices_list": [{"part_name": "Wiper Blades", "price_min": "540", "price_max": "660"}, {"part_name": "Front Bumper", "price_min": "2080", "price_max": "2540"}, {"part_name": "Front Fender", "price_min": "1720", "price_max": "2100"}, {"part_name": "Bonnet", "price_min": "4030", "price_max": "4920"}, {"part_name": "Front Door", "price_min": "6150", "price_max": "7520"}, {"part_name": "Bootlid", "price_min": "4690", "price_max": "5730"}, {"part_name": "Front Windscreen Glass", "price_min": "3130", "price_max": "3830"}, {"part_name": "Side Mirrors", "price_min": "1280", "price_max": "1560"}, {"part_name": "Front Strut", "price_min": "1600", "price_max": "1950"}, {"part_name": "Front Suspension Lower Arm", "price_min": "1650", "price_max": "2020"}, {"part_name": "Suspension Overhaul", "price_min": "2430", "price_max": "2970"}]}}]}, {"model_org_name": "Continental GT", "ex_showroom_price": 33405500, "body_type": "sedan", "model": "continental gt", "model_id": "6861", "make_id": "611", "make": "bentley", "trim_list": [{"trim": "w12", "model_org_name": "Continental GT", "ex_showroom_price": 33405500, "body_type": "sedan", "model": "continental gt", "model_id": "6861", "fuel_type": "petrol", "make_id": "611", "trim_id": "472611", "make": "bentley", "trim_org_name": "W12", "data": {"code": "success", "data": {"fuel_type": "petrol", "body_type": "sedan", "vehicle_image": "https://cdn1.acedms.com/uploads/category/bentley/20171120045911000000-3472641349485684737.png"}, "prices_list": [{"part_name": "Wiper Blades", "price_min": "540", "price_max": "660"}, {"part_name": "Front Bumper", "price_min": "2080", "price_max": "2540"}, {"part_name": "Front Fender", "price_min": "1720", "price_max": "2100"}, {"part_name": "Bonnet", "price_min": "4030", "price_max": "4920"}, {"part_name": "Front Door", "price_min": "6150", "price_max": "7520"}, {"part_name": "Bootlid", "price_min": "4690", "price_max": "5730"}, {"part_name": "Front Windscreen Glass", "price_min": "3130", "price_max": "3830"}, {"part_name": "Side Mirrors", "price_min": "1280", "price_max": "1560"}, {"part_name": "Front Strut", "price_min": "1600", "price_max": "1950"}, {"part_name": "Front Suspension Lower Arm", "price_min": "1650", "price_max": "2020"}, {"part_name": "Suspension Overhaul", "price_min": "2430", "price_max": "2970"}]}}]}, {"model_org_name": "Flying Spur", "ex_showroom_price": 32157705, "body_type": "sedan", "model": "flying spur", "model_id": "9191", "make_id": "611", "make": "bentley", "trim_list": [{"trim": "v8", "model_org_name": "Flying Spur", "ex_showroom_price": 32157705, "body_type": "sedan", "model": "flying spur", "model_id": "9191", "fuel_type": "petrol", "make_id": "611", "trim_id": "46391", "make": "bentley", "trim_org_name": "V8", "data": {"code": "success", "data": {"fuel_type": "petrol", "body_type": "sedan", "vehicle_image": "https://cdn1.acedms.com/uploads/category/bentley/20171120050103000000-4330332628745980417.png"}, "prices_list": [{"part_name": "Wiper Blades", "price_min": "540", "price_max": "660"}, {"part_name": "Front Bumper", "price_min": "2080", "price_max": "2540"}, {"part_name": "Front Fender", "price_min": "1720", "price_max": "2100"}, {"part_name": "Bonnet", "price_min": "4030", "price_max": "4920"}, {"part_name": "Front Door", "price_min": "6150", "price_max": "7520"}, {"part_name": "Bootlid", "price_min": "4690", "price_max": "5730"}, {"part_name": "Front Windscreen Glass", "price_min": "3130", "price_max": "3830"}, {"part_name": "Side Mirrors", "price_min": "1280", "price_max": "1560"}, {"part_name": "Front Strut", "price_min": "1600", "price_max": "1950"}, {"part_name": "Front Suspension Lower Arm", "price_min": "1650", "price_max": "2020"}, {"part_name": "Suspension Overhaul", "price_min": "2430", "price_max": "2970"}]}}, {"trim": "w12", "model_org_name": "Flying Spur", "ex_showroom_price": 34116695, "body_type": "sedan", "model": "flying spur", "model_id": "9191", "fuel_type": "petrol", "make_id": "611", "trim_id": "46401", "make": "bentley", "trim_org_name": "W12", "data": {"code": "success", "data": {"fuel_type": "petrol", "body_type": "sedan", "vehicle_image": "https://cdn1.acedms.com/uploads/category/bentley/20171120050103000000-4330332628745980417.png"}, "prices_list": [{"part_name": "Wiper Blades", "price_min": "540", "price_max": "660"}, {"part_name": "Front Bumper", "price_min": "2080", "price_max": "2540"}, {"part_name": "Front Fender", "price_min": "1720", "price_max": "2100"}, {"part_name": "Bonnet", "price_min": "4030", "price_max": "4920"}, {"part_name": "Front Door", "price_min": "6150", "price_max": "7520"}, {"part_name": "Bootlid", "price_min": "4690", "price_max": "5730"}, {"part_name": "Front Windscreen Glass", "price_min": "3130", "price_max": "3830"}, {"part_name": "Side Mirrors", "price_min": "1280", "price_max": "1560"}, {"part_name": "Front Strut", "price_min": "1600", "price_max": "1950"}, {"part_name": "Front Suspension Lower Arm", "price_min": "1650", "price_max": "2020"}, {"part_name": "Suspension Overhaul", "price_min": "2430", "price_max": "2970"}]}}]}, {"model_org_name": "Mulsanne", "ex_showroom_price": 52571294, "body_type": "sedan", "model": "mulsanne", "model_id": "6871", "make_id": "611", "make": "bentley", "trim_list": [{"trim": "6.8", "model_org_name": "Mulsanne", "ex_showroom_price": 39100000, "body_type": "sedan", "model": "mulsanne", "model_id": "6871", "fuel_type": "petrol", "make_id": "611", "trim_id": "472691", "make": "bentley", "trim_org_name": "6.8", "data": {"code": "success", "data": {"fuel_type": "petrol", "body_type": "sedan", "vehicle_image": "https://cdn1.acedms.com/uploads/category/bentley/20171120050420000000-5791908017691290625.png"}, "prices_list": [{"part_name": "Wiper Blades", "price_min": "540", "price_max": "660"}, {"part_name": "Front Bumper", "price_min": "2080", "price_max": "2540"}, {"part_name": "Front Fender", "price_min": "1720", "price_max": "2100"}, {"part_name": "Bonnet", "price_min": "4030", "price_max": "4920"}, {"part_name": "Front Door", "price_min": "6150", "price_max": "7520"}, {"part_name": "Bootlid", "price_min": "4690", "price_max": "5730"}, {"part_name": "Front Windscreen Glass", "price_min": "3130", "price_max": "3830"}, {"part_name": "Side Mirrors", "price_min": "1280", "price_max": "1560"}, {"part_name": "Front Strut", "price_min": "1600", "price_max": "1950"}, {"part_name": "Front Suspension Lower Arm", "price_min": "1650", "price_max": "2020"}, {"part_name": "Suspension Overhaul", "price_min": "2430", "price_max": "2970"}]}}, {"trim": "v8", "model_org_name": "Mulsanne", "ex_showroom_price": 52571294, "body_type": "sedan", "model": "mulsanne", "model_id": "6871", "fuel_type": "petrol", "make_id": "611", "trim_id": "472661", "make": "bentley", "trim_org_name": "V8", "data": {"code": "success", "data": {"fuel_type": "petrol", "body_type": "sedan", "vehicle_image": "https://cdn1.acedms.com/uploads/category/bentley/20171120050420000000-5791908017691290625.png"}, "prices_list": [{"part_name": "Wiper Blades", "price_min": "540", "price_max": "660"}, {"part_name": "Front Bumper", "price_min": "2080", "price_max": "2540"}, {"part_name": "Front Fender", "price_min": "1720", "price_max": "2100"}, {"part_name": "Bonnet", "price_min": "4030", "price_max": "4920"}, {"part_name": "Front Door", "price_min": "6150", "price_max": "7520"}, {"part_name": "Bootlid", "price_min": "4690", "price_max": "5730"}, {"part_name": "Front Windscreen Glass", "price_min": "3130", "price_max": "3830"}, {"part_name": "Side Mirrors", "price_min": "1280", "price_max": "1560"}, {"part_name": "Front Strut", "price_min": "1600", "price_max": "1950"}, {"part_name": "Front Suspension Lower Arm", "price_min": "1650", "price_max": "2020"}, {"part_name": "Suspension Overhaul", "price_min": "2430", "price_max": "2970"}]}}]}]}