{"value": "Chrysler", "data-make-id": "1161", "model_list": [{"model_org_name": "300", "ex_showroom_price": 2700000, "body_type": "sedan", "model": "300", "model_id": "44041", "make_id": "1161", "make": "chrysler", "trim_list": [{"trim": "limited awd", "model_org_name": "300", "ex_showroom_price": 2700000, "body_type": "sedan", "model": "300", "model_id": "44041", "fuel_type": "petrol", "make_id": "1161", "trim_id": "522681", "make": "chrysler", "trim_org_name": "LIMITED AWD", "data": {"code": "success", "data": {"fuel_type": "petrol", "body_type": "sedan", "vehicle_image": "https://cdn1.acedms.com/uploads/category/chrysler/20180730060648000000-1383438802496157441.jpg"}, "prices_list": [{"part_name": "Wiper Blades", "price_min": "540", "price_max": "660"}, {"part_name": "Front Bumper", "price_min": "2080", "price_max": "2540"}, {"part_name": "Front Fender", "price_min": "1720", "price_max": "2100"}, {"part_name": "Bonnet", "price_min": "4030", "price_max": "4920"}, {"part_name": "Front Door", "price_min": "6150", "price_max": "7520"}, {"part_name": "Bootlid", "price_min": "4690", "price_max": "5730"}, {"part_name": "Front Windscreen Glass", "price_min": "3130", "price_max": "3830"}, {"part_name": "Side Mirrors", "price_min": "1280", "price_max": "1560"}, {"part_name": "Front Strut", "price_min": "1600", "price_max": "1950"}, {"part_name": "Front Suspension Lower Arm", "price_min": "1650", "price_max": "2020"}, {"part_name": "Suspension Overhaul", "price_min": "2430", "price_max": "2970"}]}}, {"trim": "limited rwd", "model_org_name": "300", "ex_showroom_price": 2700000, "body_type": "sedan", "model": "300", "model_id": "44041", "fuel_type": "petrol", "make_id": "1161", "trim_id": "522671", "make": "chrysler", "trim_org_name": "LIMITED RWD", "data": {"code": "success", "data": {"fuel_type": "petrol", "body_type": "sedan", "vehicle_image": "https://cdn1.acedms.com/uploads/category/chrysler/20180730060648000000-1383438802496157441.jpg"}, "prices_list": [{"part_name": "Wiper Blades", "price_min": "540", "price_max": "660"}, {"part_name": "Front Bumper", "price_min": "2080", "price_max": "2540"}, {"part_name": "Front Fender", "price_min": "1720", "price_max": "2100"}, {"part_name": "Bonnet", "price_min": "4030", "price_max": "4920"}, {"part_name": "Front Door", "price_min": "6150", "price_max": "7520"}, {"part_name": "Bootlid", "price_min": "4690", "price_max": "5730"}, {"part_name": "Front Windscreen Glass", "price_min": "3130", "price_max": "3830"}, {"part_name": "Side Mirrors", "price_min": "1280", "price_max": "1560"}, {"part_name": "Front Strut", "price_min": "1600", "price_max": "1950"}, {"part_name": "Front Suspension Lower Arm", "price_min": "1650", "price_max": "2020"}, {"part_name": "Suspension Overhaul", "price_min": "2430", "price_max": "2970"}]}}, {"trim": "s awd", "model_org_name": "300", "ex_showroom_price": 2700000, "body_type": "sedan", "model": "300", "model_id": "44041", "fuel_type": "petrol", "make_id": "1161", "trim_id": "522661", "make": "chrysler", "trim_org_name": "S AWD", "data": {"code": "success", "data": {"fuel_type": "petrol", "body_type": "sedan", "vehicle_image": "https://cdn1.acedms.com/uploads/category/chrysler/20180730060648000000-1383438802496157441.jpg"}, "prices_list": [{"part_name": "Wiper Blades", "price_min": "540", "price_max": "660"}, {"part_name": "Front Bumper", "price_min": "2080", "price_max": "2540"}, {"part_name": "Front Fender", "price_min": "1720", "price_max": "2100"}, {"part_name": "Bonnet", "price_min": "4030", "price_max": "4920"}, {"part_name": "Front Door", "price_min": "6150", "price_max": "7520"}, {"part_name": "Bootlid", "price_min": "4690", "price_max": "5730"}, {"part_name": "Front Windscreen Glass", "price_min": "3130", "price_max": "3830"}, {"part_name": "Side Mirrors", "price_min": "1280", "price_max": "1560"}, {"part_name": "Front Strut", "price_min": "1600", "price_max": "1950"}, {"part_name": "Front Suspension Lower Arm", "price_min": "1650", "price_max": "2020"}, {"part_name": "Suspension Overhaul", "price_min": "2430", "price_max": "2970"}]}}, {"trim": "s rwd", "model_org_name": "300", "ex_showroom_price": 2700000, "body_type": "sedan", "model": "300", "model_id": "44041", "fuel_type": "petrol", "make_id": "1161", "trim_id": "522651", "make": "chrysler", "trim_org_name": "S RWD", "data": {"code": "success", "data": {"fuel_type": "petrol", "body_type": "sedan", "vehicle_image": "https://cdn1.acedms.com/uploads/category/chrysler/20180730060648000000-1383438802496157441.jpg"}, "prices_list": [{"part_name": "Wiper Blades", "price_min": "540", "price_max": "660"}, {"part_name": "Front Bumper", "price_min": "2080", "price_max": "2540"}, {"part_name": "Front Fender", "price_min": "1720", "price_max": "2100"}, {"part_name": "Bonnet", "price_min": "4030", "price_max": "4920"}, {"part_name": "Front Door", "price_min": "6150", "price_max": "7520"}, {"part_name": "Bootlid", "price_min": "4690", "price_max": "5730"}, {"part_name": "Front Windscreen Glass", "price_min": "3130", "price_max": "3830"}, {"part_name": "Side Mirrors", "price_min": "1280", "price_max": "1560"}, {"part_name": "Front Strut", "price_min": "1600", "price_max": "1950"}, {"part_name": "Front Suspension Lower Arm", "price_min": "1650", "price_max": "2020"}, {"part_name": "Suspension Overhaul", "price_min": "2430", "price_max": "2970"}]}}, {"trim": "touring awd", "model_org_name": "300", "ex_showroom_price": 2800000, "body_type": "sedan", "model": "300", "model_id": "44041", "fuel_type": "petrol", "make_id": "1161", "trim_id": "522641", "make": "chrysler", "trim_org_name": "TOURING AWD", "data": {"code": "success", "data": {"fuel_type": "petrol", "body_type": "sedan", "vehicle_image": "https://cdn1.acedms.com/uploads/category/chrysler/20180730060648000000-1383438802496157441.jpg"}, "prices_list": [{"part_name": "Wiper Blades", "price_min": "540", "price_max": "660"}, {"part_name": "Front Bumper", "price_min": "2080", "price_max": "2540"}, {"part_name": "Front Fender", "price_min": "1720", "price_max": "2100"}, {"part_name": "Bonnet", "price_min": "4030", "price_max": "4920"}, {"part_name": "Front Door", "price_min": "6150", "price_max": "7520"}, {"part_name": "Bootlid", "price_min": "4690", "price_max": "5730"}, {"part_name": "Front Windscreen Glass", "price_min": "3130", "price_max": "3830"}, {"part_name": "Side Mirrors", "price_min": "1280", "price_max": "1560"}, {"part_name": "Front Strut", "price_min": "1600", "price_max": "1950"}, {"part_name": "Front Suspension Lower Arm", "price_min": "1650", "price_max": "2020"}, {"part_name": "Suspension Overhaul", "price_min": "2430", "price_max": "2970"}]}}, {"trim": "touring rwd", "model_org_name": "300", "ex_showroom_price": 2800000, "body_type": "sedan", "model": "300", "model_id": "44041", "fuel_type": "petrol", "make_id": "1161", "trim_id": "522631", "make": "chrysler", "trim_org_name": "TOURING RWD", "data": {"code": "success", "data": {"fuel_type": "petrol", "body_type": "sedan", "vehicle_image": "https://cdn1.acedms.com/uploads/category/chrysler/20180730060648000000-1383438802496157441.jpg"}, "prices_list": [{"part_name": "Wiper Blades", "price_min": "540", "price_max": "660"}, {"part_name": "Front Bumper", "price_min": "2080", "price_max": "2540"}, {"part_name": "Front Fender", "price_min": "1720", "price_max": "2100"}, {"part_name": "Bonnet", "price_min": "4030", "price_max": "4920"}, {"part_name": "Front Door", "price_min": "6150", "price_max": "7520"}, {"part_name": "Bootlid", "price_min": "4690", "price_max": "5730"}, {"part_name": "Front Windscreen Glass", "price_min": "3130", "price_max": "3830"}, {"part_name": "Side Mirrors", "price_min": "1280", "price_max": "1560"}, {"part_name": "Front Strut", "price_min": "1600", "price_max": "1950"}, {"part_name": "Front Suspension Lower Arm", "price_min": "1650", "price_max": "2020"}, {"part_name": "Suspension Overhaul", "price_min": "2430", "price_max": "2970"}]}}]}, {"model_org_name": "300C SRT", "ex_showroom_price": 8068900, "body_type": "sedan", "model": "300c srt", "model_id": "11831", "make_id": "1161", "make": "chrysler", "trim_list": [{"trim": "crd", "model_org_name": "300C SRT", "ex_showroom_price": 8068900, "body_type": "sedan", "model": "300c srt", "model_id": "11831", "fuel_type": "diesel", "make_id": "1161", "trim_id": "58631", "make": "chrysler", "trim_org_name": "CRD", "data": {"code": "success", "data": {"fuel_type": "diesel", "body_type": "sedan", "vehicle_image": "https://cdn1.acedms.com/photos/stock/2016-09-08/47385a3d0a9f98e20f5150d2e1520559.jpeg"}, "prices_list": [{"part_name": "Wiper Blades", "price_min": "550", "price_max": "670"}, {"part_name": "Front Bumper", "price_min": "2030", "price_max": "2480"}, {"part_name": "Front Fender", "price_min": "1660", "price_max": "2030"}, {"part_name": "Bonnet", "price_min": "3980", "price_max": "4860"}, {"part_name": "Front Door", "price_min": "5980", "price_max": "7310"}, {"part_name": "Bootlid", "price_min": "4530", "price_max": "5540"}, {"part_name": "Front Windscreen Glass", "price_min": "3180", "price_max": "3880"}, {"part_name": "Side Mirrors", "price_min": "1370", "price_max": "1680"}, {"part_name": "Front Strut", "price_min": "1600", "price_max": "1960"}, {"part_name": "Front Suspension Lower Arm", "price_min": "1560", "price_max": "1900"}, {"part_name": "Suspension Overhaul", "price_min": "2700", "price_max": "3300"}]}}]}]}