{"value": "Citroen", "data-make-id": "3921", "model_list": [{"model_org_name": "C5 Aircross", "ex_showroom_price": 2500000, "body_type": "suv", "model": "c5 aircross", "model_id": "69661", "make_id": "3921", "make": "citroen", "trim_list": [{"trim": "petrol", "model_org_name": "C5 Aircross", "ex_showroom_price": 2500000, "body_type": "suv", "model": "c5 aircross", "model_id": "69661", "fuel_type": "petrol", "make_id": "3921", "trim_id": "580321", "make": "citroen", "trim_org_name": "PETROL", "data": {"code": "success", "data": {"fuel_type": "petrol", "body_type": "suv", "vehicle_image": "https://cdn1.acedms.com/uploads/category/Citroen/20200312102516000000-6951198768555383809.jpg"}}}]}]}