{"value": "Daewoo", "data-make-id": "841", "model_list": [{"model_org_name": "Cielo", "ex_showroom_price": 611900, "body_type": "sedan", "model": "cielo", "model_id": "8601", "make_id": "841", "make": "daewoo", "trim_list": [{"trim": "gle", "model_org_name": "Cielo", "ex_showroom_price": 550800, "body_type": "sedan", "model": "cielo", "model_id": "8601", "fuel_type": "petrol", "make_id": "841", "trim_id": "43611", "make": "daewoo", "trim_org_name": "GLE", "data": {"code": "success", "data": {"fuel_type": "petrol", "body_type": "sedan", "vehicle_image": "https://cdn1.acedms.com/photos/stock/2016-09-05/e20db079a9b421bb8a106b739a976816.jpeg"}, "prices_list": [{"part_name": "Wiper Blades", "price_min": "540", "price_max": "660"}, {"part_name": "Front Bumper", "price_min": "2080", "price_max": "2540"}, {"part_name": "Front Fender", "price_min": "1720", "price_max": "2100"}, {"part_name": "Bonnet", "price_min": "4030", "price_max": "4920"}, {"part_name": "Front Door", "price_min": "6150", "price_max": "7520"}, {"part_name": "Bootlid", "price_min": "4690", "price_max": "5730"}, {"part_name": "Front Windscreen Glass", "price_min": "3130", "price_max": "3830"}, {"part_name": "Side Mirrors", "price_min": "1280", "price_max": "1560"}, {"part_name": "Front Strut", "price_min": "1600", "price_max": "1950"}, {"part_name": "Front Suspension Lower Arm", "price_min": "1650", "price_max": "2020"}, {"part_name": "Suspension Overhaul", "price_min": "2430", "price_max": "2970"}]}}, {"trim": "gle at", "model_org_name": "Cielo", "ex_showroom_price": 558600, "body_type": "sedan", "model": "cielo", "model_id": "8601", "fuel_type": "petrol", "make_id": "841", "trim_id": "43621", "make": "daewoo", "trim_org_name": "GLE AT", "data": {"code": "success", "data": {"fuel_type": "petrol", "body_type": "sedan", "vehicle_image": "https://cdn1.acedms.com/photos/stock/2016-09-05/e20db079a9b421bb8a106b739a976816.jpeg"}, "prices_list": [{"part_name": "Wiper Blades", "price_min": "540", "price_max": "660"}, {"part_name": "Front Bumper", "price_min": "2080", "price_max": "2540"}, {"part_name": "Front Fender", "price_min": "1720", "price_max": "2100"}, {"part_name": "Bonnet", "price_min": "4030", "price_max": "4920"}, {"part_name": "Front Door", "price_min": "6150", "price_max": "7520"}, {"part_name": "Bootlid", "price_min": "4690", "price_max": "5730"}, {"part_name": "Front Windscreen Glass", "price_min": "3130", "price_max": "3830"}, {"part_name": "Side Mirrors", "price_min": "1280", "price_max": "1560"}, {"part_name": "Front Strut", "price_min": "1600", "price_max": "1950"}, {"part_name": "Front Suspension Lower Arm", "price_min": "1650", "price_max": "2020"}, {"part_name": "Suspension Overhaul", "price_min": "2430", "price_max": "2970"}]}}, {"trim": "glx", "model_org_name": "Cielo", "ex_showroom_price": 611900, "body_type": "sedan", "model": "cielo", "model_id": "8601", "fuel_type": "petrol", "make_id": "841", "trim_id": "43631", "make": "daewoo", "trim_org_name": "GLX", "data": {"code": "success", "data": {"fuel_type": "petrol", "body_type": "sedan", "vehicle_image": "https://cdn1.acedms.com/photos/stock/2016-09-05/e20db079a9b421bb8a106b739a976816.jpeg"}, "prices_list": [{"part_name": "Wiper Blades", "price_min": "540", "price_max": "660"}, {"part_name": "Front Bumper", "price_min": "2080", "price_max": "2540"}, {"part_name": "Front Fender", "price_min": "1720", "price_max": "2100"}, {"part_name": "Bonnet", "price_min": "4030", "price_max": "4920"}, {"part_name": "Front Door", "price_min": "6150", "price_max": "7520"}, {"part_name": "Bootlid", "price_min": "4690", "price_max": "5730"}, {"part_name": "Front Windscreen Glass", "price_min": "3130", "price_max": "3830"}, {"part_name": "Side Mirrors", "price_min": "1280", "price_max": "1560"}, {"part_name": "Front Strut", "price_min": "1600", "price_max": "1950"}, {"part_name": "Front Suspension Lower Arm", "price_min": "1650", "price_max": "2020"}, {"part_name": "Suspension Overhaul", "price_min": "2430", "price_max": "2970"}]}}, {"trim": "glx at", "model_org_name": "Cielo", "ex_showroom_price": 611900, "body_type": "sedan", "model": "cielo", "model_id": "8601", "fuel_type": "petrol", "make_id": "841", "trim_id": "43641", "make": "daewoo", "trim_org_name": "GLX AT", "data": {"code": "success", "data": {"fuel_type": "petrol", "body_type": "sedan", "vehicle_image": "https://cdn1.acedms.com/photos/stock/2016-09-05/e20db079a9b421bb8a106b739a976816.jpeg"}, "prices_list": [{"part_name": "Wiper Blades", "price_min": "540", "price_max": "660"}, {"part_name": "Front Bumper", "price_min": "2080", "price_max": "2540"}, {"part_name": "Front Fender", "price_min": "1720", "price_max": "2100"}, {"part_name": "Bonnet", "price_min": "4030", "price_max": "4920"}, {"part_name": "Front Door", "price_min": "6150", "price_max": "7520"}, {"part_name": "Bootlid", "price_min": "4690", "price_max": "5730"}, {"part_name": "Front Windscreen Glass", "price_min": "3130", "price_max": "3830"}, {"part_name": "Side Mirrors", "price_min": "1280", "price_max": "1560"}, {"part_name": "Front Strut", "price_min": "1600", "price_max": "1950"}, {"part_name": "Front Suspension Lower Arm", "price_min": "1650", "price_max": "2020"}, {"part_name": "Suspension Overhaul", "price_min": "2430", "price_max": "2970"}]}}]}, {"model_org_name": "Matiz", "ex_showroom_price": 321300, "body_type": "hatchback", "model": "matiz", "model_id": "8611", "make_id": "841", "make": "daewoo", "trim_list": [{"trim": "sa", "model_org_name": "Matiz", "ex_showroom_price": 379900, "body_type": "hatchback", "model": "matiz", "model_id": "8611", "fuel_type": "petrol", "make_id": "841", "trim_id": "43691", "make": "daewoo", "trim_org_name": "SA", "data": {"code": "success", "data": {"fuel_type": "petrol", "body_type": "hatchback", "vehicle_image": "https://cdn1.acedms.com/photos/stock/2016-09-05/62d0179c9189b089966c22b99ce23090.jpeg"}, "prices_list": [{"part_name": "Wiper Blades", "price_min": "420", "price_max": "520"}, {"part_name": "Front Bumper", "price_min": "1480", "price_max": "1810"}, {"part_name": "Front Fender", "price_min": "1290", "price_max": "1580"}, {"part_name": "Bonnet", "price_min": "3260", "price_max": "3990"}, {"part_name": "Front Door", "price_min": "4820", "price_max": "5890"}, {"part_name": "Bootlid", "price_min": "3960", "price_max": "4840"}, {"part_name": "Front Windscreen Glass", "price_min": "2690", "price_max": "3290"}, {"part_name": "Side Mirrors", "price_min": "880", "price_max": "1070"}, {"part_name": "Front Strut", "price_min": "1300", "price_max": "1580"}, {"part_name": "Front Suspension Lower Arm", "price_min": "1230", "price_max": "1500"}, {"part_name": "Suspension Overhaul", "price_min": "2160", "price_max": "2640"}]}}, {"trim": "sd", "model_org_name": "Matiz", "ex_showroom_price": 321300, "body_type": "hatchback", "model": "matiz", "model_id": "8611", "fuel_type": "petrol", "make_id": "841", "trim_id": "43661", "make": "daewoo", "trim_org_name": "SD", "data": {"code": "success", "data": {"fuel_type": "petrol", "body_type": "hatchback", "vehicle_image": "https://cdn1.acedms.com/photos/stock/2016-09-05/62d0179c9189b089966c22b99ce23090.jpeg"}, "prices_list": [{"part_name": "Wiper Blades", "price_min": "420", "price_max": "520"}, {"part_name": "Front Bumper", "price_min": "1480", "price_max": "1810"}, {"part_name": "Front Fender", "price_min": "1290", "price_max": "1580"}, {"part_name": "Bonnet", "price_min": "3260", "price_max": "3990"}, {"part_name": "Front Door", "price_min": "4820", "price_max": "5890"}, {"part_name": "Bootlid", "price_min": "3960", "price_max": "4840"}, {"part_name": "Front Windscreen Glass", "price_min": "2690", "price_max": "3290"}, {"part_name": "Side Mirrors", "price_min": "880", "price_max": "1070"}, {"part_name": "Front Strut", "price_min": "1300", "price_max": "1580"}, {"part_name": "Front Suspension Lower Arm", "price_min": "1230", "price_max": "1500"}, {"part_name": "Suspension Overhaul", "price_min": "2160", "price_max": "2640"}]}}, {"trim": "se", "model_org_name": "Matiz", "ex_showroom_price": 390800, "body_type": "hatchback", "model": "matiz", "model_id": "8611", "fuel_type": "petrol", "make_id": "841", "trim_id": "43701", "make": "daewoo", "trim_org_name": "SE", "data": {"code": "success", "data": {"fuel_type": "petrol", "body_type": "hatchback", "vehicle_image": "https://cdn1.acedms.com/photos/stock/2016-09-05/62d0179c9189b089966c22b99ce23090.jpeg"}, "prices_list": [{"part_name": "Wiper Blades", "price_min": "420", "price_max": "520"}, {"part_name": "Front Bumper", "price_min": "1480", "price_max": "1810"}, {"part_name": "Front Fender", "price_min": "1290", "price_max": "1580"}, {"part_name": "Bonnet", "price_min": "3260", "price_max": "3990"}, {"part_name": "Front Door", "price_min": "4820", "price_max": "5890"}, {"part_name": "Bootlid", "price_min": "3960", "price_max": "4840"}, {"part_name": "Front Windscreen Glass", "price_min": "2690", "price_max": "3290"}, {"part_name": "Side Mirrors", "price_min": "880", "price_max": "1070"}, {"part_name": "Front Strut", "price_min": "1300", "price_max": "1580"}, {"part_name": "Front Suspension Lower Arm", "price_min": "1230", "price_max": "1500"}, {"part_name": "Suspension Overhaul", "price_min": "2160", "price_max": "2640"}]}}, {"trim": "sg", "model_org_name": "Matiz", "ex_showroom_price": 354100, "body_type": "hatchback", "model": "matiz", "model_id": "8611", "fuel_type": "petrol", "make_id": "841", "trim_id": "43671", "make": "daewoo", "trim_org_name": "SG", "data": {"code": "success", "data": {"fuel_type": "petrol", "body_type": "hatchback", "vehicle_image": "https://cdn1.acedms.com/photos/stock/2016-09-05/62d0179c9189b089966c22b99ce23090.jpeg"}}}, {"trim": "sp", "model_org_name": "Matiz", "ex_showroom_price": 359200, "body_type": "hatchback", "model": "matiz", "model_id": "8611", "fuel_type": "petrol", "make_id": "841", "trim_id": "43681", "make": "daewoo", "trim_org_name": "SP", "data": {"code": "success", "data": {"fuel_type": "petrol", "body_type": "hatchback", "vehicle_image": "https://cdn1.acedms.com/photos/stock/2016-09-05/62d0179c9189b089966c22b99ce23090.jpeg"}, "prices_list": [{"part_name": "Wiper Blades", "price_min": "420", "price_max": "520"}, {"part_name": "Front Bumper", "price_min": "1480", "price_max": "1810"}, {"part_name": "Front Fender", "price_min": "1290", "price_max": "1580"}, {"part_name": "Bonnet", "price_min": "3260", "price_max": "3990"}, {"part_name": "Front Door", "price_min": "4820", "price_max": "5890"}, {"part_name": "Bootlid", "price_min": "3960", "price_max": "4840"}, {"part_name": "Front Windscreen Glass", "price_min": "2690", "price_max": "3290"}, {"part_name": "Side Mirrors", "price_min": "880", "price_max": "1070"}, {"part_name": "Front Strut", "price_min": "1300", "price_max": "1580"}, {"part_name": "Front Suspension Lower Arm", "price_min": "1230", "price_max": "1500"}, {"part_name": "Suspension Overhaul", "price_min": "2160", "price_max": "2640"}]}}, {"trim": "ss", "model_org_name": "Matiz", "ex_showroom_price": 288400, "body_type": "hatchback", "model": "matiz", "model_id": "8611", "fuel_type": "petrol", "make_id": "841", "trim_id": "43651", "make": "daewoo", "trim_org_name": "SS", "data": {"code": "success", "data": {"fuel_type": "petrol", "body_type": "hatchback", "vehicle_image": "https://cdn1.acedms.com/photos/stock/2016-09-05/62d0179c9189b089966c22b99ce23090.jpeg"}, "prices_list": [{"part_name": "Wiper Blades", "price_min": "420", "price_max": "520"}, {"part_name": "Front Bumper", "price_min": "1480", "price_max": "1810"}, {"part_name": "Front Fender", "price_min": "1290", "price_max": "1580"}, {"part_name": "Bonnet", "price_min": "3260", "price_max": "3990"}, {"part_name": "Front Door", "price_min": "4820", "price_max": "5890"}, {"part_name": "Bootlid", "price_min": "3960", "price_max": "4840"}, {"part_name": "Front Windscreen Glass", "price_min": "2690", "price_max": "3290"}, {"part_name": "Side Mirrors", "price_min": "880", "price_max": "1070"}, {"part_name": "Front Strut", "price_min": "1300", "price_max": "1580"}, {"part_name": "Front Suspension Lower Arm", "price_min": "1230", "price_max": "1500"}, {"part_name": "Suspension Overhaul", "price_min": "2160", "price_max": "2640"}]}}]}, {"model_org_name": "Nexia", "ex_showroom_price": 649300, "body_type": "sedan", "model": "nexia", "model_id": "8621", "make_id": "841", "make": "daewoo", "trim_list": [{"trim": "deluxe", "model_org_name": "Nexia", "ex_showroom_price": 649300, "body_type": "sedan", "model": "nexia", "model_id": "8621", "fuel_type": "petrol", "make_id": "841", "trim_id": "43711", "make": "daewoo", "trim_org_name": "DELUXE", "data": {"code": "success", "data": {"fuel_type": "petrol", "body_type": "sedan", "vehicle_image": "https://cdn1.acedms.com/photos/stock/2016-09-05/794453096c0bd9c8fe84400d272aa054.jpeg"}, "prices_list": [{"part_name": "Wiper Blades", "price_min": "540", "price_max": "660"}, {"part_name": "Front Bumper", "price_min": "2080", "price_max": "2540"}, {"part_name": "Front Fender", "price_min": "1720", "price_max": "2100"}, {"part_name": "Bonnet", "price_min": "4030", "price_max": "4920"}, {"part_name": "Front Door", "price_min": "6150", "price_max": "7520"}, {"part_name": "Bootlid", "price_min": "4690", "price_max": "5730"}, {"part_name": "Front Windscreen Glass", "price_min": "3130", "price_max": "3830"}, {"part_name": "Side Mirrors", "price_min": "1280", "price_max": "1560"}, {"part_name": "Front Strut", "price_min": "1600", "price_max": "1950"}, {"part_name": "Front Suspension Lower Arm", "price_min": "1650", "price_max": "2020"}, {"part_name": "Suspension Overhaul", "price_min": "2430", "price_max": "2970"}]}}]}]}