{"value": "Datsun", "data-make-id": "301", "model_list": [{"model_org_name": "GO", "ex_showroom_price": 645000, "body_type": "hatchback", "model": "go", "model_id": "4381", "make_id": "301", "make": "datsun", "trim_list": [{"trim": "a", "model_org_name": "GO", "ex_showroom_price": 447000, "body_type": "hatchback", "model": "go", "model_id": "4381", "fuel_type": "petrol", "make_id": "301", "trim_id": "22251", "make": "datsun", "trim_org_name": "A", "data": {"code": "success", "data": {"fuel_type": "petrol", "body_type": "hatchback", "vehicle_image": "https://cdn1.acedms.com/uploads/category/datsun/20171219122954000000-4418736376525829633.jpg"}}}, {"trim": "a (o) bs6", "model_org_name": "GO", "ex_showroom_price": 535000, "body_type": "hatchback", "model": "go", "model_id": "4381", "fuel_type": "petrol", "make_id": "301", "trim_id": "584846", "make": "datsun", "trim_org_name": "A (O) BS6", "data": {"code": "success", "data": {"fuel_type": "petrol", "body_type": "hatchback", "vehicle_image": "https://cdn1.acedms.com/uploads/category/datsun/20171219122954000000-4418736376525829633.jpg"}}}, {"trim": "a bs6", "model_org_name": "GO", "ex_showroom_price": 495000, "body_type": "hatchback", "model": "go", "model_id": "4381", "fuel_type": "petrol", "make_id": "301", "trim_id": "584845", "make": "datsun", "trim_org_name": "A BS6", "data": {"code": "success", "data": {"fuel_type": "petrol", "body_type": "hatchback", "vehicle_image": "https://cdn1.acedms.com/uploads/category/datsun/20171219122954000000-4418736376525829633.jpg"}}}, {"trim": "a eps", "model_org_name": "GO", "ex_showroom_price": 381593, "body_type": "hatchback", "model": "go", "model_id": "4381", "fuel_type": "petrol", "make_id": "301", "trim_id": "22291", "make": "datsun", "trim_org_name": "A EPS", "data": {"code": "success", "data": {"fuel_type": "petrol", "body_type": "hatchback", "vehicle_image": "https://cdn1.acedms.com/uploads/category/datsun/20171219122954000000-4418736376525829633.jpg"}, "prices_list": [{"part_name": "Wiper Blades", "price_min": "420", "price_max": "520"}, {"part_name": "Front Bumper", "price_min": "1480", "price_max": "1810"}, {"part_name": "Front Fender", "price_min": "1290", "price_max": "1580"}, {"part_name": "Bonnet", "price_min": "3260", "price_max": "3990"}, {"part_name": "Front Door", "price_min": "4820", "price_max": "5890"}, {"part_name": "Bootlid", "price_min": "3960", "price_max": "4840"}, {"part_name": "Front Windscreen Glass", "price_min": "2690", "price_max": "3290"}, {"part_name": "Side Mirrors", "price_min": "880", "price_max": "1070"}, {"part_name": "Front Strut", "price_min": "1300", "price_max": "1580"}, {"part_name": "Front Suspension Lower Arm", "price_min": "1230", "price_max": "1500"}, {"part_name": "Suspension Overhaul", "price_min": "2160", "price_max": "2640"}]}}, {"trim": "a opt", "model_org_name": "GO", "ex_showroom_price": 449815, "body_type": "hatchback", "model": "go", "model_id": "4381", "fuel_type": "petrol", "make_id": "301", "trim_id": "539181", "make": "datsun", "trim_org_name": "A OPT", "data": {"code": "success", "data": {"fuel_type": "petrol", "body_type": "hatchback", "vehicle_image": "https://cdn1.acedms.com/uploads/category/datsun/20171219122954000000-4418736376525829633.jpg"}}}, {"trim": "anniversary edition", "model_org_name": "GO", "ex_showroom_price": 401925, "body_type": "hatchback", "model": "go", "model_id": "4381", "fuel_type": "petrol", "make_id": "301", "trim_id": "492601", "make": "datsun", "trim_org_name": "ANNIVERSARY EDITION", "data": {"code": "success", "data": {"fuel_type": "petrol", "body_type": "hatchback", "vehicle_image": "https://cdn1.acedms.com/uploads/category/datsun/20171219122954000000-4418736376525829633.jpg"}, "prices_list": [{"part_name": "Wiper Blades", "price_min": "420", "price_max": "520"}, {"part_name": "Front Bumper", "price_min": "1480", "price_max": "1810"}, {"part_name": "Front Fender", "price_min": "1290", "price_max": "1580"}, {"part_name": "Bonnet", "price_min": "3260", "price_max": "3990"}, {"part_name": "Front Door", "price_min": "4820", "price_max": "5890"}, {"part_name": "Bootlid", "price_min": "3960", "price_max": "4840"}, {"part_name": "Front Windscreen Glass", "price_min": "2690", "price_max": "3290"}, {"part_name": "Side Mirrors", "price_min": "880", "price_max": "1070"}, {"part_name": "Front Strut", "price_min": "1300", "price_max": "1580"}, {"part_name": "Front Suspension Lower Arm", "price_min": "1230", "price_max": "1500"}, {"part_name": "Suspension Overhaul", "price_min": "2160", "price_max": "2640"}]}}, {"trim": "d", "model_org_name": "GO", "ex_showroom_price": 447000, "body_type": "hatchback", "model": "go", "model_id": "4381", "fuel_type": "petrol", "make_id": "301", "trim_id": "22241", "make": "datsun", "trim_org_name": "D", "data": {"code": "success", "data": {"fuel_type": "petrol", "body_type": "hatchback", "vehicle_image": "https://cdn1.acedms.com/uploads/category/datsun/20171219122954000000-4418736376525829633.jpg"}, "prices_list": [{"part_name": "Wiper Blades", "price_min": "420", "price_max": "520"}, {"part_name": "Front Bumper", "price_min": "1480", "price_max": "1810"}, {"part_name": "Front Fender", "price_min": "1290", "price_max": "1580"}, {"part_name": "Bonnet", "price_min": "3260", "price_max": "3990"}, {"part_name": "Front Door", "price_min": "4820", "price_max": "5890"}, {"part_name": "Bootlid", "price_min": "3960", "price_max": "4840"}, {"part_name": "Front Windscreen Glass", "price_min": "2690", "price_max": "3290"}, {"part_name": "Side Mirrors", "price_min": "880", "price_max": "1070"}, {"part_name": "Front Strut", "price_min": "1300", "price_max": "1580"}, {"part_name": "Front Suspension Lower Arm", "price_min": "1230", "price_max": "1500"}, {"part_name": "Suspension Overhaul", "price_min": "2160", "price_max": "2640"}]}}, {"trim": "d bs6", "model_org_name": "GO", "ex_showroom_price": 399000, "body_type": "hatchback", "model": "go", "model_id": "4381", "fuel_type": "petrol", "make_id": "301", "trim_id": "584844", "make": "datsun", "trim_org_name": "D BS6", "data": {"code": "success", "data": {"fuel_type": "petrol", "body_type": "hatchback", "vehicle_image": "https://cdn1.acedms.com/uploads/category/datsun/20171219122954000000-4418736376525829633.jpg"}}}, {"trim": "d1", "model_org_name": "GO", "ex_showroom_price": 447000, "body_type": "hatchback", "model": "go", "model_id": "4381", "fuel_type": "petrol", "make_id": "301", "trim_id": "22271", "make": "datsun", "trim_org_name": "D1", "data": {"code": "success", "data": {"fuel_type": "petrol", "body_type": "hatchback", "vehicle_image": "https://cdn1.acedms.com/uploads/category/datsun/20171219122954000000-4418736376525829633.jpg"}, "prices_list": [{"part_name": "Wiper Blades", "price_min": "420", "price_max": "520"}, {"part_name": "Front Bumper", "price_min": "1480", "price_max": "1810"}, {"part_name": "Front Fender", "price_min": "1290", "price_max": "1580"}, {"part_name": "Bonnet", "price_min": "3260", "price_max": "3990"}, {"part_name": "Front Door", "price_min": "4820", "price_max": "5890"}, {"part_name": "Bootlid", "price_min": "3960", "price_max": "4840"}, {"part_name": "Front Windscreen Glass", "price_min": "2690", "price_max": "3290"}, {"part_name": "Side Mirrors", "price_min": "880", "price_max": "1070"}, {"part_name": "Front Strut", "price_min": "1300", "price_max": "1580"}, {"part_name": "Front Suspension Lower Arm", "price_min": "1230", "price_max": "1500"}, {"part_name": "Suspension Overhaul", "price_min": "2160", "price_max": "2640"}]}}, {"trim": "remix limited edition", "model_org_name": "GO", "ex_showroom_price": 426000, "body_type": "hatchback", "model": "go", "model_id": "4381", "fuel_type": "petrol", "make_id": "301", "trim_id": "517871", "make": "datsun", "trim_org_name": "REMIX LIMITED EDITION", "data": {"code": "success", "data": {"fuel_type": "petrol", "body_type": "hatchback", "vehicle_image": "https://cdn1.acedms.com/uploads/category/datsun/20171219122954000000-4418736376525829633.jpg"}, "prices_list": [{"part_name": "Wiper Blades", "price_min": "420", "price_max": "520"}, {"part_name": "Front Bumper", "price_min": "1480", "price_max": "1810"}, {"part_name": "Front Fender", "price_min": "1290", "price_max": "1580"}, {"part_name": "Bonnet", "price_min": "3260", "price_max": "3990"}, {"part_name": "Front Door", "price_min": "4820", "price_max": "5890"}, {"part_name": "Bootlid", "price_min": "3960", "price_max": "4840"}, {"part_name": "Front Windscreen Glass", "price_min": "2690", "price_max": "3290"}, {"part_name": "Side Mirrors", "price_min": "880", "price_max": "1070"}, {"part_name": "Front Strut", "price_min": "1300", "price_max": "1580"}, {"part_name": "Front Suspension Lower Arm", "price_min": "1230", "price_max": "1500"}, {"part_name": "Suspension Overhaul", "price_min": "2160", "price_max": "2640"}]}}, {"trim": "style edition", "model_org_name": "GO", "ex_showroom_price": 409974, "body_type": "hatchback", "model": "go", "model_id": "4381", "fuel_type": "petrol", "make_id": "301", "trim_id": "22281", "make": "datsun", "trim_org_name": "STYLE EDITION", "data": {"code": "success", "data": {"fuel_type": "petrol", "body_type": "hatchback", "vehicle_image": "https://cdn1.acedms.com/uploads/category/datsun/20171219122954000000-4418736376525829633.jpg"}, "prices_list": [{"part_name": "Wiper Blades", "price_min": "420", "price_max": "520"}, {"part_name": "Front Bumper", "price_min": "1480", "price_max": "1810"}, {"part_name": "Front Fender", "price_min": "1290", "price_max": "1580"}, {"part_name": "Bonnet", "price_min": "3260", "price_max": "3990"}, {"part_name": "Front Door", "price_min": "4820", "price_max": "5890"}, {"part_name": "Bootlid", "price_min": "3960", "price_max": "4840"}, {"part_name": "Front Windscreen Glass", "price_min": "2690", "price_max": "3290"}, {"part_name": "Side Mirrors", "price_min": "880", "price_max": "1070"}, {"part_name": "Front Strut", "price_min": "1300", "price_max": "1580"}, {"part_name": "Front Suspension Lower Arm", "price_min": "1230", "price_max": "1500"}, {"part_name": "Suspension Overhaul", "price_min": "2160", "price_max": "2640"}]}}, {"trim": "t", "model_org_name": "GO", "ex_showroom_price": 447000, "body_type": "hatchback", "model": "go", "model_id": "4381", "fuel_type": "petrol", "make_id": "301", "trim_id": "22261", "make": "datsun", "trim_org_name": "T", "data": {"code": "success", "data": {"fuel_type": "petrol", "body_type": "hatchback", "vehicle_image": "https://cdn1.acedms.com/uploads/category/datsun/20171219122954000000-4418736376525829633.jpg"}, "prices_list": [{"part_name": "Wiper Blades", "price_min": "420", "price_max": "520"}, {"part_name": "Front Bumper", "price_min": "1480", "price_max": "1810"}, {"part_name": "Front Fender", "price_min": "1290", "price_max": "1580"}, {"part_name": "Bonnet", "price_min": "3260", "price_max": "3990"}, {"part_name": "Front Door", "price_min": "4820", "price_max": "5890"}, {"part_name": "Bootlid", "price_min": "3960", "price_max": "4840"}, {"part_name": "Front Windscreen Glass", "price_min": "2690", "price_max": "3290"}, {"part_name": "Side Mirrors", "price_min": "880", "price_max": "1070"}, {"part_name": "Front Strut", "price_min": "1300", "price_max": "1580"}, {"part_name": "Front Suspension Lower Arm", "price_min": "1230", "price_max": "1500"}, {"part_name": "Suspension Overhaul", "price_min": "2160", "price_max": "2640"}]}}, {"trim": "t (o)", "model_org_name": "GO", "ex_showroom_price": 502492, "body_type": "hatchback", "model": "go", "model_id": "4381", "fuel_type": "petrol", "make_id": "301", "trim_id": "22301", "make": "datsun", "trim_org_name": "T (O)", "data": {"code": "success", "data": {"fuel_type": "petrol", "body_type": "hatchback", "vehicle_image": "https://cdn1.acedms.com/uploads/category/datsun/20171219122954000000-4418736376525829633.jpg"}, "prices_list": [{"part_name": "Wiper Blades", "price_min": "420", "price_max": "520"}, {"part_name": "Front Bumper", "price_min": "1480", "price_max": "1810"}, {"part_name": "Front Fender", "price_min": "1290", "price_max": "1580"}, {"part_name": "Bonnet", "price_min": "3260", "price_max": "3990"}, {"part_name": "Front Door", "price_min": "4820", "price_max": "5890"}, {"part_name": "Bootlid", "price_min": "3960", "price_max": "4840"}, {"part_name": "Front Windscreen Glass", "price_min": "2690", "price_max": "3290"}, {"part_name": "Side Mirrors", "price_min": "880", "price_max": "1070"}, {"part_name": "Front Strut", "price_min": "1300", "price_max": "1580"}, {"part_name": "Front Suspension Lower Arm", "price_min": "1230", "price_max": "1500"}, {"part_name": "Suspension Overhaul", "price_min": "2160", "price_max": "2640"}]}}, {"trim": "t (o) bs6", "model_org_name": "GO", "ex_showroom_price": 590000, "body_type": "hatchback", "model": "go", "model_id": "4381", "fuel_type": "petrol", "make_id": "301", "trim_id": "584848", "make": "datsun", "trim_org_name": "T (O) BS6", "data": {"code": "success", "data": {"fuel_type": "petrol", "body_type": "hatchback", "vehicle_image": "https://cdn1.acedms.com/uploads/category/datsun/20171219122954000000-4418736376525829633.jpg"}}}, {"trim": "t (o) cvt", "model_org_name": "GO", "ex_showroom_price": 618015, "body_type": "hatchback", "model": "go", "model_id": "4381", "fuel_type": "petrol", "make_id": "301", "trim_id": "575781", "make": "datsun", "trim_org_name": "T (O) CVT", "data": {"code": "success", "data": {"fuel_type": "petrol", "body_type": "hatchback", "vehicle_image": "https://cdn1.acedms.com/uploads/category/datsun/20171219122954000000-4418736376525829633.jpg"}}}, {"trim": "t (o) cvt bs6", "model_org_name": "GO", "ex_showroom_price": 645000, "body_type": "hatchback", "model": "go", "model_id": "4381", "fuel_type": "petrol", "make_id": "301", "trim_id": "584850", "make": "datsun", "trim_org_name": "T (O) CVT BS6", "data": {"code": "success", "data": {"fuel_type": "petrol", "body_type": "hatchback", "vehicle_image": "https://cdn1.acedms.com/uploads/category/datsun/20171219122954000000-4418736376525829633.jpg"}}}, {"trim": "t (o) w/vdc", "model_org_name": "GO", "ex_showroom_price": 553015, "body_type": "hatchback", "model": "go", "model_id": "4381", "fuel_type": "petrol", "make_id": "301", "trim_id": "575761", "make": "datsun", "trim_org_name": "T (O) W/VDC", "data": {"code": "success", "data": {"fuel_type": "petrol", "body_type": "hatchback", "vehicle_image": "https://cdn1.acedms.com/uploads/category/datsun/20171219122954000000-4418736376525829633.jpg"}}}, {"trim": "t bs6", "model_org_name": "GO", "ex_showroom_price": 570000, "body_type": "hatchback", "model": "go", "model_id": "4381", "fuel_type": "petrol", "make_id": "301", "trim_id": "584847", "make": "datsun", "trim_org_name": "T BS6", "data": {"code": "success", "data": {"fuel_type": "petrol", "body_type": "hatchback", "vehicle_image": "https://cdn1.acedms.com/uploads/category/datsun/20171219122954000000-4418736376525829633.jpg"}}}, {"trim": "t cvt", "model_org_name": "GO", "ex_showroom_price": 594464, "body_type": "hatchback", "model": "go", "model_id": "4381", "fuel_type": "petrol", "make_id": "301", "trim_id": "575771", "make": "datsun", "trim_org_name": "T CVT", "data": {"code": "success", "data": {"fuel_type": "petrol", "body_type": "hatchback", "vehicle_image": "https://cdn1.acedms.com/uploads/category/datsun/20171219122954000000-4418736376525829633.jpg"}}}, {"trim": "t cvt bs6", "model_org_name": "GO", "ex_showroom_price": 625000, "body_type": "hatchback", "model": "go", "model_id": "4381", "fuel_type": "petrol", "make_id": "301", "trim_id": "584849", "make": "datsun", "trim_org_name": "T CVT BS6", "data": {"code": "success", "data": {"fuel_type": "petrol", "body_type": "hatchback", "vehicle_image": "https://cdn1.acedms.com/uploads/category/datsun/20171219122954000000-4418736376525829633.jpg"}}}, {"trim": "t w/vdc", "model_org_name": "GO", "ex_showroom_price": 528464, "body_type": "hatchback", "model": "go", "model_id": "4381", "fuel_type": "petrol", "make_id": "301", "trim_id": "575751", "make": "datsun", "trim_org_name": "T W/VDC", "data": {"code": "success", "data": {"fuel_type": "petrol", "body_type": "hatchback", "vehicle_image": "https://cdn1.acedms.com/uploads/category/datsun/20171219122954000000-4418736376525829633.jpg"}}}]}, {"model_org_name": "Go Plus", "ex_showroom_price": 689990, "body_type": "muv", "model": "go plus", "model_id": "4371", "make_id": "301", "make": "datsun", "trim_list": [{"trim": "a", "model_org_name": "Go Plus", "ex_showroom_price": 382000, "body_type": "muv", "model": "go plus", "model_id": "4371", "fuel_type": "petrol", "make_id": "301", "trim_id": "202181", "make": "datsun", "trim_org_name": "A", "data": {"code": "success", "data": {"fuel_type": "petrol", "body_type": "muv", "vehicle_image": "https://cdn1.acedms.com/uploads/category/datsun/20180117120037000000-4265507243162444289.png"}, "prices_list": [{"part_name": "Wiper Blades", "price_min": "550", "price_max": "670"}, {"part_name": "Front Bumper", "price_min": "2830", "price_max": "3460"}, {"part_name": "Front Fender", "price_min": "2040", "price_max": "2500"}, {"part_name": "Bonnet", "price_min": "6760", "price_max": "8260"}, {"part_name": "Front Door", "price_min": "7800", "price_max": "9530"}, {"part_name": "Bootlid", "price_min": "8160", "price_max": "9980"}, {"part_name": "Front Windscreen Glass", "price_min": "3450", "price_max": "4210"}, {"part_name": "Side Mirrors", "price_min": "1530", "price_max": "1870"}, {"part_name": "Front Strut", "price_min": "2000", "price_max": "2450"}, {"part_name": "Front Suspension Lower Arm", "price_min": "2160", "price_max": "2640"}, {"part_name": "Suspension Overhaul", "price_min": "2880", "price_max": "3520"}]}}, {"trim": "a (o)", "model_org_name": "Go Plus", "ex_showroom_price": 581000, "body_type": "muv", "model": "go plus", "model_id": "4371", "fuel_type": "petrol", "make_id": "301", "trim_id": "540041", "make": "datsun", "trim_org_name": "A (O)", "data": {"code": "success", "data": {"fuel_type": "petrol", "body_type": "muv", "vehicle_image": "https://cdn1.acedms.com/uploads/category/datsun/20180117120037000000-4265507243162444289.png"}}}, {"trim": "a (o) bs6", "model_org_name": "Go Plus", "ex_showroom_price": 565990, "body_type": "muv", "model": "go plus", "model_id": "4371", "fuel_type": "petrol", "make_id": "301", "trim_id": "584839", "make": "datsun", "trim_org_name": "A (O) BS6", "data": {"code": "success", "data": {"fuel_type": "petrol", "body_type": "muv", "vehicle_image": "https://cdn1.acedms.com/uploads/category/datsun/20180117120037000000-4265507243162444289.png"}}}, {"trim": "a bs6", "model_org_name": "Go Plus", "ex_showroom_price": 509990, "body_type": "muv", "model": "go plus", "model_id": "4371", "fuel_type": "petrol", "make_id": "301", "trim_id": "584838", "make": "datsun", "trim_org_name": "A BS6", "data": {"code": "success", "data": {"fuel_type": "petrol", "body_type": "muv", "vehicle_image": "https://cdn1.acedms.com/uploads/category/datsun/20180117120037000000-4265507243162444289.png"}}}, {"trim": "a eps", "model_org_name": "Go Plus", "ex_showroom_price": 382000, "body_type": "muv", "model": "go plus", "model_id": "4371", "fuel_type": "petrol", "make_id": "301", "trim_id": "202241", "make": "datsun", "trim_org_name": "A EPS", "data": {"code": "success", "data": {"fuel_type": "petrol", "body_type": "muv", "vehicle_image": "https://cdn1.acedms.com/uploads/category/datsun/20180117120037000000-4265507243162444289.png"}, "prices_list": [{"part_name": "Wiper Blades", "price_min": "550", "price_max": "670"}, {"part_name": "Front Bumper", "price_min": "2830", "price_max": "3460"}, {"part_name": "Front Fender", "price_min": "2040", "price_max": "2500"}, {"part_name": "Bonnet", "price_min": "6760", "price_max": "8260"}, {"part_name": "Front Door", "price_min": "7800", "price_max": "9530"}, {"part_name": "Bootlid", "price_min": "8160", "price_max": "9980"}, {"part_name": "Front Windscreen Glass", "price_min": "3450", "price_max": "4210"}, {"part_name": "Side Mirrors", "price_min": "1530", "price_max": "1870"}, {"part_name": "Front Strut", "price_min": "2000", "price_max": "2450"}, {"part_name": "Front Suspension Lower Arm", "price_min": "2160", "price_max": "2640"}, {"part_name": "Suspension Overhaul", "price_min": "2880", "price_max": "3520"}]}}, {"trim": "active multijet", "model_org_name": "Go Plus", "ex_showroom_price": 387400, "body_type": "muv", "model": "go plus", "model_id": "4371", "fuel_type": "petrol", "make_id": "301", "trim_id": "202211", "make": "datsun", "trim_org_name": "ACTIVE MULTIJET", "data": {"code": "success", "data": {"fuel_type": "petrol", "body_type": "muv", "vehicle_image": "https://cdn1.acedms.com/uploads/category/datsun/20180117120037000000-4265507243162444289.png"}, "prices_list": [{"part_name": "Wiper Blades", "price_min": "550", "price_max": "670"}, {"part_name": "Front Bumper", "price_min": "2830", "price_max": "3460"}, {"part_name": "Front Fender", "price_min": "2040", "price_max": "2500"}, {"part_name": "Bonnet", "price_min": "6760", "price_max": "8260"}, {"part_name": "Front Door", "price_min": "7800", "price_max": "9530"}, {"part_name": "Bootlid", "price_min": "8160", "price_max": "9980"}, {"part_name": "Front Windscreen Glass", "price_min": "3450", "price_max": "4210"}, {"part_name": "Side Mirrors", "price_min": "1530", "price_max": "1870"}, {"part_name": "Front Strut", "price_min": "2000", "price_max": "2450"}, {"part_name": "Front Suspension Lower Arm", "price_min": "2160", "price_max": "2640"}, {"part_name": "Suspension Overhaul", "price_min": "2880", "price_max": "3520"}]}}, {"trim": "anniversary edition", "model_org_name": "Go Plus", "ex_showroom_price": 475552, "body_type": "muv", "model": "go plus", "model_id": "4371", "fuel_type": "petrol", "make_id": "301", "trim_id": "492611", "make": "datsun", "trim_org_name": "ANNIVERSARY EDITION", "data": {"code": "success", "data": {"fuel_type": "petrol", "body_type": "muv", "vehicle_image": "https://cdn1.acedms.com/uploads/category/datsun/20180117120037000000-4265507243162444289.png"}, "prices_list": [{"part_name": "Wiper Blades", "price_min": "550", "price_max": "670"}, {"part_name": "Front Bumper", "price_min": "2830", "price_max": "3460"}, {"part_name": "Front Fender", "price_min": "2040", "price_max": "2500"}, {"part_name": "Bonnet", "price_min": "6760", "price_max": "8260"}, {"part_name": "Front Door", "price_min": "7800", "price_max": "9530"}, {"part_name": "Bootlid", "price_min": "8160", "price_max": "9980"}, {"part_name": "Front Windscreen Glass", "price_min": "3450", "price_max": "4210"}, {"part_name": "Side Mirrors", "price_min": "1530", "price_max": "1870"}, {"part_name": "Front Strut", "price_min": "2000", "price_max": "2450"}, {"part_name": "Front Suspension Lower Arm", "price_min": "2160", "price_max": "2640"}, {"part_name": "Suspension Overhaul", "price_min": "2880", "price_max": "3520"}]}}, {"trim": "d", "model_org_name": "Go Plus", "ex_showroom_price": 382000, "body_type": "muv", "model": "go plus", "model_id": "4371", "fuel_type": "petrol", "make_id": "301", "trim_id": "202221", "make": "datsun", "trim_org_name": "D", "data": {"code": "success", "data": {"fuel_type": "petrol", "body_type": "muv", "vehicle_image": "https://cdn1.acedms.com/uploads/category/datsun/20180117120037000000-4265507243162444289.png"}, "prices_list": [{"part_name": "Wiper Blades", "price_min": "550", "price_max": "670"}, {"part_name": "Front Bumper", "price_min": "2830", "price_max": "3460"}, {"part_name": "Front Fender", "price_min": "2040", "price_max": "2500"}, {"part_name": "Bonnet", "price_min": "6760", "price_max": "8260"}, {"part_name": "Front Door", "price_min": "7800", "price_max": "9530"}, {"part_name": "Bootlid", "price_min": "8160", "price_max": "9980"}, {"part_name": "Front Windscreen Glass", "price_min": "3450", "price_max": "4210"}, {"part_name": "Side Mirrors", "price_min": "1530", "price_max": "1870"}, {"part_name": "Front Strut", "price_min": "2000", "price_max": "2450"}, {"part_name": "Front Suspension Lower Arm", "price_min": "2160", "price_max": "2640"}, {"part_name": "Suspension Overhaul", "price_min": "2880", "price_max": "3520"}]}}, {"trim": "d bs6", "model_org_name": "Go Plus", "ex_showroom_price": 419990, "body_type": "muv", "model": "go plus", "model_id": "4371", "fuel_type": "petrol", "make_id": "301", "trim_id": "584837", "make": "datsun", "trim_org_name": "D BS6", "data": {"code": "success", "data": {"fuel_type": "petrol", "body_type": "muv", "vehicle_image": "https://cdn1.acedms.com/uploads/category/datsun/20180117120037000000-4265507243162444289.png"}}}, {"trim": "d1", "model_org_name": "Go Plus", "ex_showroom_price": 382000, "body_type": "muv", "model": "go plus", "model_id": "4371", "fuel_type": "petrol", "make_id": "301", "trim_id": "202191", "make": "datsun", "trim_org_name": "D1", "data": {"code": "success", "data": {"fuel_type": "petrol", "body_type": "muv", "vehicle_image": "https://cdn1.acedms.com/uploads/category/datsun/20180117120037000000-4265507243162444289.png"}, "prices_list": [{"part_name": "Wiper Blades", "price_min": "550", "price_max": "670"}, {"part_name": "Front Bumper", "price_min": "2830", "price_max": "3460"}, {"part_name": "Front Fender", "price_min": "2040", "price_max": "2500"}, {"part_name": "Bonnet", "price_min": "6760", "price_max": "8260"}, {"part_name": "Front Door", "price_min": "7800", "price_max": "9530"}, {"part_name": "Bootlid", "price_min": "8160", "price_max": "9980"}, {"part_name": "Front Windscreen Glass", "price_min": "3450", "price_max": "4210"}, {"part_name": "Side Mirrors", "price_min": "1530", "price_max": "1870"}, {"part_name": "Front Strut", "price_min": "2000", "price_max": "2450"}, {"part_name": "Front Suspension Lower Arm", "price_min": "2160", "price_max": "2640"}, {"part_name": "Suspension Overhaul", "price_min": "2880", "price_max": "3520"}]}}, {"trim": "remix limited edition", "model_org_name": "Go Plus", "ex_showroom_price": 504000, "body_type": "muv", "model": "go plus", "model_id": "4371", "fuel_type": "petrol", "make_id": "301", "trim_id": "517861", "make": "datsun", "trim_org_name": "REMIX LIMITED EDITION", "data": {"code": "success", "data": {"fuel_type": "petrol", "body_type": "muv", "vehicle_image": "https://cdn1.acedms.com/uploads/category/datsun/20180117120037000000-4265507243162444289.png"}, "prices_list": [{"part_name": "Wiper Blades", "price_min": "550", "price_max": "670"}, {"part_name": "Front Bumper", "price_min": "2830", "price_max": "3460"}, {"part_name": "Front Fender", "price_min": "2040", "price_max": "2500"}, {"part_name": "Bonnet", "price_min": "6760", "price_max": "8260"}, {"part_name": "Front Door", "price_min": "7800", "price_max": "9530"}, {"part_name": "Bootlid", "price_min": "8160", "price_max": "9980"}, {"part_name": "Front Windscreen Glass", "price_min": "3450", "price_max": "4210"}, {"part_name": "Side Mirrors", "price_min": "1530", "price_max": "1870"}, {"part_name": "Front Strut", "price_min": "2000", "price_max": "2450"}, {"part_name": "Front Suspension Lower Arm", "price_min": "2160", "price_max": "2640"}, {"part_name": "Suspension Overhaul", "price_min": "2880", "price_max": "3520"}]}}, {"trim": "style edition", "model_org_name": "Go Plus", "ex_showroom_price": 480552, "body_type": "muv", "model": "go plus", "model_id": "4371", "fuel_type": "petrol", "make_id": "301", "trim_id": "202251", "make": "datsun", "trim_org_name": "STYLE EDITION", "data": {"code": "success", "data": {"fuel_type": "petrol", "body_type": "muv", "vehicle_image": "https://cdn1.acedms.com/uploads/category/datsun/20180117120037000000-4265507243162444289.png"}, "prices_list": [{"part_name": "Wiper Blades", "price_min": "550", "price_max": "670"}, {"part_name": "Front Bumper", "price_min": "2830", "price_max": "3460"}, {"part_name": "Front Fender", "price_min": "2040", "price_max": "2500"}, {"part_name": "Bonnet", "price_min": "6760", "price_max": "8260"}, {"part_name": "Front Door", "price_min": "7800", "price_max": "9530"}, {"part_name": "Bootlid", "price_min": "8160", "price_max": "9980"}, {"part_name": "Front Windscreen Glass", "price_min": "3450", "price_max": "4210"}, {"part_name": "Side Mirrors", "price_min": "1530", "price_max": "1870"}, {"part_name": "Front Strut", "price_min": "2000", "price_max": "2450"}, {"part_name": "Front Suspension Lower Arm", "price_min": "2160", "price_max": "2640"}, {"part_name": "Suspension Overhaul", "price_min": "2880", "price_max": "3520"}]}}, {"trim": "t", "model_org_name": "Go Plus", "ex_showroom_price": 382000, "body_type": "muv", "model": "go plus", "model_id": "4371", "fuel_type": "petrol", "make_id": "301", "trim_id": "202201", "make": "datsun", "trim_org_name": "T", "data": {"code": "success", "data": {"fuel_type": "petrol", "body_type": "muv", "vehicle_image": "https://cdn1.acedms.com/uploads/category/datsun/20180117120037000000-4265507243162444289.png"}, "prices_list": [{"part_name": "Wiper Blades", "price_min": "550", "price_max": "670"}, {"part_name": "Front Bumper", "price_min": "2830", "price_max": "3460"}, {"part_name": "Front Fender", "price_min": "2040", "price_max": "2500"}, {"part_name": "Bonnet", "price_min": "6760", "price_max": "8260"}, {"part_name": "Front Door", "price_min": "7800", "price_max": "9530"}, {"part_name": "Bootlid", "price_min": "8160", "price_max": "9980"}, {"part_name": "Front Windscreen Glass", "price_min": "3450", "price_max": "4210"}, {"part_name": "Side Mirrors", "price_min": "1530", "price_max": "1870"}, {"part_name": "Front Strut", "price_min": "2000", "price_max": "2450"}, {"part_name": "Front Suspension Lower Arm", "price_min": "2160", "price_max": "2640"}, {"part_name": "Suspension Overhaul", "price_min": "2880", "price_max": "3520"}]}}, {"trim": "t (o)", "model_org_name": "Go Plus", "ex_showroom_price": 382000, "body_type": "muv", "model": "go plus", "model_id": "4371", "fuel_type": "petrol", "make_id": "301", "trim_id": "202261", "make": "datsun", "trim_org_name": "T (O)", "data": {"code": "success", "data": {"fuel_type": "petrol", "body_type": "muv", "vehicle_image": "https://cdn1.acedms.com/uploads/category/datsun/20180117120037000000-4265507243162444289.png"}, "prices_list": [{"part_name": "Wiper Blades", "price_min": "550", "price_max": "670"}, {"part_name": "Front Bumper", "price_min": "2830", "price_max": "3460"}, {"part_name": "Front Fender", "price_min": "2040", "price_max": "2500"}, {"part_name": "Bonnet", "price_min": "6760", "price_max": "8260"}, {"part_name": "Front Door", "price_min": "7800", "price_max": "9530"}, {"part_name": "Bootlid", "price_min": "8160", "price_max": "9980"}, {"part_name": "Front Windscreen Glass", "price_min": "3450", "price_max": "4210"}, {"part_name": "Side Mirrors", "price_min": "1530", "price_max": "1870"}, {"part_name": "Front Strut", "price_min": "2000", "price_max": "2450"}, {"part_name": "Front Suspension Lower Arm", "price_min": "2160", "price_max": "2640"}, {"part_name": "Suspension Overhaul", "price_min": "2880", "price_max": "3520"}]}}, {"trim": "t (o) bs6", "model_org_name": "Go Plus", "ex_showroom_price": 625990, "body_type": "muv", "model": "go plus", "model_id": "4371", "fuel_type": "petrol", "make_id": "301", "trim_id": "584841", "make": "datsun", "trim_org_name": "T (O) BS6", "data": {"code": "success", "data": {"fuel_type": "petrol", "body_type": "muv", "vehicle_image": "https://cdn1.acedms.com/uploads/category/datsun/20180117120037000000-4265507243162444289.png"}}}, {"trim": "t (o) cvt bs6", "model_org_name": "Go Plus", "ex_showroom_price": 689990, "body_type": "muv", "model": "go plus", "model_id": "4371", "fuel_type": "petrol", "make_id": "301", "trim_id": "584843", "make": "datsun", "trim_org_name": "T (O) CVT BS6", "data": {"code": "success", "data": {"fuel_type": "petrol", "body_type": "muv", "vehicle_image": "https://cdn1.acedms.com/uploads/category/datsun/20180117120037000000-4265507243162444289.png"}}}, {"trim": "t (o) w/vdc", "model_org_name": "Go Plus", "ex_showroom_price": 615153, "body_type": "muv", "model": "go plus", "model_id": "4371", "fuel_type": "petrol", "make_id": "301", "trim_id": "581671", "make": "datsun", "trim_org_name": "T (O) W/VDC", "data": {"code": "success", "data": {"fuel_type": "petrol", "body_type": "muv", "vehicle_image": "https://cdn1.acedms.com/uploads/category/datsun/20180117120037000000-4265507243162444289.png"}}}, {"trim": "t bs6", "model_org_name": "Go Plus", "ex_showroom_price": 599990, "body_type": "muv", "model": "go plus", "model_id": "4371", "fuel_type": "petrol", "make_id": "301", "trim_id": "584840", "make": "datsun", "trim_org_name": "T BS6", "data": {"code": "success", "data": {"fuel_type": "petrol", "body_type": "muv", "vehicle_image": "https://cdn1.acedms.com/uploads/category/datsun/20180117120037000000-4265507243162444289.png"}}}, {"trim": "t cvt", "model_org_name": "Go Plus", "ex_showroom_price": 658361, "body_type": "muv", "model": "go plus", "model_id": "4371", "fuel_type": "petrol", "make_id": "301", "trim_id": "581681", "make": "datsun", "trim_org_name": "T CVT", "data": {"code": "success", "data": {"fuel_type": "petrol", "body_type": "muv", "vehicle_image": "https://cdn1.acedms.com/uploads/category/datsun/20180117120037000000-4265507243162444289.png"}}}, {"trim": "t cvt bs6", "model_org_name": "Go Plus", "ex_showroom_price": 669990, "body_type": "muv", "model": "go plus", "model_id": "4371", "fuel_type": "petrol", "make_id": "301", "trim_id": "584842", "make": "datsun", "trim_org_name": "T CVT BS6", "data": {"code": "success", "data": {"fuel_type": "petrol", "body_type": "muv", "vehicle_image": "https://cdn1.acedms.com/uploads/category/datsun/20180117120037000000-4265507243162444289.png"}}}, {"trim": "t w/vdc", "model_org_name": "Go Plus", "ex_showroom_price": 593361, "body_type": "hatchback", "model": "go plus", "model_id": "4371", "fuel_type": "petrol", "make_id": "301", "trim_id": "536191", "make": "datsun", "trim_org_name": "T W/VDC", "data": {"code": "success", "data": {"fuel_type": "petrol", "body_type": "hatchback", "vehicle_image": "https://cdn1.acedms.com/uploads/category/datsun/20180117120037000000-4265507243162444289.png"}}}, {"trim": "t(o) cvt", "model_org_name": "Go Plus", "ex_showroom_price": 680153, "body_type": "muv", "model": "go plus", "model_id": "4371", "fuel_type": "petrol", "make_id": "301", "trim_id": "581691", "make": "datsun", "trim_org_name": "T(O) CVT", "data": {"code": "success", "data": {"fuel_type": "petrol", "body_type": "muv", "vehicle_image": "https://cdn1.acedms.com/uploads/category/datsun/20180117120037000000-4265507243162444289.png"}}}]}, {"model_org_name": "Redi-GO", "ex_showroom_price": 375500, "body_type": "hatchback", "model": "redi-go", "model_id": "4391", "make_id": "301", "make": "datsun", "trim_list": [{"trim": "1.0 s", "model_org_name": "Redi-GO", "ex_showroom_price": 390000, "body_type": "hatchback", "model": "redi-go", "model_id": "4391", "fuel_type": "petrol", "make_id": "301", "trim_id": "515741", "make": "datsun", "trim_org_name": "1.0 S", "data": {"code": "success", "data": {"fuel_type": "petrol", "body_type": "hatchback", "vehicle_image": "https://cdn1.acedms.com/uploads/category/datsun/20171219123406000000-3532871257707373569.jpg"}, "prices_list": [{"part_name": "Wiper Blades", "price_min": "420", "price_max": "520"}, {"part_name": "Front Bumper", "price_min": "1480", "price_max": "1810"}, {"part_name": "Front Fender", "price_min": "1290", "price_max": "1580"}, {"part_name": "Bonnet", "price_min": "3260", "price_max": "3990"}, {"part_name": "Front Door", "price_min": "4820", "price_max": "5890"}, {"part_name": "Bootlid", "price_min": "3960", "price_max": "4840"}, {"part_name": "Front Windscreen Glass", "price_min": "2690", "price_max": "3290"}, {"part_name": "Side Mirrors", "price_min": "880", "price_max": "1070"}, {"part_name": "Front Strut", "price_min": "1300", "price_max": "1580"}, {"part_name": "Front Suspension Lower Arm", "price_min": "1230", "price_max": "1500"}, {"part_name": "Suspension Overhaul", "price_min": "2160", "price_max": "2640"}]}}, {"trim": "1.0 s amt", "model_org_name": "Redi-GO", "ex_showroom_price": 437065, "body_type": "hatchback", "model": "redi-go", "model_id": "4391", "fuel_type": "petrol", "make_id": "301", "trim_id": "520101", "make": "datsun", "trim_org_name": "1.0 S AMT", "data": {"code": "success", "data": {"fuel_type": "petrol", "body_type": "hatchback", "vehicle_image": "https://cdn1.acedms.com/uploads/category/datsun/20171219123406000000-3532871257707373569.jpg"}}}, {"trim": "1.0 t (o)", "model_org_name": "Redi-GO", "ex_showroom_price": 375500, "body_type": "hatchback", "model": "redi-go", "model_id": "4391", "fuel_type": "petrol", "make_id": "301", "trim_id": "515731", "make": "datsun", "trim_org_name": "1.0 T (O)", "data": {"code": "success", "data": {"fuel_type": "petrol", "body_type": "hatchback", "vehicle_image": "https://cdn1.acedms.com/uploads/category/datsun/20171219123406000000-3532871257707373569.jpg"}, "prices_list": [{"part_name": "Wiper Blades", "price_min": "420", "price_max": "520"}, {"part_name": "Front Bumper", "price_min": "1480", "price_max": "1810"}, {"part_name": "Front Fender", "price_min": "1290", "price_max": "1580"}, {"part_name": "Bonnet", "price_min": "3260", "price_max": "3990"}, {"part_name": "Front Door", "price_min": "4820", "price_max": "5890"}, {"part_name": "Bootlid", "price_min": "3960", "price_max": "4840"}, {"part_name": "Front Windscreen Glass", "price_min": "2690", "price_max": "3290"}, {"part_name": "Side Mirrors", "price_min": "880", "price_max": "1070"}, {"part_name": "Front Strut", "price_min": "1300", "price_max": "1580"}, {"part_name": "Front Suspension Lower Arm", "price_min": "1230", "price_max": "1500"}, {"part_name": "Suspension Overhaul", "price_min": "2160", "price_max": "2640"}]}}, {"trim": "1.0 t (o) amt", "model_org_name": "Redi-GO", "ex_showroom_price": 407378, "body_type": "hatchback", "model": "redi-go", "model_id": "4391", "fuel_type": "petrol", "make_id": "301", "trim_id": "520091", "make": "datsun", "trim_org_name": "1.0 T (O) AMT", "data": {"code": "success", "data": {"fuel_type": "petrol", "body_type": "hatchback", "vehicle_image": "https://cdn1.acedms.com/uploads/category/datsun/20171219123406000000-3532871257707373569.jpg"}}}, {"trim": "1.0 t (o) amt bs6", "model_org_name": "Redi-GO", "ex_showroom_price": 477000, "body_type": "hatchback", "model": "redi-go", "model_id": "4391", "fuel_type": "petrol", "make_id": "301", "trim_id": "584828", "make": "datsun", "trim_org_name": "1.0 T (O) AMT BS6", "data": {"code": "success", "data": {"fuel_type": "petrol", "body_type": "hatchback", "vehicle_image": "https://cdn1.acedms.com/uploads/category/datsun/20171219123406000000-3532871257707373569.jpg"}}}, {"trim": "1.0 t (o) bs6", "model_org_name": "Redi-GO", "ex_showroom_price": 444000, "body_type": "hatchback", "model": "redi-go", "model_id": "4391", "fuel_type": "petrol", "make_id": "301", "trim_id": "584827", "make": "datsun", "trim_org_name": "1.0 T (O) BS6", "data": {"code": "success", "data": {"fuel_type": "petrol", "body_type": "hatchback", "vehicle_image": "https://cdn1.acedms.com/uploads/category/datsun/20171219123406000000-3532871257707373569.jpg"}}}, {"trim": "a", "model_org_name": "Redi-GO", "ex_showroom_price": 333419, "body_type": "hatchback", "model": "redi-go", "model_id": "4391", "fuel_type": "petrol", "make_id": "301", "trim_id": "235511", "make": "datsun", "trim_org_name": "A", "data": {"code": "success", "data": {"fuel_type": "petrol", "body_type": "hatchback", "vehicle_image": "https://cdn1.acedms.com/uploads/category/datsun/20171219123406000000-3532871257707373569.jpg"}, "prices_list": [{"part_name": "Wiper Blades", "price_min": "420", "price_max": "520"}, {"part_name": "Front Bumper", "price_min": "1480", "price_max": "1810"}, {"part_name": "Front Fender", "price_min": "1290", "price_max": "1580"}, {"part_name": "Bonnet", "price_min": "3260", "price_max": "3990"}, {"part_name": "Front Door", "price_min": "4820", "price_max": "5890"}, {"part_name": "Bootlid", "price_min": "3960", "price_max": "4840"}, {"part_name": "Front Windscreen Glass", "price_min": "2690", "price_max": "3290"}, {"part_name": "Side Mirrors", "price_min": "880", "price_max": "1070"}, {"part_name": "Front Strut", "price_min": "1300", "price_max": "1580"}, {"part_name": "Front Suspension Lower Arm", "price_min": "1230", "price_max": "1500"}, {"part_name": "Suspension Overhaul", "price_min": "2160", "price_max": "2640"}]}}, {"trim": "a bs6", "model_org_name": "Redi-GO", "ex_showroom_price": 358000, "body_type": "hatchback", "model": "redi-go", "model_id": "4391", "fuel_type": "petrol", "make_id": "301", "trim_id": "584824", "make": "datsun", "trim_org_name": "A BS6", "data": {"code": "success", "data": {"fuel_type": "petrol", "body_type": "hatchback", "vehicle_image": "https://cdn1.acedms.com/uploads/category/datsun/20171219123406000000-3532871257707373569.jpg"}}}, {"trim": "d", "model_org_name": "Redi-GO", "ex_showroom_price": 279650, "body_type": "hatchback", "model": "redi-go", "model_id": "4391", "fuel_type": "petrol", "make_id": "301", "trim_id": "235501", "make": "datsun", "trim_org_name": "D", "data": {"code": "success", "data": {"fuel_type": "petrol", "body_type": "hatchback", "vehicle_image": "https://cdn1.acedms.com/uploads/category/datsun/20171219123406000000-3532871257707373569.jpg"}, "prices_list": [{"part_name": "Wiper Blades", "price_min": "420", "price_max": "520"}, {"part_name": "Front Bumper", "price_min": "1480", "price_max": "1810"}, {"part_name": "Front Fender", "price_min": "1290", "price_max": "1580"}, {"part_name": "Bonnet", "price_min": "3260", "price_max": "3990"}, {"part_name": "Front Door", "price_min": "4820", "price_max": "5890"}, {"part_name": "Bootlid", "price_min": "3960", "price_max": "4840"}, {"part_name": "Front Windscreen Glass", "price_min": "2690", "price_max": "3290"}, {"part_name": "Side Mirrors", "price_min": "880", "price_max": "1070"}, {"part_name": "Front Strut", "price_min": "1300", "price_max": "1580"}, {"part_name": "Front Suspension Lower Arm", "price_min": "1230", "price_max": "1500"}, {"part_name": "Suspension Overhaul", "price_min": "2160", "price_max": "2640"}]}}, {"trim": "d bs6", "model_org_name": "Redi-GO", "ex_showroom_price": 283000, "body_type": "hatchback", "model": "redi-go", "model_id": "4391", "fuel_type": "petrol", "make_id": "301", "trim_id": "584823", "make": "datsun", "trim_org_name": "D BS6", "data": {"code": "success", "data": {"fuel_type": "petrol", "body_type": "hatchback", "vehicle_image": "https://cdn1.acedms.com/uploads/category/datsun/20171219123406000000-3532871257707373569.jpg"}}}, {"trim": "gold limited edition", "model_org_name": "Redi-GO", "ex_showroom_price": 374737, "body_type": "hatchback", "model": "redi-go", "model_id": "4391", "fuel_type": "petrol", "make_id": "301", "trim_id": "515751", "make": "datsun", "trim_org_name": "GOLD LIMITED EDITION", "data": {"code": "success", "data": {"fuel_type": "petrol", "body_type": "hatchback", "vehicle_image": "https://cdn1.acedms.com/uploads/category/datsun/20171219123406000000-3532871257707373569.jpg"}, "prices_list": [{"part_name": "Wiper Blades", "price_min": "420", "price_max": "520"}, {"part_name": "Front Bumper", "price_min": "1480", "price_max": "1810"}, {"part_name": "Front Fender", "price_min": "1290", "price_max": "1580"}, {"part_name": "Bonnet", "price_min": "3260", "price_max": "3990"}, {"part_name": "Front Door", "price_min": "4820", "price_max": "5890"}, {"part_name": "Bootlid", "price_min": "3960", "price_max": "4840"}, {"part_name": "Front Windscreen Glass", "price_min": "2690", "price_max": "3290"}, {"part_name": "Side Mirrors", "price_min": "880", "price_max": "1070"}, {"part_name": "Front Strut", "price_min": "1300", "price_max": "1580"}, {"part_name": "Front Suspension Lower Arm", "price_min": "1230", "price_max": "1500"}, {"part_name": "Suspension Overhaul", "price_min": "2160", "price_max": "2640"}]}}, {"trim": "s", "model_org_name": "Redi-GO", "ex_showroom_price": 362000, "body_type": "hatchback", "model": "redi-go", "model_id": "4391", "fuel_type": "petrol", "make_id": "301", "trim_id": "235541", "make": "datsun", "trim_org_name": "S", "data": {"code": "success", "data": {"fuel_type": "petrol", "body_type": "hatchback", "vehicle_image": "https://cdn1.acedms.com/uploads/category/datsun/20171219123406000000-3532871257707373569.jpg"}, "prices_list": [{"part_name": "Wiper Blades", "price_min": "420", "price_max": "520"}, {"part_name": "Front Bumper", "price_min": "1480", "price_max": "1810"}, {"part_name": "Front Fender", "price_min": "1290", "price_max": "1580"}, {"part_name": "Bonnet", "price_min": "3260", "price_max": "3990"}, {"part_name": "Front Door", "price_min": "4820", "price_max": "5890"}, {"part_name": "Bootlid", "price_min": "3960", "price_max": "4840"}, {"part_name": "Front Windscreen Glass", "price_min": "2690", "price_max": "3290"}, {"part_name": "Side Mirrors", "price_min": "880", "price_max": "1070"}, {"part_name": "Front Strut", "price_min": "1300", "price_max": "1580"}, {"part_name": "Front Suspension Lower Arm", "price_min": "1230", "price_max": "1500"}, {"part_name": "Suspension Overhaul", "price_min": "2160", "price_max": "2640"}]}}, {"trim": "sport", "model_org_name": "Redi-GO", "ex_showroom_price": 352479, "body_type": "hatchback", "model": "redi-go", "model_id": "4391", "fuel_type": "petrol", "make_id": "301", "trim_id": "235551", "make": "datsun", "trim_org_name": "SPORT", "data": {"code": "success", "data": {"fuel_type": "petrol", "body_type": "hatchback", "vehicle_image": "https://cdn1.acedms.com/uploads/category/datsun/20171219123406000000-3532871257707373569.jpg"}}}, {"trim": "t", "model_org_name": "Redi-GO", "ex_showroom_price": 339587, "body_type": "hatchback", "model": "redi-go", "model_id": "4391", "fuel_type": "petrol", "make_id": "301", "trim_id": "235521", "make": "datsun", "trim_org_name": "T", "data": {"code": "success", "data": {"fuel_type": "petrol", "body_type": "hatchback", "vehicle_image": "https://cdn1.acedms.com/uploads/category/datsun/20171219123406000000-3532871257707373569.jpg"}, "prices_list": [{"part_name": "Wiper Blades", "price_min": "420", "price_max": "520"}, {"part_name": "Front Bumper", "price_min": "1480", "price_max": "1810"}, {"part_name": "Front Fender", "price_min": "1290", "price_max": "1580"}, {"part_name": "Bonnet", "price_min": "3260", "price_max": "3990"}, {"part_name": "Front Door", "price_min": "4820", "price_max": "5890"}, {"part_name": "Bootlid", "price_min": "3960", "price_max": "4840"}, {"part_name": "Front Windscreen Glass", "price_min": "2690", "price_max": "3290"}, {"part_name": "Side Mirrors", "price_min": "880", "price_max": "1070"}, {"part_name": "Front Strut", "price_min": "1300", "price_max": "1580"}, {"part_name": "Front Suspension Lower Arm", "price_min": "1230", "price_max": "1500"}, {"part_name": "Suspension Overhaul", "price_min": "2160", "price_max": "2640"}]}}, {"trim": "t (o)", "model_org_name": "Redi-GO", "ex_showroom_price": 344800, "body_type": "hatchback", "model": "redi-go", "model_id": "4391", "fuel_type": "petrol", "make_id": "301", "trim_id": "235531", "make": "datsun", "trim_org_name": "T (O)", "data": {"code": "success", "data": {"fuel_type": "petrol", "body_type": "hatchback", "vehicle_image": "https://cdn1.acedms.com/uploads/category/datsun/20171219123406000000-3532871257707373569.jpg"}}}, {"trim": "t (o) bs6", "model_org_name": "Redi-GO", "ex_showroom_price": 416000, "body_type": "hatchback", "model": "redi-go", "model_id": "4391", "fuel_type": "petrol", "make_id": "301", "trim_id": "584825", "make": "datsun", "trim_org_name": "T (O) BS6", "data": {"code": "success", "data": {"fuel_type": "petrol", "body_type": "hatchback", "vehicle_image": "https://cdn1.acedms.com/uploads/category/datsun/20171219123406000000-3532871257707373569.jpg"}}}, {"trim": "t bs6", "model_org_name": "Redi-GO", "ex_showroom_price": 380000, "body_type": "hatchback", "model": "redi-go", "model_id": "4391", "fuel_type": "petrol", "make_id": "301", "trim_id": "584826", "make": "datsun", "trim_org_name": "T BS6", "data": {"code": "success", "data": {"fuel_type": "petrol", "body_type": "hatchback", "vehicle_image": "https://cdn1.acedms.com/uploads/category/datsun/20171219123406000000-3532871257707373569.jpg"}}}]}]}