{"value": "Eicher Polaris", "data-make-id": "1171", "model_list": [{"model_org_name": "Multix", "ex_showroom_price": 242750, "body_type": "van", "model": "multix", "model_id": "11841", "make_id": "1171", "make": "eicher polaris", "trim_list": [{"trim": "ax+", "model_org_name": "Multix", "ex_showroom_price": 242750, "body_type": "van", "model": "multix", "model_id": "11841", "fuel_type": "diesel", "make_id": "1171", "trim_id": "58641", "make": "eicher polaris", "trim_org_name": "AX+", "data": {"code": "failed", "message": "Fuel Type not found!"}}]}]}