{"value": "Fiat", "data-make-id": "761", "model_list": [{"model_org_name": "500", "ex_showroom_price": 1520000, "body_type": "hatchback", "model": "500", "model_id": "7991", "make_id": "761", "make": "fiat", "trim_list": [{"trim": "sport", "model_org_name": "500", "ex_showroom_price": 1520000, "body_type": "hatchback", "model": "500", "model_id": "7991", "fuel_type": "diesel", "make_id": "761", "trim_id": "38331", "make": "fiat", "trim_org_name": "SPORT", "data": {"code": "success", "data": {"fuel_type": "diesel", "body_type": "coupe", "vehicle_image": "https://cdn1.acedms.com/uploads/category/fiat/20171211081705000000-7667158415734942721.png"}}}]}, {"model_org_name": "Abarth Punto", "ex_showroom_price": 980970, "body_type": "hatchback", "model": "abarth punto", "model_id": "8121", "make_id": "761", "make": "fiat", "trim_list": [{"trim": "t-jet 1.4", "model_org_name": "Abarth Punto", "ex_showroom_price": 980970, "body_type": "hatchback", "model": "abarth punto", "model_id": "8121", "fuel_type": "petrol", "make_id": "761", "trim_id": "231731", "make": "fiat", "trim_org_name": "T-JET 1.4", "data": {"code": "success", "data": {"fuel_type": "petrol", "body_type": "hatchback", "vehicle_image": "https://cdn1.acedms.com/uploads/category/fiat/20171211092518000000-1461668360790265345.png"}, "prices_list": [{"part_name": "Wiper Blades", "price_min": "420", "price_max": "520"}, {"part_name": "Front Bumper", "price_min": "1480", "price_max": "1810"}, {"part_name": "Front Fender", "price_min": "1290", "price_max": "1580"}, {"part_name": "Bonnet", "price_min": "3260", "price_max": "3990"}, {"part_name": "Front Door", "price_min": "4820", "price_max": "5890"}, {"part_name": "Bootlid", "price_min": "3960", "price_max": "4840"}, {"part_name": "Front Windscreen Glass", "price_min": "2690", "price_max": "3290"}, {"part_name": "Side Mirrors", "price_min": "880", "price_max": "1070"}, {"part_name": "Front Strut", "price_min": "1300", "price_max": "1580"}, {"part_name": "Front Suspension Lower Arm", "price_min": "1230", "price_max": "1500"}, {"part_name": "Suspension Overhaul", "price_min": "2160", "price_max": "2640"}]}}, {"trim": "t-jet 1.4 abarth", "model_org_name": "Abarth Punto", "ex_showroom_price": 1031000, "body_type": "hatchback", "model": "abarth punto", "model_id": "8121", "fuel_type": "petrol", "make_id": "761", "trim_id": "", "make": "fiat", "trim_org_name": ""}]}, {"model_org_name": "Argo", "ex_showroom_price": 700000, "body_type": "hatchback", "model": "argo", "model_id": "49051", "make_id": "761", "make": "fiat", "trim_list": [{"trim": "petrol", "model_org_name": "Argo", "ex_showroom_price": 700000, "body_type": "hatchback", "model": "argo", "model_id": "49051", "fuel_type": "petrol", "make_id": "761", "trim_id": "536211", "make": "fiat", "trim_org_name": "PETROL", "data": {"code": "success", "data": {"fuel_type": "petrol", "body_type": "hatchback", "vehicle_image": "https://cdn1.acedms.com/uploads/category/fiat/20181027122053000000-4174713372530779137.jpg"}}}]}, {"model_org_name": "Cronos", "ex_showroom_price": 1100000, "body_type": "sedan", "model": "cronos", "model_id": "70076", "make_id": "761", "make": "fiat", "trim_list": [{"trim": "diesel", "model_org_name": "Cronos", "ex_showroom_price": 1100000, "body_type": "sedan", "model": "cronos", "model_id": "70076", "fuel_type": "diesel", "make_id": "761", "trim_id": "584425", "make": "fiat", "trim_org_name": "DIESEL", "data": {"code": "success", "data": {"fuel_type": "diesel", "body_type": "sedan", "vehicle_image": "https://cdn1.acedms.com/uploads/category/fiat/20200520062743000000-2698015632738202625.jpg"}}}]}, {"model_org_name": "Grande Punto", "ex_showroom_price": 507600, "body_type": "hatchback", "model": "grande punto", "model_id": "7961", "make_id": "761", "make": "fiat", "trim_list": [{"trim": "active 1.2", "model_org_name": "Grande Punto", "ex_showroom_price": 481700, "body_type": "hatchback", "model": "grande punto", "model_id": "7961", "fuel_type": "petrol", "make_id": "761", "trim_id": "324871", "make": "fiat", "trim_org_name": "ACTIVE 1.2", "data": {"code": "success", "data": {"fuel_type": "petrol", "body_type": "hatchback", "vehicle_image": "https://cdn1.acedms.com/photos/mmt_gallery/7961/title11120170728.jpg"}, "prices_list": [{"part_name": "Wiper Blades", "price_min": "420", "price_max": "520"}, {"part_name": "Front Bumper", "price_min": "1480", "price_max": "1810"}, {"part_name": "Front Fender", "price_min": "1290", "price_max": "1580"}, {"part_name": "Bonnet", "price_min": "3260", "price_max": "3990"}, {"part_name": "Front Door", "price_min": "4820", "price_max": "5890"}, {"part_name": "Bootlid", "price_min": "3960", "price_max": "4840"}, {"part_name": "Front Windscreen Glass", "price_min": "2690", "price_max": "3290"}, {"part_name": "Side Mirrors", "price_min": "880", "price_max": "1070"}, {"part_name": "Front Strut", "price_min": "1300", "price_max": "1580"}, {"part_name": "Front Suspension Lower Arm", "price_min": "1230", "price_max": "1500"}, {"part_name": "Suspension Overhaul", "price_min": "2160", "price_max": "2640"}]}}, {"trim": "active 1.3", "model_org_name": "Grande Punto", "ex_showroom_price": 554700, "body_type": "hatchback", "model": "grande punto", "model_id": "7961", "fuel_type": "diesel", "make_id": "761", "trim_id": "324901", "make": "fiat", "trim_org_name": "ACTIVE 1.3", "data": {"code": "success", "data": {"fuel_type": "petrol", "body_type": "hatchback", "vehicle_image": "https://cdn1.acedms.com/photos/mmt_gallery/7961/title11120170728.jpg"}, "prices_list": [{"part_name": "Wiper Blades", "price_min": "420", "price_max": "520"}, {"part_name": "Front Bumper", "price_min": "1480", "price_max": "1810"}, {"part_name": "Front Fender", "price_min": "1290", "price_max": "1580"}, {"part_name": "Bonnet", "price_min": "3260", "price_max": "3990"}, {"part_name": "Front Door", "price_min": "4820", "price_max": "5890"}, {"part_name": "Bootlid", "price_min": "3960", "price_max": "4840"}, {"part_name": "Front Windscreen Glass", "price_min": "2690", "price_max": "3290"}, {"part_name": "Side Mirrors", "price_min": "880", "price_max": "1070"}, {"part_name": "Front Strut", "price_min": "1300", "price_max": "1580"}, {"part_name": "Front Suspension Lower Arm", "price_min": "1230", "price_max": "1500"}, {"part_name": "Suspension Overhaul", "price_min": "2160", "price_max": "2640"}]}}, {"trim": "dynamic 1.2", "model_org_name": "Grande Punto", "ex_showroom_price": 507600, "body_type": "hatchback", "model": "grande punto", "model_id": "7961", "fuel_type": "diesel", "make_id": "761", "trim_id": "324881", "make": "fiat", "trim_org_name": "DYNAMIC 1.2", "data": {"code": "success", "data": {"fuel_type": "diesel", "body_type": "hatchback", "vehicle_image": "https://cdn1.acedms.com/photos/mmt_gallery/7961/title11120170728.jpg"}, "prices_list": [{"part_name": "Wiper Blades", "price_min": "500", "price_max": "610"}, {"part_name": "Front Bumper", "price_min": "1710", "price_max": "2090"}, {"part_name": "Front Fender", "price_min": "1330", "price_max": "1620"}, {"part_name": "Bonnet", "price_min": "3590", "price_max": "4380"}, {"part_name": "Front Door", "price_min": "4960", "price_max": "6060"}, {"part_name": "Bootlid", "price_min": "3970", "price_max": "4850"}, {"part_name": "Front Windscreen Glass", "price_min": "2880", "price_max": "3520"}, {"part_name": "Side Mirrors", "price_min": "1160", "price_max": "1420"}, {"part_name": "Front Strut", "price_min": "1480", "price_max": "1810"}, {"part_name": "Front Suspension Lower Arm", "price_min": "1490", "price_max": "1820"}, {"part_name": "Suspension Overhaul", "price_min": "2160", "price_max": "2640"}]}}, {"trim": "dynamic 1.3", "model_org_name": "Grande Punto", "ex_showroom_price": 593000, "body_type": "hatchback", "model": "grande punto", "model_id": "7961", "fuel_type": "diesel", "make_id": "761", "trim_id": "324911", "make": "fiat", "trim_org_name": "DYNAMIC 1.3", "data": {"code": "success", "data": {"fuel_type": "diesel", "body_type": "hatchback", "vehicle_image": "https://cdn1.acedms.com/photos/mmt_gallery/7961/title11120170728.jpg"}, "prices_list": [{"part_name": "Wiper Blades", "price_min": "500", "price_max": "610"}, {"part_name": "Front Bumper", "price_min": "1710", "price_max": "2090"}, {"part_name": "Front Fender", "price_min": "1330", "price_max": "1620"}, {"part_name": "Bonnet", "price_min": "3590", "price_max": "4380"}, {"part_name": "Front Door", "price_min": "4960", "price_max": "6060"}, {"part_name": "Bootlid", "price_min": "3970", "price_max": "4850"}, {"part_name": "Front Windscreen Glass", "price_min": "2880", "price_max": "3520"}, {"part_name": "Side Mirrors", "price_min": "1160", "price_max": "1420"}, {"part_name": "Front Strut", "price_min": "1480", "price_max": "1810"}, {"part_name": "Front Suspension Lower Arm", "price_min": "1490", "price_max": "1820"}, {"part_name": "Suspension Overhaul", "price_min": "2160", "price_max": "2640"}]}}, {"trim": "emotion 1.2", "model_org_name": "Grande Punto", "ex_showroom_price": 606800, "body_type": "hatchback", "model": "grande punto", "model_id": "7961", "fuel_type": "petrol", "make_id": "761", "trim_id": "324891", "make": "fiat", "trim_org_name": "EMOTION 1.2", "data": {"code": "success", "data": {"fuel_type": "petrol", "body_type": "hatchback", "vehicle_image": "https://cdn1.acedms.com/photos/mmt_gallery/7961/title11120170728.jpg"}, "prices_list": [{"part_name": "Wiper Blades", "price_min": "420", "price_max": "520"}, {"part_name": "Front Bumper", "price_min": "1480", "price_max": "1810"}, {"part_name": "Front Fender", "price_min": "1290", "price_max": "1580"}, {"part_name": "Bonnet", "price_min": "3260", "price_max": "3990"}, {"part_name": "Front Door", "price_min": "4820", "price_max": "5890"}, {"part_name": "Bootlid", "price_min": "3960", "price_max": "4840"}, {"part_name": "Front Windscreen Glass", "price_min": "2690", "price_max": "3290"}, {"part_name": "Side Mirrors", "price_min": "880", "price_max": "1070"}, {"part_name": "Front Strut", "price_min": "1300", "price_max": "1580"}, {"part_name": "Front Suspension Lower Arm", "price_min": "1230", "price_max": "1500"}, {"part_name": "Suspension Overhaul", "price_min": "2160", "price_max": "2640"}]}}, {"trim": "emotion 1.3", "model_org_name": "Grande Punto", "ex_showroom_price": 654300, "body_type": "hatchback", "model": "grande punto", "model_id": "7961", "fuel_type": "diesel", "make_id": "761", "trim_id": "324861", "make": "fiat", "trim_org_name": "EMOTION 1.3", "data": {"code": "success", "data": {"fuel_type": "diesel", "body_type": "hatchback", "vehicle_image": "https://cdn1.acedms.com/photos/mmt_gallery/7961/title11120170728.jpg"}, "prices_list": [{"part_name": "Wiper Blades", "price_min": "500", "price_max": "610"}, {"part_name": "Front Bumper", "price_min": "1710", "price_max": "2090"}, {"part_name": "Front Fender", "price_min": "1330", "price_max": "1620"}, {"part_name": "Bonnet", "price_min": "3590", "price_max": "4380"}, {"part_name": "Front Door", "price_min": "4960", "price_max": "6060"}, {"part_name": "Bootlid", "price_min": "3970", "price_max": "4850"}, {"part_name": "Front Windscreen Glass", "price_min": "2880", "price_max": "3520"}, {"part_name": "Side Mirrors", "price_min": "1160", "price_max": "1420"}, {"part_name": "Front Strut", "price_min": "1480", "price_max": "1810"}, {"part_name": "Front Suspension Lower Arm", "price_min": "1490", "price_max": "1820"}, {"part_name": "Suspension Overhaul", "price_min": "2160", "price_max": "2640"}]}}, {"trim": "emotion 1.4", "model_org_name": "Grande Punto", "ex_showroom_price": 581700, "body_type": "hatchback", "model": "grande punto", "model_id": "7961", "fuel_type": "petrol", "make_id": "761", "trim_id": "324921", "make": "fiat", "trim_org_name": "EMOTION 1.4", "data": {"code": "success", "data": {"fuel_type": "petrol", "body_type": "hatchback", "vehicle_image": "https://cdn1.acedms.com/photos/mmt_gallery/7961/title11120170728.jpg"}, "prices_list": [{"part_name": "Wiper Blades", "price_min": "420", "price_max": "520"}, {"part_name": "Front Bumper", "price_min": "1480", "price_max": "1810"}, {"part_name": "Front Fender", "price_min": "1290", "price_max": "1580"}, {"part_name": "Bonnet", "price_min": "3260", "price_max": "3990"}, {"part_name": "Front Door", "price_min": "4820", "price_max": "5890"}, {"part_name": "Bootlid", "price_min": "3960", "price_max": "4840"}, {"part_name": "Front Windscreen Glass", "price_min": "2690", "price_max": "3290"}, {"part_name": "Side Mirrors", "price_min": "880", "price_max": "1070"}, {"part_name": "Front Strut", "price_min": "1300", "price_max": "1580"}, {"part_name": "Front Suspension Lower Arm", "price_min": "1230", "price_max": "1500"}, {"part_name": "Suspension Overhaul", "price_min": "2160", "price_max": "2640"}]}}, {"trim": "emotion pack 1.3", "model_org_name": "Grande Punto", "ex_showroom_price": 636200, "body_type": "hatchback", "model": "grande punto", "model_id": "7961", "fuel_type": "diesel", "make_id": "761", "trim_id": "324931", "make": "fiat", "trim_org_name": "EMOTION PACK 1.3", "data": {"code": "success", "data": {"fuel_type": "diesel", "body_type": "hatchback", "vehicle_image": "https://cdn1.acedms.com/photos/mmt_gallery/7961/title11120170728.jpg"}, "prices_list": [{"part_name": "Wiper Blades", "price_min": "500", "price_max": "610"}, {"part_name": "Front Bumper", "price_min": "1710", "price_max": "2090"}, {"part_name": "Front Fender", "price_min": "1330", "price_max": "1620"}, {"part_name": "Bonnet", "price_min": "3590", "price_max": "4380"}, {"part_name": "Front Door", "price_min": "4960", "price_max": "6060"}, {"part_name": "Bootlid", "price_min": "3970", "price_max": "4850"}, {"part_name": "Front Windscreen Glass", "price_min": "2880", "price_max": "3520"}, {"part_name": "Side Mirrors", "price_min": "1160", "price_max": "1420"}, {"part_name": "Front Strut", "price_min": "1480", "price_max": "1810"}, {"part_name": "Front Suspension Lower Arm", "price_min": "1490", "price_max": "1820"}, {"part_name": "Suspension Overhaul", "price_min": "2160", "price_max": "2640"}]}}, {"trim": "emotion pack 1.3 90 hp", "model_org_name": "Grande Punto", "ex_showroom_price": 636200, "body_type": "hatchback", "model": "grande punto", "model_id": "7961", "fuel_type": "diesel", "make_id": "761", "trim_id": "324961", "make": "fiat", "trim_org_name": "EMOTION PACK 1.3 90 HP", "data": {"code": "success", "data": {"fuel_type": "diesel", "body_type": "hatchback", "vehicle_image": "https://cdn1.acedms.com/photos/mmt_gallery/7961/title11120170728.jpg"}, "prices_list": [{"part_name": "Wiper Blades", "price_min": "500", "price_max": "610"}, {"part_name": "Front Bumper", "price_min": "1710", "price_max": "2090"}, {"part_name": "Front Fender", "price_min": "1330", "price_max": "1620"}, {"part_name": "Bonnet", "price_min": "3590", "price_max": "4380"}, {"part_name": "Front Door", "price_min": "4960", "price_max": "6060"}, {"part_name": "Bootlid", "price_min": "3970", "price_max": "4850"}, {"part_name": "Front Windscreen Glass", "price_min": "2880", "price_max": "3520"}, {"part_name": "Side Mirrors", "price_min": "1160", "price_max": "1420"}, {"part_name": "Front Strut", "price_min": "1480", "price_max": "1810"}, {"part_name": "Front Suspension Lower Arm", "price_min": "1490", "price_max": "1820"}, {"part_name": "Suspension Overhaul", "price_min": "2160", "price_max": "2640"}]}}, {"trim": "emotion pack 1.4", "model_org_name": "Grande Punto", "ex_showroom_price": 629100, "body_type": "hatchback", "model": "grande punto", "model_id": "7961", "fuel_type": "petrol", "make_id": "761", "trim_id": "324941", "make": "fiat", "trim_org_name": "EMOTION PACK 1.4", "data": {"code": "success", "data": {"fuel_type": "petrol", "body_type": "hatchback", "vehicle_image": "https://cdn1.acedms.com/photos/mmt_gallery/7961/title11120170728.jpg"}, "prices_list": [{"part_name": "Wiper Blades", "price_min": "420", "price_max": "520"}, {"part_name": "Front Bumper", "price_min": "1480", "price_max": "1810"}, {"part_name": "Front Fender", "price_min": "1290", "price_max": "1580"}, {"part_name": "Bonnet", "price_min": "3260", "price_max": "3990"}, {"part_name": "Front Door", "price_min": "4820", "price_max": "5890"}, {"part_name": "Bootlid", "price_min": "3960", "price_max": "4840"}, {"part_name": "Front Windscreen Glass", "price_min": "2690", "price_max": "3290"}, {"part_name": "Side Mirrors", "price_min": "880", "price_max": "1070"}, {"part_name": "Front Strut", "price_min": "1300", "price_max": "1580"}, {"part_name": "Front Suspension Lower Arm", "price_min": "1230", "price_max": "1500"}, {"part_name": "Suspension Overhaul", "price_min": "2160", "price_max": "2640"}]}}, {"trim": "sport 90bhp", "model_org_name": "Grande Punto", "ex_showroom_price": 712300, "body_type": "hatchback", "model": "grande punto", "model_id": "7961", "fuel_type": "diesel", "make_id": "761", "trim_id": "324971", "make": "fiat", "trim_org_name": "SPORT 90BHP", "data": {"code": "success", "data": {"fuel_type": "diesel", "body_type": "hatchback", "vehicle_image": "https://cdn1.acedms.com/photos/mmt_gallery/7961/title11120170728.jpg"}, "prices_list": [{"part_name": "Wiper Blades", "price_min": "500", "price_max": "610"}, {"part_name": "Front Bumper", "price_min": "1710", "price_max": "2090"}, {"part_name": "Front Fender", "price_min": "1330", "price_max": "1620"}, {"part_name": "Bonnet", "price_min": "3590", "price_max": "4380"}, {"part_name": "Front Door", "price_min": "4960", "price_max": "6060"}, {"part_name": "Bootlid", "price_min": "3970", "price_max": "4850"}, {"part_name": "Front Windscreen Glass", "price_min": "2880", "price_max": "3520"}, {"part_name": "Side Mirrors", "price_min": "1160", "price_max": "1420"}, {"part_name": "Front Strut", "price_min": "1480", "price_max": "1810"}, {"part_name": "Front Suspension Lower Arm", "price_min": "1490", "price_max": "1820"}, {"part_name": "Suspension Overhaul", "price_min": "2160", "price_max": "2640"}]}}]}, {"model_org_name": "Linea", "ex_showroom_price": 941000, "body_type": "sedan", "model": "linea", "model_id": "8011", "make_id": "761", "make": "fiat", "trim_list": [{"trim": "1.3 multijet active", "model_org_name": "Linea", "ex_showroom_price": 900000, "body_type": "sedan", "model": "linea", "model_id": "8011", "fuel_type": "diesel", "make_id": "761", "trim_id": "383671", "make": "fiat", "trim_org_name": "1.3 Multijet Active", "data": {"code": "success", "data": {"fuel_type": "diesel", "body_type": "sedan", "vehicle_image": "https://cdn1.acedms.com/uploads/category/fiat/20171211081153000000-5425811729976554497.png"}, "prices_list": [{"part_name": "Wiper Blades", "price_min": "550", "price_max": "670"}, {"part_name": "Front Bumper", "price_min": "2030", "price_max": "2480"}, {"part_name": "Front Fender", "price_min": "1660", "price_max": "2030"}, {"part_name": "Bonnet", "price_min": "3980", "price_max": "4860"}, {"part_name": "Front Door", "price_min": "5980", "price_max": "7310"}, {"part_name": "Bootlid", "price_min": "4530", "price_max": "5540"}, {"part_name": "Front Windscreen Glass", "price_min": "3180", "price_max": "3880"}, {"part_name": "Side Mirrors", "price_min": "1370", "price_max": "1680"}, {"part_name": "Front Strut", "price_min": "1600", "price_max": "1960"}, {"part_name": "Front Suspension Lower Arm", "price_min": "1560", "price_max": "1900"}, {"part_name": "Suspension Overhaul", "price_min": "2700", "price_max": "3300"}]}}, {"trim": "1.3 multijet dynamic", "model_org_name": "Linea", "ex_showroom_price": 1014000, "body_type": "sedan", "model": "linea", "model_id": "8011", "fuel_type": "diesel", "make_id": "761", "trim_id": "383681", "make": "fiat", "trim_org_name": "1.3 MULTIJET DYNAMIC", "data": {"code": "success", "data": {"fuel_type": "diesel", "body_type": "sedan", "vehicle_image": "https://cdn1.acedms.com/uploads/category/fiat/20171211081153000000-5425811729976554497.png"}, "prices_list": [{"part_name": "Wiper Blades", "price_min": "550", "price_max": "670"}, {"part_name": "Front Bumper", "price_min": "2030", "price_max": "2480"}, {"part_name": "Front Fender", "price_min": "1660", "price_max": "2030"}, {"part_name": "Bonnet", "price_min": "3980", "price_max": "4860"}, {"part_name": "Front Door", "price_min": "5980", "price_max": "7310"}, {"part_name": "Bootlid", "price_min": "4530", "price_max": "5540"}, {"part_name": "Front Windscreen Glass", "price_min": "3180", "price_max": "3880"}, {"part_name": "Side Mirrors", "price_min": "1370", "price_max": "1680"}, {"part_name": "Front Strut", "price_min": "1600", "price_max": "1960"}, {"part_name": "Front Suspension Lower Arm", "price_min": "1560", "price_max": "1900"}, {"part_name": "Suspension Overhaul", "price_min": "2700", "price_max": "3300"}]}}, {"trim": "1.4 t-jet emotion", "model_org_name": "Linea", "ex_showroom_price": 1047000, "body_type": "sedan", "model": "linea", "model_id": "8011", "fuel_type": "petrol", "make_id": "761", "trim_id": "383651", "make": "fiat", "trim_org_name": "1.4 T-JET EMOTION", "data": {"code": "success", "data": {"fuel_type": "petrol", "body_type": "sedan", "vehicle_image": "https://cdn1.acedms.com/uploads/category/fiat/20171211081153000000-5425811729976554497.png"}}}, {"trim": "active 1.3", "model_org_name": "Linea", "ex_showroom_price": 870000, "body_type": "sedan", "model": "linea", "model_id": "8011", "fuel_type": "diesel", "make_id": "761", "trim_id": "383411", "make": "fiat", "trim_org_name": "ACTIVE 1.3", "data": {"code": "success", "data": {"fuel_type": "diesel", "body_type": "sedan", "vehicle_image": "https://cdn1.acedms.com/uploads/category/fiat/20171211081153000000-5425811729976554497.png"}}}, {"trim": "active 1.3l advanced multijet diesel", "model_org_name": "Linea", "ex_showroom_price": 900000, "body_type": "sedan", "model": "linea", "model_id": "8011", "fuel_type": "diesel", "make_id": "761", "trim_id": "383581", "make": "fiat", "trim_org_name": "ACTIVE 1.3L ADVANCED MULTIJET DIESEL", "data": {"code": "success", "data": {"fuel_type": "diesel", "body_type": "sedan", "vehicle_image": "https://cdn1.acedms.com/uploads/category/fiat/20171211081153000000-5425811729976554497.png"}, "prices_list": [{"part_name": "Wiper Blades", "price_min": "550", "price_max": "670"}, {"part_name": "Front Bumper", "price_min": "2030", "price_max": "2480"}, {"part_name": "Front Fender", "price_min": "1660", "price_max": "2030"}, {"part_name": "Bonnet", "price_min": "3980", "price_max": "4860"}, {"part_name": "Front Door", "price_min": "5980", "price_max": "7310"}, {"part_name": "Bootlid", "price_min": "4530", "price_max": "5540"}, {"part_name": "Front Windscreen Glass", "price_min": "3180", "price_max": "3880"}, {"part_name": "Side Mirrors", "price_min": "1370", "price_max": "1680"}, {"part_name": "Front Strut", "price_min": "1600", "price_max": "1960"}, {"part_name": "Front Suspension Lower Arm", "price_min": "1560", "price_max": "1900"}, {"part_name": "Suspension Overhaul", "price_min": "2700", "price_max": "3300"}]}}, {"trim": "active 1.4", "model_org_name": "Linea", "ex_showroom_price": 715860, "body_type": "sedan", "model": "linea", "model_id": "8011", "fuel_type": "petrol", "make_id": "761", "trim_id": "383471", "make": "fiat", "trim_org_name": "ACTIVE 1.4", "data": {"code": "success", "data": {"fuel_type": "petrol", "body_type": "sedan", "vehicle_image": "https://cdn1.acedms.com/uploads/category/fiat/20171211081153000000-5425811729976554497.png"}}}, {"trim": "active t-jet", "model_org_name": "Linea", "ex_showroom_price": 766700, "body_type": "sedan", "model": "linea", "model_id": "8011", "fuel_type": "petrol", "make_id": "761", "trim_id": "383501", "make": "fiat", "trim_org_name": "ACTIVE T-JET", "data": {"code": "success", "data": {"fuel_type": "petrol", "body_type": "sedan", "vehicle_image": "https://cdn1.acedms.com/uploads/category/fiat/20171211081153000000-5425811729976554497.png"}, "prices_list": [{"part_name": "Wiper Blades", "price_min": "540", "price_max": "660"}, {"part_name": "Front Bumper", "price_min": "2080", "price_max": "2540"}, {"part_name": "Front Fender", "price_min": "1720", "price_max": "2100"}, {"part_name": "Bonnet", "price_min": "4030", "price_max": "4920"}, {"part_name": "Front Door", "price_min": "6150", "price_max": "7520"}, {"part_name": "Bootlid", "price_min": "4690", "price_max": "5730"}, {"part_name": "Front Windscreen Glass", "price_min": "3130", "price_max": "3830"}, {"part_name": "Side Mirrors", "price_min": "1280", "price_max": "1560"}, {"part_name": "Front Strut", "price_min": "1600", "price_max": "1950"}, {"part_name": "Front Suspension Lower Arm", "price_min": "1650", "price_max": "2020"}, {"part_name": "Suspension Overhaul", "price_min": "2430", "price_max": "2970"}]}}, {"trim": "dynamic", "model_org_name": "Linea", "ex_showroom_price": 1014000, "body_type": "sedan", "model": "linea", "model_id": "8011", "fuel_type": "diesel", "make_id": "761", "trim_id": "383371", "make": "fiat", "trim_org_name": "DYNAMIC", "data": {"code": "success", "data": {"fuel_type": "diesel", "body_type": "sedan", "vehicle_image": "https://cdn1.acedms.com/uploads/category/fiat/20171211081153000000-5425811729976554497.png"}, "prices_list": [{"part_name": "Wiper Blades", "price_min": "550", "price_max": "670"}, {"part_name": "Front Bumper", "price_min": "2030", "price_max": "2480"}, {"part_name": "Front Fender", "price_min": "1660", "price_max": "2030"}, {"part_name": "Bonnet", "price_min": "3980", "price_max": "4860"}, {"part_name": "Front Door", "price_min": "5980", "price_max": "7310"}, {"part_name": "Bootlid", "price_min": "4530", "price_max": "5540"}, {"part_name": "Front Windscreen Glass", "price_min": "3180", "price_max": "3880"}, {"part_name": "Side Mirrors", "price_min": "1370", "price_max": "1680"}, {"part_name": "Front Strut", "price_min": "1600", "price_max": "1960"}, {"part_name": "Front Suspension Lower Arm", "price_min": "1560", "price_max": "1900"}, {"part_name": "Suspension Overhaul", "price_min": "2700", "price_max": "3300"}]}}, {"trim": "dynamic 1.3", "model_org_name": "Linea", "ex_showroom_price": 941000, "body_type": "sedan", "model": "linea", "model_id": "8011", "fuel_type": "diesel", "make_id": "761", "trim_id": "383421", "make": "fiat", "trim_org_name": "DYNAMIC 1.3", "data": {"code": "success", "data": {"fuel_type": "diesel", "body_type": "sedan", "vehicle_image": "https://cdn1.acedms.com/uploads/category/fiat/20171211081153000000-5425811729976554497.png"}, "prices_list": [{"part_name": "Wiper Blades", "price_min": "550", "price_max": "670"}, {"part_name": "Front Bumper", "price_min": "2030", "price_max": "2480"}, {"part_name": "Front Fender", "price_min": "1660", "price_max": "2030"}, {"part_name": "Bonnet", "price_min": "3980", "price_max": "4860"}, {"part_name": "Front Door", "price_min": "5980", "price_max": "7310"}, {"part_name": "Bootlid", "price_min": "4530", "price_max": "5540"}, {"part_name": "Front Windscreen Glass", "price_min": "3180", "price_max": "3880"}, {"part_name": "Side Mirrors", "price_min": "1370", "price_max": "1680"}, {"part_name": "Front Strut", "price_min": "1600", "price_max": "1960"}, {"part_name": "Front Suspension Lower Arm", "price_min": "1560", "price_max": "1900"}, {"part_name": "Suspension Overhaul", "price_min": "2700", "price_max": "3300"}]}}, {"trim": "dynamic pk 1.3 mjd", "model_org_name": "Linea", "ex_showroom_price": 926400, "body_type": "sedan", "model": "linea", "model_id": "8011", "fuel_type": "diesel", "make_id": "761", "trim_id": "383401", "make": "fiat", "trim_org_name": "DYNAMIC PK 1.3 MJD", "data": {"code": "success", "data": {"fuel_type": "diesel", "body_type": "sedan", "vehicle_image": "https://cdn1.acedms.com/uploads/category/fiat/20171211081153000000-5425811729976554497.png"}, "prices_list": [{"part_name": "Wiper Blades", "price_min": "550", "price_max": "670"}, {"part_name": "Front Bumper", "price_min": "2030", "price_max": "2480"}, {"part_name": "Front Fender", "price_min": "1660", "price_max": "2030"}, {"part_name": "Bonnet", "price_min": "3980", "price_max": "4860"}, {"part_name": "Front Door", "price_min": "5980", "price_max": "7310"}, {"part_name": "Bootlid", "price_min": "4530", "price_max": "5540"}, {"part_name": "Front Windscreen Glass", "price_min": "3180", "price_max": "3880"}, {"part_name": "Side Mirrors", "price_min": "1370", "price_max": "1680"}, {"part_name": "Front Strut", "price_min": "1600", "price_max": "1960"}, {"part_name": "Front Suspension Lower Arm", "price_min": "1560", "price_max": "1900"}, {"part_name": "Suspension Overhaul", "price_min": "2700", "price_max": "3300"}]}}, {"trim": "dynamic t-jet", "model_org_name": "Linea", "ex_showroom_price": 957100, "body_type": "sedan", "model": "linea", "model_id": "8011", "fuel_type": "petrol", "make_id": "761", "trim_id": "", "make": "fiat", "trim_org_name": ""}, {"trim": "emotion 1.3", "model_org_name": "Linea", "ex_showroom_price": 990000, "body_type": "sedan", "model": "linea", "model_id": "8011", "fuel_type": "diesel", "make_id": "761", "trim_id": "383431", "make": "fiat", "trim_org_name": "EMOTION 1.3", "data": {"code": "success", "data": {"fuel_type": "diesel", "body_type": "sedan", "vehicle_image": "https://cdn1.acedms.com/uploads/category/fiat/20171211081153000000-5425811729976554497.png"}, "prices_list": [{"part_name": "Wiper Blades", "price_min": "550", "price_max": "670"}, {"part_name": "Front Bumper", "price_min": "2030", "price_max": "2480"}, {"part_name": "Front Fender", "price_min": "1660", "price_max": "2030"}, {"part_name": "Bonnet", "price_min": "3980", "price_max": "4860"}, {"part_name": "Front Door", "price_min": "5980", "price_max": "7310"}, {"part_name": "Bootlid", "price_min": "4530", "price_max": "5540"}, {"part_name": "Front Windscreen Glass", "price_min": "3180", "price_max": "3880"}, {"part_name": "Side Mirrors", "price_min": "1370", "price_max": "1680"}, {"part_name": "Front Strut", "price_min": "1600", "price_max": "1960"}, {"part_name": "Front Suspension Lower Arm", "price_min": "1560", "price_max": "1900"}, {"part_name": "Suspension Overhaul", "price_min": "2700", "price_max": "3300"}]}}, {"trim": "emotion 1.3 l advanced multijet", "model_org_name": "Linea", "ex_showroom_price": 1010000, "body_type": "sedan", "model": "linea", "model_id": "8011", "fuel_type": "diesel", "make_id": "761", "trim_id": "383601", "make": "fiat", "trim_org_name": "EMOTION 1.3 L ADVANCED MULTIJET", "data": {"code": "success", "data": {"fuel_type": "diesel", "body_type": "sedan", "vehicle_image": "https://cdn1.acedms.com/uploads/category/fiat/20171211081153000000-5425811729976554497.png"}}}, {"trim": "emotion 1.4", "model_org_name": "Linea", "ex_showroom_price": 980600, "body_type": "sedan", "model": "linea", "model_id": "8011", "fuel_type": "petrol", "make_id": "761", "trim_id": "383451", "make": "fiat", "trim_org_name": "EMOTION 1.4", "data": {"code": "success", "data": {"fuel_type": "petrol", "body_type": "sedan", "vehicle_image": "https://cdn1.acedms.com/uploads/category/fiat/20171211081153000000-5425811729976554497.png"}}}, {"trim": "emotion 1.4 lt jet", "model_org_name": "Linea", "ex_showroom_price": 1023700, "body_type": "sedan", "model": "linea", "model_id": "8011", "fuel_type": "petrol", "make_id": "761", "trim_id": "", "make": "fiat", "trim_org_name": ""}, {"trim": "emotion multijet 1.3", "model_org_name": "Linea", "ex_showroom_price": 991434, "body_type": "sedan", "model": "linea", "model_id": "8011", "fuel_type": "diesel", "make_id": "761", "trim_id": "383661", "make": "fiat", "trim_org_name": "EMOTION MULTIJET 1.3", "data": {"code": "success", "data": {"fuel_type": "diesel", "body_type": "sedan", "vehicle_image": "https://cdn1.acedms.com/uploads/category/fiat/20171211081153000000-5425811729976554497.png"}, "prices_list": [{"part_name": "Wiper Blades", "price_min": "550", "price_max": "670"}, {"part_name": "Front Bumper", "price_min": "2030", "price_max": "2480"}, {"part_name": "Front Fender", "price_min": "1660", "price_max": "2030"}, {"part_name": "Bonnet", "price_min": "3980", "price_max": "4860"}, {"part_name": "Front Door", "price_min": "5980", "price_max": "7310"}, {"part_name": "Bootlid", "price_min": "4530", "price_max": "5540"}, {"part_name": "Front Windscreen Glass", "price_min": "3180", "price_max": "3880"}, {"part_name": "Side Mirrors", "price_min": "1370", "price_max": "1680"}, {"part_name": "Front Strut", "price_min": "1600", "price_max": "1960"}, {"part_name": "Front Suspension Lower Arm", "price_min": "1560", "price_max": "1900"}, {"part_name": "Suspension Overhaul", "price_min": "2700", "price_max": "3300"}]}}, {"trim": "emotion pk 1.3 mjd", "model_org_name": "Linea", "ex_showroom_price": 1054800, "body_type": "sedan", "model": "linea", "model_id": "8011", "fuel_type": "diesel", "make_id": "761", "trim_id": "383491", "make": "fiat", "trim_org_name": "EMOTION PK 1.3 MJD", "data": {"code": "success", "data": {"fuel_type": "diesel", "body_type": "sedan", "vehicle_image": "https://cdn1.acedms.com/uploads/category/fiat/20171211081153000000-5425811729976554497.png"}}}, {"trim": "emotion pk 1.4", "model_org_name": "Linea", "ex_showroom_price": 952300, "body_type": "sedan", "model": "linea", "model_id": "8011", "fuel_type": "petrol", "make_id": "761", "trim_id": "383461", "make": "fiat", "trim_org_name": "EMOTION PK 1.4", "data": {"code": "success", "data": {"fuel_type": "petrol", "body_type": "sedan", "vehicle_image": "https://cdn1.acedms.com/uploads/category/fiat/20171211081153000000-5425811729976554497.png"}, "prices_list": [{"part_name": "Wiper Blades", "price_min": "540", "price_max": "660"}, {"part_name": "Front Bumper", "price_min": "2080", "price_max": "2540"}, {"part_name": "Front Fender", "price_min": "1720", "price_max": "2100"}, {"part_name": "Bonnet", "price_min": "4030", "price_max": "4920"}, {"part_name": "Front Door", "price_min": "6150", "price_max": "7520"}, {"part_name": "Bootlid", "price_min": "4690", "price_max": "5730"}, {"part_name": "Front Windscreen Glass", "price_min": "3130", "price_max": "3830"}, {"part_name": "Side Mirrors", "price_min": "1280", "price_max": "1560"}, {"part_name": "Front Strut", "price_min": "1600", "price_max": "1950"}, {"part_name": "Front Suspension Lower Arm", "price_min": "1650", "price_max": "2020"}, {"part_name": "Suspension Overhaul", "price_min": "2430", "price_max": "2970"}]}}, {"trim": "emotion t-jet", "model_org_name": "Linea", "ex_showroom_price": 990000, "body_type": "sedan", "model": "linea", "model_id": "8011", "fuel_type": "petrol", "make_id": "761", "trim_id": "", "make": "fiat", "trim_org_name": ""}, {"trim": "emotion t-jet 1.4", "model_org_name": "Linea", "ex_showroom_price": 1047000, "body_type": "sedan", "model": "linea", "model_id": "8011", "fuel_type": "petrol", "make_id": "761", "trim_id": "", "make": "fiat", "trim_org_name": ""}]}, {"model_org_name": "Linea Classic", "ex_showroom_price": 751203, "body_type": "sedan", "model": "linea classic", "model_id": "7941", "make_id": "761", "make": "fiat", "trim_list": [{"trim": "1.3 l multijet classic", "model_org_name": "Linea Classic", "ex_showroom_price": 746000, "body_type": "sedan", "model": "linea classic", "model_id": "7941", "fuel_type": "diesel", "make_id": "761", "trim_id": "474261", "make": "fiat", "trim_org_name": "1.3 L MULTIJET CLASSIC", "data": {"code": "success", "data": {"fuel_type": "diesel", "body_type": "sedan", "vehicle_image": "https://cdn1.acedms.com/uploads/category/fiat/20171218130634000000-5270884012433840129.png"}, "prices_list": [{"part_name": "Wiper Blades", "price_min": "550", "price_max": "670"}, {"part_name": "Front Bumper", "price_min": "2030", "price_max": "2480"}, {"part_name": "Front Fender", "price_min": "1660", "price_max": "2030"}, {"part_name": "Bonnet", "price_min": "3980", "price_max": "4860"}, {"part_name": "Front Door", "price_min": "5980", "price_max": "7310"}, {"part_name": "Bootlid", "price_min": "4530", "price_max": "5540"}, {"part_name": "Front Windscreen Glass", "price_min": "3180", "price_max": "3880"}, {"part_name": "Side Mirrors", "price_min": "1370", "price_max": "1680"}, {"part_name": "Front Strut", "price_min": "1600", "price_max": "1960"}, {"part_name": "Front Suspension Lower Arm", "price_min": "1560", "price_max": "1900"}, {"part_name": "Suspension Overhaul", "price_min": "2700", "price_max": "3300"}]}}, {"trim": "1.3 l multijet classic plus", "model_org_name": "Linea Classic", "ex_showroom_price": 822000, "body_type": "sedan", "model": "linea classic", "model_id": "7941", "fuel_type": "diesel", "make_id": "761", "trim_id": "474271", "make": "fiat", "trim_org_name": "1.3 L MULTIJET CLASSIC PLUS", "data": {"code": "success", "data": {"fuel_type": "diesel", "body_type": "sedan", "vehicle_image": "https://cdn1.acedms.com/uploads/category/fiat/20171218130634000000-5270884012433840129.png"}, "prices_list": [{"part_name": "Wiper Blades", "price_min": "550", "price_max": "670"}, {"part_name": "Front Bumper", "price_min": "2030", "price_max": "2480"}, {"part_name": "Front Fender", "price_min": "1660", "price_max": "2030"}, {"part_name": "Bonnet", "price_min": "3980", "price_max": "4860"}, {"part_name": "Front Door", "price_min": "5980", "price_max": "7310"}, {"part_name": "Bootlid", "price_min": "4530", "price_max": "5540"}, {"part_name": "Front Windscreen Glass", "price_min": "3180", "price_max": "3880"}, {"part_name": "Side Mirrors", "price_min": "1370", "price_max": "1680"}, {"part_name": "Front Strut", "price_min": "1600", "price_max": "1960"}, {"part_name": "Front Suspension Lower Arm", "price_min": "1560", "price_max": "1900"}, {"part_name": "Suspension Overhaul", "price_min": "2700", "price_max": "3300"}]}}, {"trim": "1.3 multijet", "model_org_name": "Linea Classic", "ex_showroom_price": 751203, "body_type": "sedan", "model": "linea classic", "model_id": "7941", "fuel_type": "diesel", "make_id": "761", "trim_id": "474291", "make": "fiat", "trim_org_name": "1.3 MULTIJET", "data": {"code": "success", "data": {"fuel_type": "diesel", "body_type": "sedan", "vehicle_image": "https://cdn1.acedms.com/uploads/category/fiat/20171218130634000000-5270884012433840129.png"}, "prices_list": [{"part_name": "Wiper Blades", "price_min": "550", "price_max": "670"}, {"part_name": "Front Bumper", "price_min": "2030", "price_max": "2480"}, {"part_name": "Front Fender", "price_min": "1660", "price_max": "2030"}, {"part_name": "Bonnet", "price_min": "3980", "price_max": "4860"}, {"part_name": "Front Door", "price_min": "5980", "price_max": "7310"}, {"part_name": "Bootlid", "price_min": "4530", "price_max": "5540"}, {"part_name": "Front Windscreen Glass", "price_min": "3180", "price_max": "3880"}, {"part_name": "Side Mirrors", "price_min": "1370", "price_max": "1680"}, {"part_name": "Front Strut", "price_min": "1600", "price_max": "1960"}, {"part_name": "Front Suspension Lower Arm", "price_min": "1560", "price_max": "1900"}, {"part_name": "Suspension Overhaul", "price_min": "2700", "price_max": "3300"}]}}, {"trim": "1.4 l p classic", "model_org_name": "Linea Classic", "ex_showroom_price": 646000, "body_type": "sedan", "model": "linea classic", "model_id": "7941", "fuel_type": "petrol", "make_id": "761", "trim_id": "474281", "make": "fiat", "trim_org_name": "1.4 L P CLASSIC", "data": {"code": "success", "data": {"fuel_type": "petrol", "body_type": "sedan", "vehicle_image": "https://cdn1.acedms.com/uploads/category/fiat/20171218130634000000-5270884012433840129.png"}, "prices_list": [{"part_name": "Wiper Blades", "price_min": "540", "price_max": "660"}, {"part_name": "Front Bumper", "price_min": "2080", "price_max": "2540"}, {"part_name": "Front Fender", "price_min": "1720", "price_max": "2100"}, {"part_name": "Bonnet", "price_min": "4030", "price_max": "4920"}, {"part_name": "Front Door", "price_min": "6150", "price_max": "7520"}, {"part_name": "Bootlid", "price_min": "4690", "price_max": "5730"}, {"part_name": "Front Windscreen Glass", "price_min": "3130", "price_max": "3830"}, {"part_name": "Side Mirrors", "price_min": "1280", "price_max": "1560"}, {"part_name": "Front Strut", "price_min": "1600", "price_max": "1950"}, {"part_name": "Front Suspension Lower Arm", "price_min": "1650", "price_max": "2020"}, {"part_name": "Suspension Overhaul", "price_min": "2430", "price_max": "2970"}]}}]}, {"model_org_name": "Palio", "ex_showroom_price": 355600, "body_type": "hatchback", "model": "palio", "model_id": "8081", "make_id": "761", "make": "fiat", "trim_list": [{"trim": "1.2 el ps", "model_org_name": "Palio", "ex_showroom_price": 355600, "body_type": "hatchback", "model": "palio", "model_id": "8081", "fuel_type": "petrol", "make_id": "761", "trim_id": "39171", "make": "fiat", "trim_org_name": "1.2 EL PS", "data": {"code": "success", "data": {"fuel_type": "petrol", "body_type": "hatchback", "vehicle_image": "https://cdn1.acedms.com/uploads/category/fiat/20171219122337000000-7490681189382054913.jpg"}, "prices_list": [{"part_name": "Wiper Blades", "price_min": "420", "price_max": "520"}, {"part_name": "Front Bumper", "price_min": "1480", "price_max": "1810"}, {"part_name": "Front Fender", "price_min": "1290", "price_max": "1580"}, {"part_name": "Bonnet", "price_min": "3260", "price_max": "3990"}, {"part_name": "Front Door", "price_min": "4820", "price_max": "5890"}, {"part_name": "Bootlid", "price_min": "3960", "price_max": "4840"}, {"part_name": "Front Windscreen Glass", "price_min": "2690", "price_max": "3290"}, {"part_name": "Side Mirrors", "price_min": "880", "price_max": "1070"}, {"part_name": "Front Strut", "price_min": "1300", "price_max": "1580"}, {"part_name": "Front Suspension Lower Arm", "price_min": "1230", "price_max": "1500"}, {"part_name": "Suspension Overhaul", "price_min": "2160", "price_max": "2640"}]}}, {"trim": "1.6 gtx", "model_org_name": "Palio", "ex_showroom_price": 328200, "body_type": "hatchback", "model": "palio", "model_id": "8081", "fuel_type": "petrol", "make_id": "761", "trim_id": "39131", "make": "fiat", "trim_org_name": "1.6 GTX", "data": {"code": "success", "data": {"fuel_type": "petrol", "body_type": "hatchback", "vehicle_image": "https://cdn1.acedms.com/uploads/category/fiat/20171219122337000000-7490681189382054913.jpg"}, "prices_list": [{"part_name": "Wiper Blades", "price_min": "420", "price_max": "520"}, {"part_name": "Front Bumper", "price_min": "1480", "price_max": "1810"}, {"part_name": "Front Fender", "price_min": "1290", "price_max": "1580"}, {"part_name": "Bonnet", "price_min": "3260", "price_max": "3990"}, {"part_name": "Front Door", "price_min": "4820", "price_max": "5890"}, {"part_name": "Bootlid", "price_min": "3960", "price_max": "4840"}, {"part_name": "Front Windscreen Glass", "price_min": "2690", "price_max": "3290"}, {"part_name": "Side Mirrors", "price_min": "880", "price_max": "1070"}, {"part_name": "Front Strut", "price_min": "1300", "price_max": "1580"}, {"part_name": "Front Suspension Lower Arm", "price_min": "1230", "price_max": "1500"}, {"part_name": "Suspension Overhaul", "price_min": "2160", "price_max": "2640"}]}}]}, {"model_org_name": "Palio Adventure", "ex_showroom_price": 562200, "body_type": "suv", "model": "palio adventure", "model_id": "8071", "make_id": "761", "make": "fiat", "trim_list": [{"trim": "sport 1.6", "model_org_name": "Palio Adventure", "ex_showroom_price": 562200, "body_type": "suv", "model": "palio adventure", "model_id": "8071", "fuel_type": "petrol", "make_id": "761", "trim_id": "412561", "make": "fiat", "trim_org_name": "SPORT 1.6", "data": {"code": "success", "data": {"fuel_type": "petrol", "body_type": "suv", "vehicle_image": "https://cdn1.acedms.com/photos/stock/2015-07-22/0e1fb79930631bab1faf46a21fad9715.png"}}}]}, {"model_org_name": "Palio NV", "ex_showroom_price": 380100, "body_type": "hatchback", "model": "palio nv", "model_id": "8031", "make_id": "761", "make": "fiat", "trim_list": [{"trim": "1.2 el", "model_org_name": "Palio NV", "ex_showroom_price": 322000, "body_type": "hatchback", "model": "palio nv", "model_id": "8031", "fuel_type": "petrol", "make_id": "761", "trim_id": "38991", "make": "fiat", "trim_org_name": "1.2 EL", "data": {"code": "success", "data": {"fuel_type": "petrol", "body_type": "hatchback", "vehicle_image": "https://cdn1.acedms.com/photos/stock/2015-07-22/3212a56a7ef20301d33e10596f26352e.jpeg"}, "prices_list": [{"part_name": "Wiper Blades", "price_min": "420", "price_max": "520"}, {"part_name": "Front Bumper", "price_min": "1480", "price_max": "1810"}, {"part_name": "Front Fender", "price_min": "1290", "price_max": "1580"}, {"part_name": "Bonnet", "price_min": "3260", "price_max": "3990"}, {"part_name": "Front Door", "price_min": "4820", "price_max": "5890"}, {"part_name": "Bootlid", "price_min": "3960", "price_max": "4840"}, {"part_name": "Front Windscreen Glass", "price_min": "2690", "price_max": "3290"}, {"part_name": "Side Mirrors", "price_min": "880", "price_max": "1070"}, {"part_name": "Front Strut", "price_min": "1300", "price_max": "1580"}, {"part_name": "Front Suspension Lower Arm", "price_min": "1230", "price_max": "1500"}, {"part_name": "Suspension Overhaul", "price_min": "2160", "price_max": "2640"}]}}, {"trim": "1.2 el ps", "model_org_name": "Palio NV", "ex_showroom_price": 323900, "body_type": "hatchback", "model": "palio nv", "model_id": "8031", "fuel_type": "petrol", "make_id": "761", "trim_id": "39001", "make": "fiat", "trim_org_name": "1.2 EL PS", "data": {"code": "success", "data": {"fuel_type": "petrol", "body_type": "hatchback", "vehicle_image": "https://cdn1.acedms.com/photos/stock/2015-07-22/3212a56a7ef20301d33e10596f26352e.jpeg"}, "prices_list": [{"part_name": "Wiper Blades", "price_min": "420", "price_max": "520"}, {"part_name": "Front Bumper", "price_min": "1480", "price_max": "1810"}, {"part_name": "Front Fender", "price_min": "1290", "price_max": "1580"}, {"part_name": "Bonnet", "price_min": "3260", "price_max": "3990"}, {"part_name": "Front Door", "price_min": "4820", "price_max": "5890"}, {"part_name": "Bootlid", "price_min": "3960", "price_max": "4840"}, {"part_name": "Front Windscreen Glass", "price_min": "2690", "price_max": "3290"}, {"part_name": "Side Mirrors", "price_min": "880", "price_max": "1070"}, {"part_name": "Front Strut", "price_min": "1300", "price_max": "1580"}, {"part_name": "Front Suspension Lower Arm", "price_min": "1230", "price_max": "1500"}, {"part_name": "Suspension Overhaul", "price_min": "2160", "price_max": "2640"}]}}, {"trim": "1.2 elx", "model_org_name": "Palio NV", "ex_showroom_price": 356800, "body_type": "hatchback", "model": "palio nv", "model_id": "8031", "fuel_type": "petrol", "make_id": "761", "trim_id": "39011", "make": "fiat", "trim_org_name": "1.2 ELX", "data": {"code": "success", "data": {"fuel_type": "petrol", "body_type": "hatchback", "vehicle_image": "https://cdn1.acedms.com/photos/stock/2015-07-22/3212a56a7ef20301d33e10596f26352e.jpeg"}, "prices_list": [{"part_name": "Wiper Blades", "price_min": "420", "price_max": "520"}, {"part_name": "Front Bumper", "price_min": "1480", "price_max": "1810"}, {"part_name": "Front Fender", "price_min": "1290", "price_max": "1580"}, {"part_name": "Bonnet", "price_min": "3260", "price_max": "3990"}, {"part_name": "Front Door", "price_min": "4820", "price_max": "5890"}, {"part_name": "Bootlid", "price_min": "3960", "price_max": "4840"}, {"part_name": "Front Windscreen Glass", "price_min": "2690", "price_max": "3290"}, {"part_name": "Side Mirrors", "price_min": "880", "price_max": "1070"}, {"part_name": "Front Strut", "price_min": "1300", "price_max": "1580"}, {"part_name": "Front Suspension Lower Arm", "price_min": "1230", "price_max": "1500"}, {"part_name": "Suspension Overhaul", "price_min": "2160", "price_max": "2640"}]}}, {"trim": "1.6 sport", "model_org_name": "Palio NV", "ex_showroom_price": 380100, "body_type": "hatchback", "model": "palio nv", "model_id": "8031", "fuel_type": "petrol", "make_id": "761", "trim_id": "39031", "make": "fiat", "trim_org_name": "1.6 SPORT", "data": {"code": "success", "data": {"fuel_type": "petrol", "body_type": "hatchback", "vehicle_image": "https://cdn1.acedms.com/photos/stock/2015-07-22/3212a56a7ef20301d33e10596f26352e.jpeg"}, "prices_list": [{"part_name": "Wiper Blades", "price_min": "420", "price_max": "520"}, {"part_name": "Front Bumper", "price_min": "1480", "price_max": "1810"}, {"part_name": "Front Fender", "price_min": "1290", "price_max": "1580"}, {"part_name": "Bonnet", "price_min": "3260", "price_max": "3990"}, {"part_name": "Front Door", "price_min": "4820", "price_max": "5890"}, {"part_name": "Bootlid", "price_min": "3960", "price_max": "4840"}, {"part_name": "Front Windscreen Glass", "price_min": "2690", "price_max": "3290"}, {"part_name": "Side Mirrors", "price_min": "880", "price_max": "1070"}, {"part_name": "Front Strut", "price_min": "1300", "price_max": "1580"}, {"part_name": "Front Suspension Lower Arm", "price_min": "1230", "price_max": "1500"}, {"part_name": "Suspension Overhaul", "price_min": "2160", "price_max": "2640"}]}}]}, {"model_org_name": "Palio Stile", "ex_showroom_price": 365300, "body_type": "hatchback", "model": "palio stile", "model_id": "8091", "make_id": "761", "make": "fiat", "trim_list": [{"trim": "sd 1.3", "model_org_name": "Palio Stile", "ex_showroom_price": 308900, "body_type": "hatchback", "model": "palio stile", "model_id": "8091", "fuel_type": "diesel", "make_id": "761", "trim_id": "39281", "make": "fiat", "trim_org_name": "SD 1.3", "data": {"code": "success", "data": {"fuel_type": "diesel", "body_type": "hatchback", "vehicle_image": "https://cdn1.acedms.com/uploads/category/fiat/20171219121911000000-6103182220923695105.jpg"}, "prices_list": [{"part_name": "Wiper Blades", "price_min": "500", "price_max": "610"}, {"part_name": "Front Bumper", "price_min": "1710", "price_max": "2090"}, {"part_name": "Front Fender", "price_min": "1330", "price_max": "1620"}, {"part_name": "Bonnet", "price_min": "3590", "price_max": "4380"}, {"part_name": "Front Door", "price_min": "4960", "price_max": "6060"}, {"part_name": "Bootlid", "price_min": "3970", "price_max": "4850"}, {"part_name": "Front Windscreen Glass", "price_min": "2880", "price_max": "3520"}, {"part_name": "Side Mirrors", "price_min": "1160", "price_max": "1420"}, {"part_name": "Front Strut", "price_min": "1480", "price_max": "1810"}, {"part_name": "Front Suspension Lower Arm", "price_min": "1490", "price_max": "1820"}, {"part_name": "Suspension Overhaul", "price_min": "2160", "price_max": "2640"}]}}, {"trim": "sde 1.3", "model_org_name": "Palio Stile", "ex_showroom_price": 320000, "body_type": "hatchback", "model": "palio stile", "model_id": "8091", "fuel_type": "diesel", "make_id": "761", "trim_id": "39291", "make": "fiat", "trim_org_name": "SDE 1.3", "data": {"code": "success", "data": {"fuel_type": "diesel", "body_type": "hatchback", "vehicle_image": "https://cdn1.acedms.com/uploads/category/fiat/20171219121911000000-6103182220923695105.jpg"}, "prices_list": [{"part_name": "Wiper Blades", "price_min": "500", "price_max": "610"}, {"part_name": "Front Bumper", "price_min": "1710", "price_max": "2090"}, {"part_name": "Front Fender", "price_min": "1330", "price_max": "1620"}, {"part_name": "Bonnet", "price_min": "3590", "price_max": "4380"}, {"part_name": "Front Door", "price_min": "4960", "price_max": "6060"}, {"part_name": "Bootlid", "price_min": "3970", "price_max": "4850"}, {"part_name": "Front Windscreen Glass", "price_min": "2880", "price_max": "3520"}, {"part_name": "Side Mirrors", "price_min": "1160", "price_max": "1420"}, {"part_name": "Front Strut", "price_min": "1480", "price_max": "1810"}, {"part_name": "Front Suspension Lower Arm", "price_min": "1490", "price_max": "1820"}, {"part_name": "Suspension Overhaul", "price_min": "2160", "price_max": "2640"}]}}, {"trim": "sdx 1.3", "model_org_name": "Palio Stile", "ex_showroom_price": 360800, "body_type": "hatchback", "model": "palio stile", "model_id": "8091", "fuel_type": "diesel", "make_id": "761", "trim_id": "39301", "make": "fiat", "trim_org_name": "SDX 1.3", "data": {"code": "success", "data": {"fuel_type": "diesel", "body_type": "hatchback", "vehicle_image": "https://cdn1.acedms.com/uploads/category/fiat/20171219121911000000-6103182220923695105.jpg"}, "prices_list": [{"part_name": "Wiper Blades", "price_min": "500", "price_max": "610"}, {"part_name": "Front Bumper", "price_min": "1710", "price_max": "2090"}, {"part_name": "Front Fender", "price_min": "1330", "price_max": "1620"}, {"part_name": "Bonnet", "price_min": "3590", "price_max": "4380"}, {"part_name": "Front Door", "price_min": "4960", "price_max": "6060"}, {"part_name": "Bootlid", "price_min": "3970", "price_max": "4850"}, {"part_name": "Front Windscreen Glass", "price_min": "2880", "price_max": "3520"}, {"part_name": "Side Mirrors", "price_min": "1160", "price_max": "1420"}, {"part_name": "Front Strut", "price_min": "1480", "price_max": "1810"}, {"part_name": "Front Suspension Lower Arm", "price_min": "1490", "price_max": "1820"}, {"part_name": "Suspension Overhaul", "price_min": "2160", "price_max": "2640"}]}}, {"trim": "sl 1.1", "model_org_name": "Palio Stile", "ex_showroom_price": 337700, "body_type": "hatchback", "model": "palio stile", "model_id": "8091", "fuel_type": "petrol", "make_id": "761", "trim_id": "39251", "make": "fiat", "trim_org_name": "SL 1.1", "data": {"code": "success", "data": {"fuel_type": "petrol", "body_type": "hatchback", "vehicle_image": "https://cdn1.acedms.com/uploads/category/fiat/20171219121911000000-6103182220923695105.jpg"}, "prices_list": [{"part_name": "Wiper Blades", "price_min": "420", "price_max": "520"}, {"part_name": "Front Bumper", "price_min": "1480", "price_max": "1810"}, {"part_name": "Front Fender", "price_min": "1290", "price_max": "1580"}, {"part_name": "Bonnet", "price_min": "3260", "price_max": "3990"}, {"part_name": "Front Door", "price_min": "4820", "price_max": "5890"}, {"part_name": "Bootlid", "price_min": "3960", "price_max": "4840"}, {"part_name": "Front Windscreen Glass", "price_min": "2690", "price_max": "3290"}, {"part_name": "Side Mirrors", "price_min": "880", "price_max": "1070"}, {"part_name": "Front Strut", "price_min": "1300", "price_max": "1580"}, {"part_name": "Front Suspension Lower Arm", "price_min": "1230", "price_max": "1500"}, {"part_name": "Suspension Overhaul", "price_min": "2160", "price_max": "2640"}]}}, {"trim": "sle 1.1", "model_org_name": "Palio Stile", "ex_showroom_price": 330700, "body_type": "hatchback", "model": "palio stile", "model_id": "8091", "fuel_type": "petrol", "make_id": "761", "trim_id": "39261", "make": "fiat", "trim_org_name": "SLE 1.1", "data": {"code": "success", "data": {"fuel_type": "petrol", "body_type": "hatchback", "vehicle_image": "https://cdn1.acedms.com/uploads/category/fiat/20171219121911000000-6103182220923695105.jpg"}, "prices_list": [{"part_name": "Wiper Blades", "price_min": "420", "price_max": "520"}, {"part_name": "Front Bumper", "price_min": "1480", "price_max": "1810"}, {"part_name": "Front Fender", "price_min": "1290", "price_max": "1580"}, {"part_name": "Bonnet", "price_min": "3260", "price_max": "3990"}, {"part_name": "Front Door", "price_min": "4820", "price_max": "5890"}, {"part_name": "Bootlid", "price_min": "3960", "price_max": "4840"}, {"part_name": "Front Windscreen Glass", "price_min": "2690", "price_max": "3290"}, {"part_name": "Side Mirrors", "price_min": "880", "price_max": "1070"}, {"part_name": "Front Strut", "price_min": "1300", "price_max": "1580"}, {"part_name": "Front Suspension Lower Arm", "price_min": "1230", "price_max": "1500"}, {"part_name": "Suspension Overhaul", "price_min": "2160", "price_max": "2640"}]}}, {"trim": "slx 1.1", "model_org_name": "Palio Stile", "ex_showroom_price": 365300, "body_type": "hatchback", "model": "palio stile", "model_id": "8091", "fuel_type": "petrol", "make_id": "761", "trim_id": "39271", "make": "fiat", "trim_org_name": "SLX 1.1", "data": {"code": "success", "data": {"fuel_type": "petrol", "body_type": "hatchback", "vehicle_image": "https://cdn1.acedms.com/uploads/category/fiat/20171219121911000000-6103182220923695105.jpg"}, "prices_list": [{"part_name": "Wiper Blades", "price_min": "420", "price_max": "520"}, {"part_name": "Front Bumper", "price_min": "1480", "price_max": "1810"}, {"part_name": "Front Fender", "price_min": "1290", "price_max": "1580"}, {"part_name": "Bonnet", "price_min": "3260", "price_max": "3990"}, {"part_name": "Front Door", "price_min": "4820", "price_max": "5890"}, {"part_name": "Bootlid", "price_min": "3960", "price_max": "4840"}, {"part_name": "Front Windscreen Glass", "price_min": "2690", "price_max": "3290"}, {"part_name": "Side Mirrors", "price_min": "880", "price_max": "1070"}, {"part_name": "Front Strut", "price_min": "1300", "price_max": "1580"}, {"part_name": "Front Suspension Lower Arm", "price_min": "1230", "price_max": "1500"}, {"part_name": "Suspension Overhaul", "price_min": "2160", "price_max": "2640"}]}}, {"trim": "sport 1.6", "model_org_name": "Palio Stile", "ex_showroom_price": 431300, "body_type": "hatchback", "model": "palio stile", "model_id": "8091", "fuel_type": "petrol", "make_id": "761", "trim_id": "39311", "make": "fiat", "trim_org_name": "SPORT 1.6", "data": {"code": "success", "data": {"fuel_type": "petrol", "body_type": "hatchback", "vehicle_image": "https://cdn1.acedms.com/uploads/category/fiat/20171219121911000000-6103182220923695105.jpg"}, "prices_list": [{"part_name": "Wiper Blades", "price_min": "420", "price_max": "520"}, {"part_name": "Front Bumper", "price_min": "1480", "price_max": "1810"}, {"part_name": "Front Fender", "price_min": "1290", "price_max": "1580"}, {"part_name": "Bonnet", "price_min": "3260", "price_max": "3990"}, {"part_name": "Front Door", "price_min": "4820", "price_max": "5890"}, {"part_name": "Bootlid", "price_min": "3960", "price_max": "4840"}, {"part_name": "Front Windscreen Glass", "price_min": "2690", "price_max": "3290"}, {"part_name": "Side Mirrors", "price_min": "880", "price_max": "1070"}, {"part_name": "Front Strut", "price_min": "1300", "price_max": "1580"}, {"part_name": "Front Suspension Lower Arm", "price_min": "1230", "price_max": "1500"}, {"part_name": "Suspension Overhaul", "price_min": "2160", "price_max": "2640"}]}}]}, {"model_org_name": "Petra", "ex_showroom_price": 497200, "body_type": "sedan", "model": "petra", "model_id": "8061", "make_id": "761", "make": "fiat", "trim_list": [{"trim": "el 1.2", "model_org_name": "Petra", "ex_showroom_price": 499800, "body_type": "sedan", "model": "petra", "model_id": "8061", "fuel_type": "petrol", "make_id": "761", "trim_id": "39081", "make": "fiat", "trim_org_name": "EL 1.2", "data": {"code": "success", "data": {"fuel_type": "petrol", "body_type": "sedan", "vehicle_image": "https://cdn1.acedms.com/photos/stock/2016-07-25/953f5a2c38a49fadb754ea8026217ed9.jpeg"}, "prices_list": [{"part_name": "Wiper Blades", "price_min": "540", "price_max": "660"}, {"part_name": "Front Bumper", "price_min": "2080", "price_max": "2540"}, {"part_name": "Front Fender", "price_min": "1720", "price_max": "2100"}, {"part_name": "Bonnet", "price_min": "4030", "price_max": "4920"}, {"part_name": "Front Door", "price_min": "6150", "price_max": "7520"}, {"part_name": "Bootlid", "price_min": "4690", "price_max": "5730"}, {"part_name": "Front Windscreen Glass", "price_min": "3130", "price_max": "3830"}, {"part_name": "Side Mirrors", "price_min": "1280", "price_max": "1560"}, {"part_name": "Front Strut", "price_min": "1600", "price_max": "1950"}, {"part_name": "Front Suspension Lower Arm", "price_min": "1650", "price_max": "2020"}, {"part_name": "Suspension Overhaul", "price_min": "2430", "price_max": "2970"}]}}, {"trim": "el 1.6 ps", "model_org_name": "Petra", "ex_showroom_price": 480700, "body_type": "sedan", "model": "petra", "model_id": "8061", "fuel_type": "petrol", "make_id": "761", "trim_id": "", "make": "fiat", "trim_org_name": ""}, {"trim": "elx 1.2 ps", "model_org_name": "Petra", "ex_showroom_price": 512300, "body_type": "sedan", "model": "petra", "model_id": "8061", "fuel_type": "petrol", "make_id": "761", "trim_id": "", "make": "fiat", "trim_org_name": ""}, {"trim": "elx 1.6 ps", "model_org_name": "Petra", "ex_showroom_price": 497200, "body_type": "sedan", "model": "petra", "model_id": "8061", "fuel_type": "petrol", "make_id": "761", "trim_id": "", "make": "fiat", "trim_org_name": ""}]}, {"model_org_name": "Petra D", "ex_showroom_price": 520000, "body_type": "sedan", "model": "petra d", "model_id": "7971", "make_id": "761", "make": "fiat", "trim_list": [{"trim": "el 1.9 ps", "model_org_name": "Petra D", "ex_showroom_price": 520000, "body_type": "sedan", "model": "petra d", "model_id": "7971", "fuel_type": "diesel", "make_id": "761", "trim_id": "38211", "make": "fiat", "trim_org_name": "EL 1.9 PS", "data": {"code": "success", "data": {"fuel_type": "diesel", "body_type": "sedan", "vehicle_image": "https://cdn1.acedms.com/photos/stock/2015-10-16/b081a65104c7f97506f9aebdbf0dc523.jpeg"}, "prices_list": [{"part_name": "Wiper Blades", "price_min": "550", "price_max": "670"}, {"part_name": "Front Bumper", "price_min": "2030", "price_max": "2480"}, {"part_name": "Front Fender", "price_min": "1660", "price_max": "2030"}, {"part_name": "Bonnet", "price_min": "3980", "price_max": "4860"}, {"part_name": "Front Door", "price_min": "5980", "price_max": "7310"}, {"part_name": "Bootlid", "price_min": "4530", "price_max": "5540"}, {"part_name": "Front Windscreen Glass", "price_min": "3180", "price_max": "3880"}, {"part_name": "Side Mirrors", "price_min": "1370", "price_max": "1680"}, {"part_name": "Front Strut", "price_min": "1600", "price_max": "1960"}, {"part_name": "Front Suspension Lower Arm", "price_min": "1560", "price_max": "1900"}, {"part_name": "Suspension Overhaul", "price_min": "2700", "price_max": "3300"}]}}, {"trim": "elx 1.9 ps", "model_org_name": "Petra D", "ex_showroom_price": 503300, "body_type": "sedan", "model": "petra d", "model_id": "7971", "fuel_type": "diesel", "make_id": "761", "trim_id": "38221", "make": "fiat", "trim_org_name": "ELX 1.9 PS", "data": {"code": "success", "data": {"fuel_type": "diesel", "body_type": "sedan", "vehicle_image": "https://cdn1.acedms.com/photos/stock/2015-10-16/b081a65104c7f97506f9aebdbf0dc523.jpeg"}, "prices_list": [{"part_name": "Wiper Blades", "price_min": "550", "price_max": "670"}, {"part_name": "Front Bumper", "price_min": "2030", "price_max": "2480"}, {"part_name": "Front Fender", "price_min": "1660", "price_max": "2030"}, {"part_name": "Bonnet", "price_min": "3980", "price_max": "4860"}, {"part_name": "Front Door", "price_min": "5980", "price_max": "7310"}, {"part_name": "Bootlid", "price_min": "4530", "price_max": "5540"}, {"part_name": "Front Windscreen Glass", "price_min": "3180", "price_max": "3880"}, {"part_name": "Side Mirrors", "price_min": "1370", "price_max": "1680"}, {"part_name": "Front Strut", "price_min": "1600", "price_max": "1960"}, {"part_name": "Front Suspension Lower Arm", "price_min": "1560", "price_max": "1900"}, {"part_name": "Suspension Overhaul", "price_min": "2700", "price_max": "3300"}]}}]}, {"model_org_name": "Punto", "ex_showroom_price": 613700, "body_type": "hatchback", "model": "punto", "model_id": "8141", "make_id": "761", "make": "fiat", "trim_list": [{"trim": "active 1.3", "model_org_name": "Punto", "ex_showroom_price": 614600, "body_type": "hatchback", "model": "punto", "model_id": "8141", "fuel_type": "diesel", "make_id": "761", "trim_id": "435981", "make": "fiat", "trim_org_name": "ACTIVE 1.3", "data": {"code": "success", "data": {"fuel_type": "diesel", "body_type": "hatchback", "vehicle_image": "https://cdn1.acedms.com/uploads/category/fiat/20171219120137000000-5432056282238228481.jpg"}, "prices_list": [{"part_name": "Wiper Blades", "price_min": "500", "price_max": "610"}, {"part_name": "Front Bumper", "price_min": "1710", "price_max": "2090"}, {"part_name": "Front Fender", "price_min": "1330", "price_max": "1620"}, {"part_name": "Bonnet", "price_min": "3590", "price_max": "4380"}, {"part_name": "Front Door", "price_min": "4960", "price_max": "6060"}, {"part_name": "Bootlid", "price_min": "3970", "price_max": "4850"}, {"part_name": "Front Windscreen Glass", "price_min": "2880", "price_max": "3520"}, {"part_name": "Side Mirrors", "price_min": "1160", "price_max": "1420"}, {"part_name": "Front Strut", "price_min": "1480", "price_max": "1810"}, {"part_name": "Front Suspension Lower Arm", "price_min": "1490", "price_max": "1820"}, {"part_name": "Suspension Overhaul", "price_min": "2160", "price_max": "2640"}]}}, {"trim": "dynamic 1.3", "model_org_name": "Punto", "ex_showroom_price": 613700, "body_type": "hatchback", "model": "punto", "model_id": "8141", "fuel_type": "diesel", "make_id": "761", "trim_id": "436001", "make": "fiat", "trim_org_name": "DYNAMIC 1.3", "data": {"code": "success", "data": {"fuel_type": "diesel", "body_type": "hatchback", "vehicle_image": "https://cdn1.acedms.com/uploads/category/fiat/20171219120137000000-5432056282238228481.jpg"}}}]}, {"model_org_name": "Punto Evo", "ex_showroom_price": 631292, "body_type": "hatchback", "model": "punto evo", "model_id": "8001", "make_id": "761", "make": "fiat", "trim_list": [{"trim": "1.3 sportivo", "model_org_name": "Punto Evo", "ex_showroom_price": 726000, "body_type": "hatchback", "model": "punto evo", "model_id": "8001", "fuel_type": "diesel", "make_id": "761", "trim_id": "331391", "make": "fiat", "trim_org_name": "1.3 SPORTIVO", "data": {"code": "success", "data": {"fuel_type": "diesel", "body_type": "hatchback", "vehicle_image": "https://cdn1.acedms.com/uploads/category/fiat/20171211082045000000-4593330185261400577.png"}, "prices_list": [{"part_name": "Wiper Blades", "price_min": "500", "price_max": "610"}, {"part_name": "Front Bumper", "price_min": "1710", "price_max": "2090"}, {"part_name": "Front Fender", "price_min": "1330", "price_max": "1620"}, {"part_name": "Bonnet", "price_min": "3590", "price_max": "4380"}, {"part_name": "Front Door", "price_min": "4960", "price_max": "6060"}, {"part_name": "Bootlid", "price_min": "3970", "price_max": "4850"}, {"part_name": "Front Windscreen Glass", "price_min": "2880", "price_max": "3520"}, {"part_name": "Side Mirrors", "price_min": "1160", "price_max": "1420"}, {"part_name": "Front Strut", "price_min": "1480", "price_max": "1810"}, {"part_name": "Front Suspension Lower Arm", "price_min": "1490", "price_max": "1820"}, {"part_name": "Suspension Overhaul", "price_min": "2160", "price_max": "2640"}]}}, {"trim": "90 hp 1.3 sports", "model_org_name": "Punto Evo", "ex_showroom_price": 789000, "body_type": "hatchback", "model": "punto evo", "model_id": "8001", "fuel_type": "diesel", "make_id": "761", "trim_id": "331381", "make": "fiat", "trim_org_name": "90 HP 1.3 SPORTS", "data": {"code": "success", "data": {"fuel_type": "diesel", "body_type": "hatchback", "vehicle_image": "https://cdn1.acedms.com/uploads/category/fiat/20171211082045000000-4593330185261400577.png"}, "prices_list": [{"part_name": "Wiper Blades", "price_min": "500", "price_max": "610"}, {"part_name": "Front Bumper", "price_min": "1710", "price_max": "2090"}, {"part_name": "Front Fender", "price_min": "1330", "price_max": "1620"}, {"part_name": "Bonnet", "price_min": "3590", "price_max": "4380"}, {"part_name": "Front Door", "price_min": "4960", "price_max": "6060"}, {"part_name": "Bootlid", "price_min": "3970", "price_max": "4850"}, {"part_name": "Front Windscreen Glass", "price_min": "2880", "price_max": "3520"}, {"part_name": "Side Mirrors", "price_min": "1160", "price_max": "1420"}, {"part_name": "Front Strut", "price_min": "1480", "price_max": "1810"}, {"part_name": "Front Suspension Lower Arm", "price_min": "1490", "price_max": "1820"}, {"part_name": "Suspension Overhaul", "price_min": "2160", "price_max": "2640"}]}}, {"trim": "active 1.2", "model_org_name": "Punto Evo", "ex_showroom_price": 505000, "body_type": "hatchback", "model": "punto evo", "model_id": "8001", "fuel_type": "petrol", "make_id": "761", "trim_id": "331311", "make": "fiat", "trim_org_name": "ACTIVE 1.2", "data": {"code": "success", "data": {"fuel_type": "petrol", "body_type": "hatchback", "vehicle_image": "https://cdn1.acedms.com/uploads/category/fiat/20171211082045000000-4593330185261400577.png"}, "prices_list": [{"part_name": "Wiper Blades", "price_min": "420", "price_max": "520"}, {"part_name": "Front Bumper", "price_min": "1480", "price_max": "1810"}, {"part_name": "Front Fender", "price_min": "1290", "price_max": "1580"}, {"part_name": "Bonnet", "price_min": "3260", "price_max": "3990"}, {"part_name": "Front Door", "price_min": "4820", "price_max": "5890"}, {"part_name": "Bootlid", "price_min": "3960", "price_max": "4840"}, {"part_name": "Front Windscreen Glass", "price_min": "2690", "price_max": "3290"}, {"part_name": "Side Mirrors", "price_min": "880", "price_max": "1070"}, {"part_name": "Front Strut", "price_min": "1300", "price_max": "1580"}, {"part_name": "Front Suspension Lower Arm", "price_min": "1230", "price_max": "1500"}, {"part_name": "Suspension Overhaul", "price_min": "2160", "price_max": "2640"}]}}, {"trim": "active multijet 1.3", "model_org_name": "Punto Evo", "ex_showroom_price": 645000, "body_type": "hatchback", "model": "punto evo", "model_id": "8001", "fuel_type": "diesel", "make_id": "761", "trim_id": "331411", "make": "fiat", "trim_org_name": "ACTIVE MULTIJET 1.3", "data": {"code": "success", "data": {"fuel_type": "diesel", "body_type": "hatchback", "vehicle_image": "https://cdn1.acedms.com/uploads/category/fiat/20171211082045000000-4593330185261400577.png"}, "prices_list": [{"part_name": "Wiper Blades", "price_min": "500", "price_max": "610"}, {"part_name": "Front Bumper", "price_min": "1710", "price_max": "2090"}, {"part_name": "Front Fender", "price_min": "1330", "price_max": "1620"}, {"part_name": "Bonnet", "price_min": "3590", "price_max": "4380"}, {"part_name": "Front Door", "price_min": "4960", "price_max": "6060"}, {"part_name": "Bootlid", "price_min": "3970", "price_max": "4850"}, {"part_name": "Front Windscreen Glass", "price_min": "2880", "price_max": "3520"}, {"part_name": "Side Mirrors", "price_min": "1160", "price_max": "1420"}, {"part_name": "Front Strut", "price_min": "1480", "price_max": "1810"}, {"part_name": "Front Suspension Lower Arm", "price_min": "1490", "price_max": "1820"}, {"part_name": "Suspension Overhaul", "price_min": "2160", "price_max": "2640"}]}}, {"trim": "active multijet 1.3 90 hp", "model_org_name": "Punto Evo", "ex_showroom_price": 631292, "body_type": "hatchback", "model": "punto evo", "model_id": "8001", "fuel_type": "diesel", "make_id": "761", "trim_id": "331361", "make": "fiat", "trim_org_name": "ACTIVE MULTIJET 1.3 90 HP", "data": {"code": "success", "data": {"fuel_type": "diesel", "body_type": "hatchback", "vehicle_image": "https://cdn1.acedms.com/uploads/category/fiat/20171211082045000000-4593330185261400577.png"}, "prices_list": [{"part_name": "Wiper Blades", "price_min": "500", "price_max": "610"}, {"part_name": "Front Bumper", "price_min": "1710", "price_max": "2090"}, {"part_name": "Front Fender", "price_min": "1330", "price_max": "1620"}, {"part_name": "Bonnet", "price_min": "3590", "price_max": "4380"}, {"part_name": "Front Door", "price_min": "4960", "price_max": "6060"}, {"part_name": "Bootlid", "price_min": "3970", "price_max": "4850"}, {"part_name": "Front Windscreen Glass", "price_min": "2880", "price_max": "3520"}, {"part_name": "Side Mirrors", "price_min": "1160", "price_max": "1420"}, {"part_name": "Front Strut", "price_min": "1480", "price_max": "1810"}, {"part_name": "Front Suspension Lower Arm", "price_min": "1490", "price_max": "1820"}, {"part_name": "Suspension Overhaul", "price_min": "2160", "price_max": "2640"}]}}, {"trim": "dynamic 1.2", "model_org_name": "Punto Evo", "ex_showroom_price": 535562, "body_type": "hatchback", "model": "punto evo", "model_id": "8001", "fuel_type": "petrol", "make_id": "761", "trim_id": "331401", "make": "fiat", "trim_org_name": "DYNAMIC 1.2", "data": {"code": "success", "data": {"fuel_type": "petrol", "body_type": "hatchback", "vehicle_image": "https://cdn1.acedms.com/uploads/category/fiat/20171211082045000000-4593330185261400577.png"}, "prices_list": [{"part_name": "Wiper Blades", "price_min": "420", "price_max": "520"}, {"part_name": "Front Bumper", "price_min": "1480", "price_max": "1810"}, {"part_name": "Front Fender", "price_min": "1290", "price_max": "1580"}, {"part_name": "Bonnet", "price_min": "3260", "price_max": "3990"}, {"part_name": "Front Door", "price_min": "4820", "price_max": "5890"}, {"part_name": "Bootlid", "price_min": "3960", "price_max": "4840"}, {"part_name": "Front Windscreen Glass", "price_min": "2690", "price_max": "3290"}, {"part_name": "Side Mirrors", "price_min": "880", "price_max": "1070"}, {"part_name": "Front Strut", "price_min": "1300", "price_max": "1580"}, {"part_name": "Front Suspension Lower Arm", "price_min": "1230", "price_max": "1500"}, {"part_name": "Suspension Overhaul", "price_min": "2160", "price_max": "2640"}]}}, {"trim": "dynamic multijet 1.3", "model_org_name": "Punto Evo", "ex_showroom_price": 705000, "body_type": "hatchback", "model": "punto evo", "model_id": "8001", "fuel_type": "diesel", "make_id": "761", "trim_id": "331321", "make": "fiat", "trim_org_name": "DYNAMIC MULTIJET 1.3", "data": {"code": "success", "data": {"fuel_type": "diesel", "body_type": "hatchback", "vehicle_image": "https://cdn1.acedms.com/uploads/category/fiat/20171211082045000000-4593330185261400577.png"}, "prices_list": [{"part_name": "Wiper Blades", "price_min": "500", "price_max": "610"}, {"part_name": "Front Bumper", "price_min": "1710", "price_max": "2090"}, {"part_name": "Front Fender", "price_min": "1330", "price_max": "1620"}, {"part_name": "Bonnet", "price_min": "3590", "price_max": "4380"}, {"part_name": "Front Door", "price_min": "4960", "price_max": "6060"}, {"part_name": "Bootlid", "price_min": "3970", "price_max": "4850"}, {"part_name": "Front Windscreen Glass", "price_min": "2880", "price_max": "3520"}, {"part_name": "Side Mirrors", "price_min": "1160", "price_max": "1420"}, {"part_name": "Front Strut", "price_min": "1480", "price_max": "1810"}, {"part_name": "Front Suspension Lower Arm", "price_min": "1490", "price_max": "1820"}, {"part_name": "Suspension Overhaul", "price_min": "2160", "price_max": "2640"}]}}, {"trim": "dynamic multijet 1.3 90 hp", "model_org_name": "Punto Evo", "ex_showroom_price": 692655, "body_type": "hatchback", "model": "punto evo", "model_id": "8001", "fuel_type": "diesel", "make_id": "761", "trim_id": "331421", "make": "fiat", "trim_org_name": "DYNAMIC MULTIJET 1.3 90 HP", "data": {"code": "success", "data": {"fuel_type": "diesel", "body_type": "hatchback", "vehicle_image": "https://cdn1.acedms.com/uploads/category/fiat/20171211082045000000-4593330185261400577.png"}, "prices_list": [{"part_name": "Wiper Blades", "price_min": "500", "price_max": "610"}, {"part_name": "Front Bumper", "price_min": "1710", "price_max": "2090"}, {"part_name": "Front Fender", "price_min": "1330", "price_max": "1620"}, {"part_name": "Bonnet", "price_min": "3590", "price_max": "4380"}, {"part_name": "Front Door", "price_min": "4960", "price_max": "6060"}, {"part_name": "Bootlid", "price_min": "3970", "price_max": "4850"}, {"part_name": "Front Windscreen Glass", "price_min": "2880", "price_max": "3520"}, {"part_name": "Side Mirrors", "price_min": "1160", "price_max": "1420"}, {"part_name": "Front Strut", "price_min": "1480", "price_max": "1810"}, {"part_name": "Front Suspension Lower Arm", "price_min": "1490", "price_max": "1820"}, {"part_name": "Suspension Overhaul", "price_min": "2160", "price_max": "2640"}]}}, {"trim": "emotion 1.4", "model_org_name": "Punto Evo", "ex_showroom_price": 707700, "body_type": "hatchback", "model": "punto evo", "model_id": "8001", "fuel_type": "petrol", "make_id": "761", "trim_id": "331331", "make": "fiat", "trim_org_name": "EMOTION 1.4", "data": {"code": "success", "data": {"fuel_type": "petrol", "body_type": "hatchback", "vehicle_image": "https://cdn1.acedms.com/uploads/category/fiat/20171211082045000000-4593330185261400577.png"}, "prices_list": [{"part_name": "Wiper Blades", "price_min": "420", "price_max": "520"}, {"part_name": "Front Bumper", "price_min": "1480", "price_max": "1810"}, {"part_name": "Front Fender", "price_min": "1290", "price_max": "1580"}, {"part_name": "Bonnet", "price_min": "3260", "price_max": "3990"}, {"part_name": "Front Door", "price_min": "4820", "price_max": "5890"}, {"part_name": "Bootlid", "price_min": "3960", "price_max": "4840"}, {"part_name": "Front Windscreen Glass", "price_min": "2690", "price_max": "3290"}, {"part_name": "Side Mirrors", "price_min": "880", "price_max": "1070"}, {"part_name": "Front Strut", "price_min": "1300", "price_max": "1580"}, {"part_name": "Front Suspension Lower Arm", "price_min": "1230", "price_max": "1500"}, {"part_name": "Suspension Overhaul", "price_min": "2160", "price_max": "2640"}]}}, {"trim": "emotion multijet 1.3", "model_org_name": "Punto Evo", "ex_showroom_price": 760000, "body_type": "hatchback", "model": "punto evo", "model_id": "8001", "fuel_type": "diesel", "make_id": "761", "trim_id": "331341", "make": "fiat", "trim_org_name": "EMOTION MULTIJET 1.3", "data": {"code": "success", "data": {"fuel_type": "diesel", "body_type": "hatchback", "vehicle_image": "https://cdn1.acedms.com/uploads/category/fiat/20171211082045000000-4593330185261400577.png"}, "prices_list": [{"part_name": "Wiper Blades", "price_min": "500", "price_max": "610"}, {"part_name": "Front Bumper", "price_min": "1710", "price_max": "2090"}, {"part_name": "Front Fender", "price_min": "1330", "price_max": "1620"}, {"part_name": "Bonnet", "price_min": "3590", "price_max": "4380"}, {"part_name": "Front Door", "price_min": "4960", "price_max": "6060"}, {"part_name": "Bootlid", "price_min": "3970", "price_max": "4850"}, {"part_name": "Front Windscreen Glass", "price_min": "2880", "price_max": "3520"}, {"part_name": "Side Mirrors", "price_min": "1160", "price_max": "1420"}, {"part_name": "Front Strut", "price_min": "1480", "price_max": "1810"}, {"part_name": "Front Suspension Lower Arm", "price_min": "1490", "price_max": "1820"}, {"part_name": "Suspension Overhaul", "price_min": "2160", "price_max": "2640"}]}}, {"trim": "emotion multijet 1.3 90 hp", "model_org_name": "Punto Evo", "ex_showroom_price": 747774, "body_type": "hatchback", "model": "punto evo", "model_id": "8001", "fuel_type": "diesel", "make_id": "761", "trim_id": "331371", "make": "fiat", "trim_org_name": "EMOTION MULTIJET 1.3 90 HP", "data": {"code": "success", "data": {"fuel_type": "diesel", "body_type": "hatchback", "vehicle_image": "https://cdn1.acedms.com/uploads/category/fiat/20171211082045000000-4593330185261400577.png"}, "prices_list": [{"part_name": "Wiper Blades", "price_min": "500", "price_max": "610"}, {"part_name": "Front Bumper", "price_min": "1710", "price_max": "2090"}, {"part_name": "Front Fender", "price_min": "1330", "price_max": "1620"}, {"part_name": "Bonnet", "price_min": "3590", "price_max": "4380"}, {"part_name": "Front Door", "price_min": "4960", "price_max": "6060"}, {"part_name": "Bootlid", "price_min": "3970", "price_max": "4850"}, {"part_name": "Front Windscreen Glass", "price_min": "2880", "price_max": "3520"}, {"part_name": "Side Mirrors", "price_min": "1160", "price_max": "1420"}, {"part_name": "Front Strut", "price_min": "1480", "price_max": "1810"}, {"part_name": "Front Suspension Lower Arm", "price_min": "1490", "price_max": "1820"}, {"part_name": "Suspension Overhaul", "price_min": "2160", "price_max": "2640"}]}}, {"trim": "multijet 1.3 90 hp", "model_org_name": "Punto Evo", "ex_showroom_price": 744200, "body_type": "hatchback", "model": "punto evo", "model_id": "8001", "fuel_type": "diesel", "make_id": "761", "trim_id": "331351", "make": "fiat", "trim_org_name": "MULTIJET 1.3 90 HP", "data": {"code": "success", "data": {"fuel_type": "diesel", "body_type": "hatchback", "vehicle_image": "https://cdn1.acedms.com/uploads/category/fiat/20171211082045000000-4593330185261400577.png"}, "prices_list": [{"part_name": "Wiper Blades", "price_min": "500", "price_max": "610"}, {"part_name": "Front Bumper", "price_min": "1710", "price_max": "2090"}, {"part_name": "Front Fender", "price_min": "1330", "price_max": "1620"}, {"part_name": "Bonnet", "price_min": "3590", "price_max": "4380"}, {"part_name": "Front Door", "price_min": "4960", "price_max": "6060"}, {"part_name": "Bootlid", "price_min": "3970", "price_max": "4850"}, {"part_name": "Front Windscreen Glass", "price_min": "2880", "price_max": "3520"}, {"part_name": "Side Mirrors", "price_min": "1160", "price_max": "1420"}, {"part_name": "Front Strut", "price_min": "1480", "price_max": "1810"}, {"part_name": "Front Suspension Lower Arm", "price_min": "1490", "price_max": "1820"}, {"part_name": "Suspension Overhaul", "price_min": "2160", "price_max": "2640"}]}}, {"trim": "pure 1.2", "model_org_name": "Punto Evo", "ex_showroom_price": 482330, "body_type": "hatchback", "model": "punto evo", "model_id": "8001", "fuel_type": "petrol", "make_id": "761", "trim_id": "515821", "make": "fiat", "trim_org_name": "PURE 1.2", "data": {"code": "success", "data": {"fuel_type": "petrol", "body_type": "hatchback", "vehicle_image": "https://cdn1.acedms.com/uploads/category/fiat/20171211082045000000-4593330185261400577.png"}, "prices_list": [{"part_name": "Wiper Blades", "price_min": "420", "price_max": "520"}, {"part_name": "Front Bumper", "price_min": "1480", "price_max": "1810"}, {"part_name": "Front Fender", "price_min": "1290", "price_max": "1580"}, {"part_name": "Bonnet", "price_min": "3260", "price_max": "3990"}, {"part_name": "Front Door", "price_min": "4820", "price_max": "5890"}, {"part_name": "Bootlid", "price_min": "3960", "price_max": "4840"}, {"part_name": "Front Windscreen Glass", "price_min": "2690", "price_max": "3290"}, {"part_name": "Side Mirrors", "price_min": "880", "price_max": "1070"}, {"part_name": "Front Strut", "price_min": "1300", "price_max": "1580"}, {"part_name": "Front Suspension Lower Arm", "price_min": "1230", "price_max": "1500"}, {"part_name": "Suspension Overhaul", "price_min": "2160", "price_max": "2640"}]}}, {"trim": "pure 1.3", "model_org_name": "Punto Evo", "ex_showroom_price": 575947, "body_type": "hatchback", "model": "punto evo", "model_id": "8001", "fuel_type": "diesel", "make_id": "761", "trim_id": "515811", "make": "fiat", "trim_org_name": "PURE 1.3", "data": {"code": "success", "data": {"fuel_type": "diesel", "body_type": "hatchback", "vehicle_image": "https://cdn1.acedms.com/uploads/category/fiat/20171211082045000000-4593330185261400577.png"}, "prices_list": [{"part_name": "Wiper Blades", "price_min": "500", "price_max": "610"}, {"part_name": "Front Bumper", "price_min": "1710", "price_max": "2090"}, {"part_name": "Front Fender", "price_min": "1330", "price_max": "1620"}, {"part_name": "Bonnet", "price_min": "3590", "price_max": "4380"}, {"part_name": "Front Door", "price_min": "4960", "price_max": "6060"}, {"part_name": "Bootlid", "price_min": "3970", "price_max": "4850"}, {"part_name": "Front Windscreen Glass", "price_min": "2880", "price_max": "3520"}, {"part_name": "Side Mirrors", "price_min": "1160", "price_max": "1420"}, {"part_name": "Front Strut", "price_min": "1480", "price_max": "1810"}, {"part_name": "Front Suspension Lower Arm", "price_min": "1490", "price_max": "1820"}, {"part_name": "Suspension Overhaul", "price_min": "2160", "price_max": "2640"}]}}]}, {"model_org_name": "Punto Pure", "ex_showroom_price": 549000, "body_type": "hatchback", "model": "punto pure", "model_id": "7951", "make_id": "761", "make": "fiat", "trim_list": [{"trim": "1.2 petrol", "model_org_name": "Punto Pure", "ex_showroom_price": 458409, "body_type": "hatchback", "model": "punto pure", "model_id": "7951", "fuel_type": "petrol", "make_id": "761", "trim_id": "38031", "make": "fiat", "trim_org_name": "1.2 PETROL", "data": {"code": "success", "data": {"fuel_type": "petrol", "body_type": "hatchback", "vehicle_image": "https://cdn1.acedms.com/uploads/category/fiat/20171211090933000000-1467142094436045057.png"}, "prices_list": [{"part_name": "Wiper Blades", "price_min": "420", "price_max": "520"}, {"part_name": "Front Bumper", "price_min": "1480", "price_max": "1810"}, {"part_name": "Front Fender", "price_min": "1290", "price_max": "1580"}, {"part_name": "Bonnet", "price_min": "3260", "price_max": "3990"}, {"part_name": "Front Door", "price_min": "4820", "price_max": "5890"}, {"part_name": "Bootlid", "price_min": "3960", "price_max": "4840"}, {"part_name": "Front Windscreen Glass", "price_min": "2690", "price_max": "3290"}, {"part_name": "Side Mirrors", "price_min": "880", "price_max": "1070"}, {"part_name": "Front Strut", "price_min": "1300", "price_max": "1580"}, {"part_name": "Front Suspension Lower Arm", "price_min": "1230", "price_max": "1500"}, {"part_name": "Suspension Overhaul", "price_min": "2160", "price_max": "2640"}]}}, {"trim": "1.3 diesel", "model_org_name": "Punto Pure", "ex_showroom_price": 549000, "body_type": "hatchback", "model": "punto pure", "model_id": "7951", "fuel_type": "diesel", "make_id": "761", "trim_id": "38041", "make": "fiat", "trim_org_name": "1.3 DIESEL", "data": {"code": "success", "data": {"fuel_type": "diesel", "body_type": "hatchback", "vehicle_image": "https://cdn1.acedms.com/uploads/category/fiat/20171211090933000000-1467142094436045057.png"}, "prices_list": [{"part_name": "Wiper Blades", "price_min": "500", "price_max": "610"}, {"part_name": "Front Bumper", "price_min": "1710", "price_max": "2090"}, {"part_name": "Front Fender", "price_min": "1330", "price_max": "1620"}, {"part_name": "Bonnet", "price_min": "3590", "price_max": "4380"}, {"part_name": "Front Door", "price_min": "4960", "price_max": "6060"}, {"part_name": "Bootlid", "price_min": "3970", "price_max": "4850"}, {"part_name": "Front Windscreen Glass", "price_min": "2880", "price_max": "3520"}, {"part_name": "Side Mirrors", "price_min": "1160", "price_max": "1420"}, {"part_name": "Front Strut", "price_min": "1480", "price_max": "1810"}, {"part_name": "Front Suspension Lower Arm", "price_min": "1490", "price_max": "1820"}, {"part_name": "Suspension Overhaul", "price_min": "2160", "price_max": "2640"}]}}]}, {"model_org_name": "Siena", "ex_showroom_price": 621000, "body_type": "sedan", "model": "siena", "model_id": "8021", "make_id": "761", "make": "fiat", "trim_list": [{"trim": "el 1.7 ps", "model_org_name": "Siena", "ex_showroom_price": 621000, "body_type": "sedan", "model": "siena", "model_id": "8021", "fuel_type": "petrol", "make_id": "761", "trim_id": "384711", "make": "fiat", "trim_org_name": "EL 1.7 PS", "data": {"code": "success", "data": {"fuel_type": "petrol", "body_type": "sedan", "vehicle_image": "https://cdn1.acedms.com/photos/stock/2016-09-03/5f3fea3cca0835b6112ea48045c6d753.jpeg"}, "prices_list": [{"part_name": "Wiper Blades", "price_min": "540", "price_max": "660"}, {"part_name": "Front Bumper", "price_min": "2080", "price_max": "2540"}, {"part_name": "Front Fender", "price_min": "1720", "price_max": "2100"}, {"part_name": "Bonnet", "price_min": "4030", "price_max": "4920"}, {"part_name": "Front Door", "price_min": "6150", "price_max": "7520"}, {"part_name": "Bootlid", "price_min": "4690", "price_max": "5730"}, {"part_name": "Front Windscreen Glass", "price_min": "3130", "price_max": "3830"}, {"part_name": "Side Mirrors", "price_min": "1280", "price_max": "1560"}, {"part_name": "Front Strut", "price_min": "1600", "price_max": "1950"}, {"part_name": "Front Suspension Lower Arm", "price_min": "1650", "price_max": "2020"}, {"part_name": "Suspension Overhaul", "price_min": "2430", "price_max": "2970"}]}}, {"trim": "mastero 1.6 sp", "model_org_name": "Siena", "ex_showroom_price": 643400, "body_type": "sedan", "model": "siena", "model_id": "8021", "fuel_type": "petrol", "make_id": "761", "trim_id": "384811", "make": "fiat", "trim_org_name": "MASTERO 1.6 SP", "data": {"code": "success", "data": {"fuel_type": "petrol", "body_type": "sedan", "vehicle_image": "https://cdn1.acedms.com/photos/stock/2016-09-03/5f3fea3cca0835b6112ea48045c6d753.jpeg"}, "prices_list": [{"part_name": "Wiper Blades", "price_min": "540", "price_max": "660"}, {"part_name": "Front Bumper", "price_min": "2080", "price_max": "2540"}, {"part_name": "Front Fender", "price_min": "1720", "price_max": "2100"}, {"part_name": "Bonnet", "price_min": "4030", "price_max": "4920"}, {"part_name": "Front Door", "price_min": "6150", "price_max": "7520"}, {"part_name": "Bootlid", "price_min": "4690", "price_max": "5730"}, {"part_name": "Front Windscreen Glass", "price_min": "3130", "price_max": "3830"}, {"part_name": "Side Mirrors", "price_min": "1280", "price_max": "1560"}, {"part_name": "Front Strut", "price_min": "1600", "price_max": "1950"}, {"part_name": "Front Suspension Lower Arm", "price_min": "1650", "price_max": "2020"}, {"part_name": "Suspension Overhaul", "price_min": "2430", "price_max": "2970"}]}}]}, {"model_org_name": "Uno", "ex_showroom_price": 420300, "body_type": "hatchback", "model": "uno", "model_id": "8111", "make_id": "761", "make": "fiat", "trim_list": [{"trim": "diesel", "model_org_name": "Uno", "ex_showroom_price": 461900, "body_type": "hatchback", "model": "uno", "model_id": "8111", "fuel_type": "diesel", "make_id": "761", "trim_id": "39391", "make": "fiat", "trim_org_name": "DIESEL", "data": {"code": "success", "data": {"fuel_type": "diesel", "body_type": "hatchback", "vehicle_image": "https://cdn1.acedms.com/photos/stock/2016-09-03/7d37340442fe38d67be49a82200b7043.jpeg"}, "prices_list": [{"part_name": "Wiper Blades", "price_min": "500", "price_max": "610"}, {"part_name": "Front Bumper", "price_min": "1710", "price_max": "2090"}, {"part_name": "Front Fender", "price_min": "1330", "price_max": "1620"}, {"part_name": "Bonnet", "price_min": "3590", "price_max": "4380"}, {"part_name": "Front Door", "price_min": "4960", "price_max": "6060"}, {"part_name": "Bootlid", "price_min": "3970", "price_max": "4850"}, {"part_name": "Front Windscreen Glass", "price_min": "2880", "price_max": "3520"}, {"part_name": "Side Mirrors", "price_min": "1160", "price_max": "1420"}, {"part_name": "Front Strut", "price_min": "1480", "price_max": "1810"}, {"part_name": "Front Suspension Lower Arm", "price_min": "1490", "price_max": "1820"}, {"part_name": "Suspension Overhaul", "price_min": "2160", "price_max": "2640"}]}}, {"trim": "diesel ac", "model_org_name": "Uno", "ex_showroom_price": 565100, "body_type": "hatchback", "model": "uno", "model_id": "8111", "fuel_type": "diesel", "make_id": "761", "trim_id": "39401", "make": "fiat", "trim_org_name": "DIESEL AC", "data": {"code": "success", "data": {"fuel_type": "diesel", "body_type": "hatchback", "vehicle_image": "https://cdn1.acedms.com/photos/stock/2016-09-03/7d37340442fe38d67be49a82200b7043.jpeg"}, "prices_list": [{"part_name": "Wiper Blades", "price_min": "500", "price_max": "610"}, {"part_name": "Front Bumper", "price_min": "1710", "price_max": "2090"}, {"part_name": "Front Fender", "price_min": "1330", "price_max": "1620"}, {"part_name": "Bonnet", "price_min": "3590", "price_max": "4380"}, {"part_name": "Front Door", "price_min": "4960", "price_max": "6060"}, {"part_name": "Bootlid", "price_min": "3970", "price_max": "4850"}, {"part_name": "Front Windscreen Glass", "price_min": "2880", "price_max": "3520"}, {"part_name": "Side Mirrors", "price_min": "1160", "price_max": "1420"}, {"part_name": "Front Strut", "price_min": "1480", "price_max": "1810"}, {"part_name": "Front Suspension Lower Arm", "price_min": "1490", "price_max": "1820"}, {"part_name": "Suspension Overhaul", "price_min": "2160", "price_max": "2640"}]}}, {"trim": "el 1.2 ac", "model_org_name": "Uno", "ex_showroom_price": 415200, "body_type": "hatchback", "model": "uno", "model_id": "8111", "fuel_type": "petrol", "make_id": "761", "trim_id": "39361", "make": "fiat", "trim_org_name": "EL 1.2 AC", "data": {"code": "success", "data": {"fuel_type": "petrol", "body_type": "hatchback", "vehicle_image": "https://cdn1.acedms.com/photos/stock/2016-09-03/7d37340442fe38d67be49a82200b7043.jpeg"}, "prices_list": [{"part_name": "Wiper Blades", "price_min": "420", "price_max": "520"}, {"part_name": "Front Bumper", "price_min": "1480", "price_max": "1810"}, {"part_name": "Front Fender", "price_min": "1290", "price_max": "1580"}, {"part_name": "Bonnet", "price_min": "3260", "price_max": "3990"}, {"part_name": "Front Door", "price_min": "4820", "price_max": "5890"}, {"part_name": "Bootlid", "price_min": "3960", "price_max": "4840"}, {"part_name": "Front Windscreen Glass", "price_min": "2690", "price_max": "3290"}, {"part_name": "Side Mirrors", "price_min": "880", "price_max": "1070"}, {"part_name": "Front Strut", "price_min": "1300", "price_max": "1580"}, {"part_name": "Front Suspension Lower Arm", "price_min": "1230", "price_max": "1500"}, {"part_name": "Suspension Overhaul", "price_min": "2160", "price_max": "2640"}]}}, {"trim": "elx 1.2 ac", "model_org_name": "Uno", "ex_showroom_price": 420300, "body_type": "hatchback", "model": "uno", "model_id": "8111", "fuel_type": "petrol", "make_id": "761", "trim_id": "39461", "make": "fiat", "trim_org_name": "ELX 1.2 AC", "data": {"code": "success", "data": {"fuel_type": "petrol", "body_type": "hatchback", "vehicle_image": "https://cdn1.acedms.com/photos/stock/2016-09-03/7d37340442fe38d67be49a82200b7043.jpeg"}}}, {"trim": "elx 1.7 ac", "model_org_name": "Uno", "ex_showroom_price": 420300, "body_type": "hatchback", "model": "uno", "model_id": "8111", "fuel_type": "diesel", "make_id": "761", "trim_id": "39491", "make": "fiat", "trim_org_name": "ELX 1.7 AC", "data": {"code": "success", "data": {"fuel_type": "diesel", "body_type": "hatchback", "vehicle_image": "https://cdn1.acedms.com/photos/stock/2016-09-03/7d37340442fe38d67be49a82200b7043.jpeg"}, "prices_list": [{"part_name": "Wiper Blades", "price_min": "500", "price_max": "610"}, {"part_name": "Front Bumper", "price_min": "1710", "price_max": "2090"}, {"part_name": "Front Fender", "price_min": "1330", "price_max": "1620"}, {"part_name": "Bonnet", "price_min": "3590", "price_max": "4380"}, {"part_name": "Front Door", "price_min": "4960", "price_max": "6060"}, {"part_name": "Bootlid", "price_min": "3970", "price_max": "4850"}, {"part_name": "Front Windscreen Glass", "price_min": "2880", "price_max": "3520"}, {"part_name": "Side Mirrors", "price_min": "1160", "price_max": "1420"}, {"part_name": "Front Strut", "price_min": "1480", "price_max": "1810"}, {"part_name": "Front Suspension Lower Arm", "price_min": "1490", "price_max": "1820"}, {"part_name": "Suspension Overhaul", "price_min": "2160", "price_max": "2640"}]}}, {"trim": "petrol", "model_org_name": "Uno", "ex_showroom_price": 403400, "body_type": "hatchback", "model": "uno", "model_id": "8111", "fuel_type": "petrol", "make_id": "761", "trim_id": "39411", "make": "fiat", "trim_org_name": "PETROL", "data": {"code": "success", "data": {"fuel_type": "petrol", "body_type": "hatchback", "vehicle_image": "https://cdn1.acedms.com/photos/stock/2016-09-03/7d37340442fe38d67be49a82200b7043.jpeg"}, "prices_list": [{"part_name": "Wiper Blades", "price_min": "420", "price_max": "520"}, {"part_name": "Front Bumper", "price_min": "1480", "price_max": "1810"}, {"part_name": "Front Fender", "price_min": "1290", "price_max": "1580"}, {"part_name": "Bonnet", "price_min": "3260", "price_max": "3990"}, {"part_name": "Front Door", "price_min": "4820", "price_max": "5890"}, {"part_name": "Bootlid", "price_min": "3960", "price_max": "4840"}, {"part_name": "Front Windscreen Glass", "price_min": "2690", "price_max": "3290"}, {"part_name": "Side Mirrors", "price_min": "880", "price_max": "1070"}, {"part_name": "Front Strut", "price_min": "1300", "price_max": "1580"}, {"part_name": "Front Suspension Lower Arm", "price_min": "1230", "price_max": "1500"}, {"part_name": "Suspension Overhaul", "price_min": "2160", "price_max": "2640"}]}}, {"trim": "petrol ac", "model_org_name": "Uno", "ex_showroom_price": 464000, "body_type": "hatchback", "model": "uno", "model_id": "8111", "fuel_type": "petrol", "make_id": "761", "trim_id": "39421", "make": "fiat", "trim_org_name": "PETROL AC", "data": {"code": "success", "data": {"fuel_type": "petrol", "body_type": "hatchback", "vehicle_image": "https://cdn1.acedms.com/photos/stock/2016-09-03/7d37340442fe38d67be49a82200b7043.jpeg"}, "prices_list": [{"part_name": "Wiper Blades", "price_min": "420", "price_max": "520"}, {"part_name": "Front Bumper", "price_min": "1480", "price_max": "1810"}, {"part_name": "Front Fender", "price_min": "1290", "price_max": "1580"}, {"part_name": "Bonnet", "price_min": "3260", "price_max": "3990"}, {"part_name": "Front Door", "price_min": "4820", "price_max": "5890"}, {"part_name": "Bootlid", "price_min": "3960", "price_max": "4840"}, {"part_name": "Front Windscreen Glass", "price_min": "2690", "price_max": "3290"}, {"part_name": "Side Mirrors", "price_min": "880", "price_max": "1070"}, {"part_name": "Front Strut", "price_min": "1300", "price_max": "1580"}, {"part_name": "Front Suspension Lower Arm", "price_min": "1230", "price_max": "1500"}, {"part_name": "Suspension Overhaul", "price_min": "2160", "price_max": "2640"}]}}, {"trim": "trend 1.2", "model_org_name": "Uno", "ex_showroom_price": 423700, "body_type": "hatchback", "model": "uno", "model_id": "8111", "fuel_type": "petrol", "make_id": "761", "trim_id": "39381", "make": "fiat", "trim_org_name": "TREND 1.2", "data": {"code": "success", "data": {"fuel_type": "petrol", "body_type": "hatchback", "vehicle_image": "https://cdn1.acedms.com/photos/stock/2016-09-03/7d37340442fe38d67be49a82200b7043.jpeg"}, "prices_list": [{"part_name": "Wiper Blades", "price_min": "420", "price_max": "520"}, {"part_name": "Front Bumper", "price_min": "1480", "price_max": "1810"}, {"part_name": "Front Fender", "price_min": "1290", "price_max": "1580"}, {"part_name": "Bonnet", "price_min": "3260", "price_max": "3990"}, {"part_name": "Front Door", "price_min": "4820", "price_max": "5890"}, {"part_name": "Bootlid", "price_min": "3960", "price_max": "4840"}, {"part_name": "Front Windscreen Glass", "price_min": "2690", "price_max": "3290"}, {"part_name": "Side Mirrors", "price_min": "880", "price_max": "1070"}, {"part_name": "Front Strut", "price_min": "1300", "price_max": "1580"}, {"part_name": "Front Suspension Lower Arm", "price_min": "1230", "price_max": "1500"}, {"part_name": "Suspension Overhaul", "price_min": "2160", "price_max": "2640"}]}}]}]}