{"value": "Force", "data-make-id": "241", "model_list": [{"model_org_name": "Cruiser", "ex_showroom_price": 868500, "body_type": "suv", "model": "cruiser", "model_id": "19591", "make_id": "241", "make": "force", "trim_list": [{"trim": "classic dlx", "model_org_name": "Cruiser", "ex_showroom_price": 868500, "body_type": "suv", "model": "cruiser", "model_id": "19591", "fuel_type": "diesel", "make_id": "241", "trim_id": "128441", "make": "force", "trim_org_name": "CLASSIC DLX", "data": {"code": "success", "data": {"fuel_type": "diesel", "body_type": "suv", "vehicle_image": ""}, "prices_list": [{"part_name": "Wiper Blades", "price_min": "550", "price_max": "670"}, {"part_name": "Front Bumper", "price_min": "2830", "price_max": "3460"}, {"part_name": "Front Fender", "price_min": "2040", "price_max": "2500"}, {"part_name": "Bonnet", "price_min": "6760", "price_max": "8260"}, {"part_name": "Front Door", "price_min": "7800", "price_max": "9530"}, {"part_name": "Bootlid", "price_min": "8160", "price_max": "9980"}, {"part_name": "Front Windscreen Glass", "price_min": "3450", "price_max": "4210"}, {"part_name": "Side Mirrors", "price_min": "1530", "price_max": "1870"}, {"part_name": "Front Strut", "price_min": "2000", "price_max": "2450"}, {"part_name": "Front Suspension Lower Arm", "price_min": "2160", "price_max": "2640"}, {"part_name": "Suspension Overhaul", "price_min": "3420", "price_max": "4180"}]}}, {"trim": "gama", "model_org_name": "Cruiser", "ex_showroom_price": 566100, "body_type": "suv", "model": "cruiser", "model_id": "19591", "fuel_type": "diesel", "make_id": "241", "trim_id": "128461", "make": "force", "trim_org_name": "GAMA", "data": {"code": "success", "data": {"fuel_type": "diesel", "body_type": "suv", "vehicle_image": ""}, "prices_list": [{"part_name": "Wiper Blades", "price_min": "550", "price_max": "670"}, {"part_name": "Front Bumper", "price_min": "2830", "price_max": "3460"}, {"part_name": "Front Fender", "price_min": "2040", "price_max": "2500"}, {"part_name": "Bonnet", "price_min": "6760", "price_max": "8260"}, {"part_name": "Front Door", "price_min": "7800", "price_max": "9530"}, {"part_name": "Bootlid", "price_min": "8160", "price_max": "9980"}, {"part_name": "Front Windscreen Glass", "price_min": "3450", "price_max": "4210"}, {"part_name": "Side Mirrors", "price_min": "1530", "price_max": "1870"}, {"part_name": "Front Strut", "price_min": "2000", "price_max": "2450"}, {"part_name": "Front Suspension Lower Arm", "price_min": "2160", "price_max": "2640"}, {"part_name": "Suspension Overhaul", "price_min": "3420", "price_max": "4180"}]}}]}, {"model_org_name": "Gurkha", "ex_showroom_price": 642052, "body_type": "suv", "model": "gurkha", "model_id": "4141", "make_id": "241", "make": "force", "trim_list": [{"trim": "hard top 4wd", "model_org_name": "Gurkha", "ex_showroom_price": 871057, "body_type": "muv", "model": "gurkha", "model_id": "4141", "fuel_type": "diesel", "make_id": "241", "trim_id": "179271", "make": "force", "trim_org_name": "HARD TOP 4WD", "data": {"code": "success", "data": {"fuel_type": "diesel", "body_type": "muv", "vehicle_image": "https://cdn1.acedms.com/uploads/category/force/20171211093900000000-4821740428924389377.png"}, "prices_list": [{"part_name": "Wiper Blades", "price_min": "550", "price_max": "670"}, {"part_name": "Front Bumper", "price_min": "2830", "price_max": "3460"}, {"part_name": "Front Fender", "price_min": "2040", "price_max": "2500"}, {"part_name": "Bonnet", "price_min": "6760", "price_max": "8260"}, {"part_name": "Front Door", "price_min": "7800", "price_max": "9530"}, {"part_name": "Bootlid", "price_min": "8160", "price_max": "9980"}, {"part_name": "Front Windscreen Glass", "price_min": "3450", "price_max": "4210"}, {"part_name": "Side Mirrors", "price_min": "1530", "price_max": "1870"}, {"part_name": "Front Strut", "price_min": "2000", "price_max": "2450"}, {"part_name": "Front Suspension Lower Arm", "price_min": "2160", "price_max": "2640"}, {"part_name": "Suspension Overhaul", "price_min": "3420", "price_max": "4180"}]}}, {"trim": "soft top 4x2", "model_org_name": "Gurkha", "ex_showroom_price": 642052, "body_type": "suv", "model": "gurkha", "model_id": "4141", "fuel_type": "diesel", "make_id": "241", "trim_id": "179251", "make": "force", "trim_org_name": "SOFT TOP 4X2", "data": {"code": "success", "data": {"fuel_type": "diesel", "body_type": "suv", "vehicle_image": "https://cdn1.acedms.com/uploads/category/force/20171211093900000000-4821740428924389377.png"}, "prices_list": [{"part_name": "Wiper Blades", "price_min": "550", "price_max": "670"}, {"part_name": "Front Bumper", "price_min": "2830", "price_max": "3460"}, {"part_name": "Front Fender", "price_min": "2040", "price_max": "2500"}, {"part_name": "Bonnet", "price_min": "6760", "price_max": "8260"}, {"part_name": "Front Door", "price_min": "7800", "price_max": "9530"}, {"part_name": "Bootlid", "price_min": "8160", "price_max": "9980"}, {"part_name": "Front Windscreen Glass", "price_min": "3450", "price_max": "4210"}, {"part_name": "Side Mirrors", "price_min": "1530", "price_max": "1870"}, {"part_name": "Front Strut", "price_min": "2000", "price_max": "2450"}, {"part_name": "Front Suspension Lower Arm", "price_min": "2160", "price_max": "2640"}, {"part_name": "Suspension Overhaul", "price_min": "3420", "price_max": "4180"}]}}, {"trim": "soft top 4x4", "model_org_name": "Gurkha", "ex_showroom_price": 855789, "body_type": "suv", "model": "gurkha", "model_id": "4141", "fuel_type": "diesel", "make_id": "241", "trim_id": "179261", "make": "force", "trim_org_name": "SOFT TOP 4X4", "data": {"code": "success", "data": {"fuel_type": "diesel", "body_type": "suv", "vehicle_image": "https://cdn1.acedms.com/uploads/category/force/20171211093900000000-4821740428924389377.png"}, "prices_list": [{"part_name": "Wiper Blades", "price_min": "550", "price_max": "670"}, {"part_name": "Front Bumper", "price_min": "2830", "price_max": "3460"}, {"part_name": "Front Fender", "price_min": "2040", "price_max": "2500"}, {"part_name": "Bonnet", "price_min": "6760", "price_max": "8260"}, {"part_name": "Front Door", "price_min": "7800", "price_max": "9530"}, {"part_name": "Bootlid", "price_min": "8160", "price_max": "9980"}, {"part_name": "Front Windscreen Glass", "price_min": "3450", "price_max": "4210"}, {"part_name": "Side Mirrors", "price_min": "1530", "price_max": "1870"}, {"part_name": "Front Strut", "price_min": "2000", "price_max": "2450"}, {"part_name": "Front Suspension Lower Arm", "price_min": "2160", "price_max": "2640"}, {"part_name": "Suspension Overhaul", "price_min": "3420", "price_max": "4180"}]}}, {"trim": "xpedition", "model_org_name": "Gurkha", "ex_showroom_price": 915307, "body_type": "suv", "model": "gurkha", "model_id": "4141", "fuel_type": "diesel", "make_id": "241", "trim_id": "520151", "make": "force", "trim_org_name": "XPEDITION", "data": {"code": "success", "data": {"fuel_type": "diesel", "body_type": "suv", "vehicle_image": "https://cdn1.acedms.com/uploads/category/force/20171211093900000000-4821740428924389377.png"}, "prices_list": [{"part_name": "Wiper Blades", "price_min": "550", "price_max": "670"}, {"part_name": "Front Bumper", "price_min": "2830", "price_max": "3460"}, {"part_name": "Front Fender", "price_min": "2040", "price_max": "2500"}, {"part_name": "Bonnet", "price_min": "6760", "price_max": "8260"}, {"part_name": "Front Door", "price_min": "7800", "price_max": "9530"}, {"part_name": "Bootlid", "price_min": "8160", "price_max": "9980"}, {"part_name": "Front Windscreen Glass", "price_min": "3450", "price_max": "4210"}, {"part_name": "Side Mirrors", "price_min": "1530", "price_max": "1870"}, {"part_name": "Front Strut", "price_min": "2000", "price_max": "2450"}, {"part_name": "Front Suspension Lower Arm", "price_min": "2160", "price_max": "2640"}, {"part_name": "Suspension Overhaul", "price_min": "3420", "price_max": "4180"}]}}, {"trim": "xplorer", "model_org_name": "Gurkha", "ex_showroom_price": 1019925, "body_type": "suv", "model": "gurkha", "model_id": "4141", "fuel_type": "diesel", "make_id": "241", "trim_id": "520161", "make": "force", "trim_org_name": "XPLORER", "data": {"code": "success", "data": {"fuel_type": "diesel", "body_type": "suv", "vehicle_image": "https://cdn1.acedms.com/uploads/category/force/20171211093900000000-4821740428924389377.png"}, "prices_list": [{"part_name": "Wiper Blades", "price_min": "550", "price_max": "670"}, {"part_name": "Front Bumper", "price_min": "2830", "price_max": "3460"}, {"part_name": "Front Fender", "price_min": "2040", "price_max": "2500"}, {"part_name": "Bonnet", "price_min": "6760", "price_max": "8260"}, {"part_name": "Front Door", "price_min": "7800", "price_max": "9530"}, {"part_name": "Bootlid", "price_min": "8160", "price_max": "9980"}, {"part_name": "Front Windscreen Glass", "price_min": "3450", "price_max": "4210"}, {"part_name": "Side Mirrors", "price_min": "1530", "price_max": "1870"}, {"part_name": "Front Strut", "price_min": "2000", "price_max": "2450"}, {"part_name": "Front Suspension Lower Arm", "price_min": "2160", "price_max": "2640"}, {"part_name": "Suspension Overhaul", "price_min": "3420", "price_max": "4180"}]}}]}, {"model_org_name": "One", "ex_showroom_price": 959272, "body_type": "suv", "model": "one", "model_id": "9411", "make_id": "241", "make": "force", "trim_list": [{"trim": "2.2", "model_org_name": "One", "ex_showroom_price": 857000, "body_type": "suv", "model": "one", "model_id": "9411", "fuel_type": "diesel", "make_id": "241", "trim_id": "491161", "make": "force", "trim_org_name": "2.2", "data": {"code": "success", "data": {"fuel_type": "diesel", "body_type": "suv", "vehicle_image": "https://cdn1.acedms.com/uploads/category/force/20171218072041000000-731496414926509441.png"}, "prices_list": [{"part_name": "Wiper Blades", "price_min": "550", "price_max": "670"}, {"part_name": "Front Bumper", "price_min": "2830", "price_max": "3460"}, {"part_name": "Front Fender", "price_min": "2040", "price_max": "2500"}, {"part_name": "Bonnet", "price_min": "6760", "price_max": "8260"}, {"part_name": "Front Door", "price_min": "7800", "price_max": "9530"}, {"part_name": "Bootlid", "price_min": "8160", "price_max": "9980"}, {"part_name": "Front Windscreen Glass", "price_min": "3450", "price_max": "4210"}, {"part_name": "Side Mirrors", "price_min": "1530", "price_max": "1870"}, {"part_name": "Front Strut", "price_min": "2000", "price_max": "2450"}, {"part_name": "Front Suspension Lower Arm", "price_min": "2160", "price_max": "2640"}, {"part_name": "Suspension Overhaul", "price_min": "3420", "price_max": "4180"}]}}, {"trim": "ex", "model_org_name": "One", "ex_showroom_price": 959272, "body_type": "suv", "model": "one", "model_id": "9411", "fuel_type": "diesel", "make_id": "241", "trim_id": "", "make": "force", "trim_org_name": ""}, {"trim": "ex 7 str", "model_org_name": "One", "ex_showroom_price": 959272, "body_type": "suv", "model": "one", "model_id": "9411", "fuel_type": "diesel", "make_id": "241", "trim_id": "491231", "make": "force", "trim_org_name": "EX 7 STR", "data": {"code": "success", "data": {"fuel_type": "diesel", "body_type": "suv", "vehicle_image": "https://cdn1.acedms.com/uploads/category/force/20171218072041000000-731496414926509441.png"}, "prices_list": [{"part_name": "Wiper Blades", "price_min": "550", "price_max": "670"}, {"part_name": "Front Bumper", "price_min": "2830", "price_max": "3460"}, {"part_name": "Front Fender", "price_min": "2040", "price_max": "2500"}, {"part_name": "Bonnet", "price_min": "6760", "price_max": "8260"}, {"part_name": "Front Door", "price_min": "7800", "price_max": "9530"}, {"part_name": "Bootlid", "price_min": "8160", "price_max": "9980"}, {"part_name": "Front Windscreen Glass", "price_min": "3450", "price_max": "4210"}, {"part_name": "Side Mirrors", "price_min": "1530", "price_max": "1870"}, {"part_name": "Front Strut", "price_min": "2000", "price_max": "2450"}, {"part_name": "Front Suspension Lower Arm", "price_min": "2160", "price_max": "2640"}, {"part_name": "Suspension Overhaul", "price_min": "3420", "price_max": "4180"}]}}, {"trim": "lx", "model_org_name": "One", "ex_showroom_price": 1434289, "body_type": "suv", "model": "one", "model_id": "9411", "fuel_type": "diesel", "make_id": "241", "trim_id": "491191", "make": "force", "trim_org_name": "LX", "data": {"code": "success", "data": {"fuel_type": "diesel", "body_type": "suv", "vehicle_image": "https://cdn1.acedms.com/uploads/category/force/20171218072041000000-731496414926509441.png"}, "prices_list": [{"part_name": "Wiper Blades", "price_min": "550", "price_max": "670"}, {"part_name": "Front Bumper", "price_min": "2830", "price_max": "3460"}, {"part_name": "Front Fender", "price_min": "2040", "price_max": "2500"}, {"part_name": "Bonnet", "price_min": "6760", "price_max": "8260"}, {"part_name": "Front Door", "price_min": "7800", "price_max": "9530"}, {"part_name": "Bootlid", "price_min": "8160", "price_max": "9980"}, {"part_name": "Front Windscreen Glass", "price_min": "3450", "price_max": "4210"}, {"part_name": "Side Mirrors", "price_min": "1530", "price_max": "1870"}, {"part_name": "Front Strut", "price_min": "2000", "price_max": "2450"}, {"part_name": "Front Suspension Lower Arm", "price_min": "2160", "price_max": "2640"}, {"part_name": "Suspension Overhaul", "price_min": "3420", "price_max": "4180"}]}}, {"trim": "lx 4x4 7 str", "model_org_name": "One", "ex_showroom_price": 1434289, "body_type": "suv", "model": "one", "model_id": "9411", "fuel_type": "diesel", "make_id": "241", "trim_id": "491261", "make": "force", "trim_org_name": "LX 4X4 7 STR", "data": {"code": "success", "data": {"fuel_type": "diesel", "body_type": "suv", "vehicle_image": "https://cdn1.acedms.com/uploads/category/force/20171218072041000000-731496414926509441.png"}, "prices_list": [{"part_name": "Wiper Blades", "price_min": "550", "price_max": "670"}, {"part_name": "Front Bumper", "price_min": "2830", "price_max": "3460"}, {"part_name": "Front Fender", "price_min": "2040", "price_max": "2500"}, {"part_name": "Bonnet", "price_min": "6760", "price_max": "8260"}, {"part_name": "Front Door", "price_min": "7800", "price_max": "9530"}, {"part_name": "Bootlid", "price_min": "8160", "price_max": "9980"}, {"part_name": "Front Windscreen Glass", "price_min": "3450", "price_max": "4210"}, {"part_name": "Side Mirrors", "price_min": "1530", "price_max": "1870"}, {"part_name": "Front Strut", "price_min": "2000", "price_max": "2450"}, {"part_name": "Front Suspension Lower Arm", "price_min": "2160", "price_max": "2640"}, {"part_name": "Suspension Overhaul", "price_min": "3420", "price_max": "4180"}]}}, {"trim": "lx abs 7 str", "model_org_name": "One", "ex_showroom_price": 1434289, "body_type": "suv", "model": "one", "model_id": "9411", "fuel_type": "diesel", "make_id": "241", "trim_id": "233121", "make": "force", "trim_org_name": "LX ABS 7 STR", "data": {"code": "success", "data": {"fuel_type": "diesel", "body_type": "suv", "vehicle_image": "https://cdn1.acedms.com/uploads/category/force/20171218072041000000-731496414926509441.png"}, "prices_list": [{"part_name": "Wiper Blades", "price_min": "550", "price_max": "670"}, {"part_name": "Front Bumper", "price_min": "2830", "price_max": "3460"}, {"part_name": "Front Fender", "price_min": "2040", "price_max": "2500"}, {"part_name": "Bonnet", "price_min": "6760", "price_max": "8260"}, {"part_name": "Front Door", "price_min": "7800", "price_max": "9530"}, {"part_name": "Bootlid", "price_min": "8160", "price_max": "9980"}, {"part_name": "Front Windscreen Glass", "price_min": "3450", "price_max": "4210"}, {"part_name": "Side Mirrors", "price_min": "1530", "price_max": "1870"}, {"part_name": "Front Strut", "price_min": "2000", "price_max": "2450"}, {"part_name": "Front Suspension Lower Arm", "price_min": "2160", "price_max": "2640"}, {"part_name": "Suspension Overhaul", "price_min": "3420", "price_max": "4180"}]}}, {"trim": "sx 6 str", "model_org_name": "One", "ex_showroom_price": 1277730, "body_type": "suv", "model": "one", "model_id": "9411", "fuel_type": "diesel", "make_id": "241", "trim_id": "491171", "make": "force", "trim_org_name": "SX 6 STR", "data": {"code": "success", "data": {"fuel_type": "diesel", "body_type": "suv", "vehicle_image": "https://cdn1.acedms.com/uploads/category/force/20171218072041000000-731496414926509441.png"}, "prices_list": [{"part_name": "Wiper Blades", "price_min": "550", "price_max": "670"}, {"part_name": "Front Bumper", "price_min": "2830", "price_max": "3460"}, {"part_name": "Front Fender", "price_min": "2040", "price_max": "2500"}, {"part_name": "Bonnet", "price_min": "6760", "price_max": "8260"}, {"part_name": "Front Door", "price_min": "7800", "price_max": "9530"}, {"part_name": "Bootlid", "price_min": "8160", "price_max": "9980"}, {"part_name": "Front Windscreen Glass", "price_min": "3450", "price_max": "4210"}, {"part_name": "Side Mirrors", "price_min": "1530", "price_max": "1870"}, {"part_name": "Front Strut", "price_min": "2000", "price_max": "2450"}, {"part_name": "Front Suspension Lower Arm", "price_min": "2160", "price_max": "2640"}, {"part_name": "Suspension Overhaul", "price_min": "3420", "price_max": "4180"}]}}, {"trim": "sx 7 str", "model_org_name": "One", "ex_showroom_price": 1218000, "body_type": "suv", "model": "one", "model_id": "9411", "fuel_type": "diesel", "make_id": "241", "trim_id": "491151", "make": "force", "trim_org_name": "SX 7 STR", "data": {"code": "success", "data": {"fuel_type": "diesel", "body_type": "suv", "vehicle_image": "https://cdn1.acedms.com/uploads/category/force/20171218072041000000-731496414926509441.png"}, "prices_list": [{"part_name": "Wiper Blades", "price_min": "550", "price_max": "670"}, {"part_name": "Front Bumper", "price_min": "2830", "price_max": "3460"}, {"part_name": "Front Fender", "price_min": "2040", "price_max": "2500"}, {"part_name": "Bonnet", "price_min": "6760", "price_max": "8260"}, {"part_name": "Front Door", "price_min": "7800", "price_max": "9530"}, {"part_name": "Bootlid", "price_min": "8160", "price_max": "9980"}, {"part_name": "Front Windscreen Glass", "price_min": "3450", "price_max": "4210"}, {"part_name": "Side Mirrors", "price_min": "1530", "price_max": "1870"}, {"part_name": "Front Strut", "price_min": "2000", "price_max": "2450"}, {"part_name": "Front Suspension Lower Arm", "price_min": "2160", "price_max": "2640"}, {"part_name": "Suspension Overhaul", "price_min": "3420", "price_max": "4180"}]}}, {"trim": "sx abs 7 str", "model_org_name": "One", "ex_showroom_price": 1269983, "body_type": "suv", "model": "one", "model_id": "9411", "fuel_type": "diesel", "make_id": "241", "trim_id": "233111", "make": "force", "trim_org_name": "SX ABS 7 STR", "data": {"code": "success", "data": {"fuel_type": "diesel", "body_type": "suv", "vehicle_image": "https://cdn1.acedms.com/uploads/category/force/20171218072041000000-731496414926509441.png"}, "prices_list": [{"part_name": "Wiper Blades", "price_min": "550", "price_max": "670"}, {"part_name": "Front Bumper", "price_min": "2830", "price_max": "3460"}, {"part_name": "Front Fender", "price_min": "2040", "price_max": "2500"}, {"part_name": "Bonnet", "price_min": "6760", "price_max": "8260"}, {"part_name": "Front Door", "price_min": "7800", "price_max": "9530"}, {"part_name": "Bootlid", "price_min": "8160", "price_max": "9980"}, {"part_name": "Front Windscreen Glass", "price_min": "3450", "price_max": "4210"}, {"part_name": "Side Mirrors", "price_min": "1530", "price_max": "1870"}, {"part_name": "Front Strut", "price_min": "2000", "price_max": "2450"}, {"part_name": "Front Suspension Lower Arm", "price_min": "2160", "price_max": "2640"}, {"part_name": "Suspension Overhaul", "price_min": "3420", "price_max": "4180"}]}}]}]}