{"value": "GWM", "data-make-id": "5261", "model_list": [{"model_org_name": "Haval F5", "ex_showroom_price": 1300000, "body_type": "suv", "model": "haval f5", "model_id": "70078", "make_id": "5261", "make": "gwm", "trim_list": [{"trim": "petrol", "model_org_name": "Haval F5", "ex_showroom_price": 1300000, "body_type": "suv", "model": "haval f5", "model_id": "70078", "fuel_type": "petrol", "make_id": "5261", "trim_id": "584427", "make": "gwm", "trim_org_name": "PETROL", "data": {"code": "success", "data": {"fuel_type": "petrol", "body_type": "suv", "vehicle_image": "https://cdn1.acedms.com/uploads/category/GWM/20200520062939000000-3262576286545277953.jpg"}}}]}]}