{"value": "Haima", "data-make-id": "5361", "model_list": [{"model_org_name": "8S", "ex_showroom_price": 1250000, "body_type": "sedan", "model": "8s", "model_id": "69001", "make_id": "5361", "make": "haima", "trim_list": [{"trim": "petrol", "model_org_name": "8S", "ex_showroom_price": 1250000, "body_type": "sedan", "model": "8s", "model_id": "69001", "fuel_type": "petrol", "make_id": "5361", "trim_id": "577341", "make": "haima", "trim_org_name": "PETROL", "data": {"code": "success", "data": {"fuel_type": "petrol", "body_type": "sedan", "vehicle_image": "https://cdn1.acedms.com/uploads/category/Haima/20200210065617000000-4832729959213019137.jpg"}}}]}]}