{"value": "HM", "data-make-id": "511", "model_list": [{"model_org_name": "Ambassador", "ex_showroom_price": 382700, "body_type": "sedan", "model": "ambassador", "model_id": "5561", "make_id": "511", "make": "hm", "trim_list": [{"trim": "1.8 mpfi", "model_org_name": "Ambassador", "ex_showroom_price": 536100, "body_type": "sedan", "model": "ambassador", "model_id": "5561", "fuel_type": "petrol", "make_id": "511", "trim_id": "144971", "make": "hm", "trim_org_name": "1.8 MPFI", "data": {"code": "success", "data": {"fuel_type": "petrol", "body_type": "sedan", "vehicle_image": "https://cdn1.acedms.com/photos/stock/2016-09-05/65151f0d415b5b9c06ff50f41c521503.jpeg"}}}, {"trim": "ambassador 1.8 cng", "model_org_name": "Ambassador", "ex_showroom_price": 509200, "body_type": "sedan", "model": "ambassador", "model_id": "5561", "fuel_type": "petrol + cng", "make_id": "511", "trim_id": "", "make": "hm", "trim_org_name": ""}, {"trim": "avigo 1800 isz mpfi", "model_org_name": "Ambassador", "ex_showroom_price": 489400, "body_type": "sedan", "model": "ambassador", "model_id": "5561", "fuel_type": "petrol", "make_id": "511", "trim_id": "145201", "make": "hm", "trim_org_name": "AVIGO 1800 ISZ MPFI", "data": {"code": "success", "data": {"fuel_type": "petrol", "body_type": "sedan", "vehicle_image": "https://cdn1.acedms.com/photos/stock/2016-09-05/65151f0d415b5b9c06ff50f41c521503.jpeg"}, "prices_list": [{"part_name": "Wiper Blades", "price_min": "540", "price_max": "660"}, {"part_name": "Front Bumper", "price_min": "2080", "price_max": "2540"}, {"part_name": "Front Fender", "price_min": "1720", "price_max": "2100"}, {"part_name": "Bonnet", "price_min": "4030", "price_max": "4920"}, {"part_name": "Front Door", "price_min": "6150", "price_max": "7520"}, {"part_name": "Bootlid", "price_min": "4690", "price_max": "5730"}, {"part_name": "Front Windscreen Glass", "price_min": "3130", "price_max": "3830"}, {"part_name": "Side Mirrors", "price_min": "1280", "price_max": "1560"}, {"part_name": "Front Strut", "price_min": "1600", "price_max": "1950"}, {"part_name": "Front Suspension Lower Arm", "price_min": "1650", "price_max": "2020"}, {"part_name": "Suspension Overhaul", "price_min": "2430", "price_max": "2970"}]}}, {"trim": "avigo 2000 dsz", "model_org_name": "Ambassador", "ex_showroom_price": 563700, "body_type": "sedan", "model": "ambassador", "model_id": "5561", "fuel_type": "diesel", "make_id": "511", "trim_id": "145211", "make": "hm", "trim_org_name": "AVIGO 2000 DSZ", "data": {"code": "success", "data": {"fuel_type": "", "body_type": "", "vehicle_image": "https://cdn1.acedms.com/photos/stock/2016-09-05/65151f0d415b5b9c06ff50f41c521503.jpeg"}}}, {"trim": "classic 1500 dsl", "model_org_name": "Ambassador", "ex_showroom_price": 467400, "body_type": "sedan", "model": "ambassador", "model_id": "5561", "fuel_type": "diesel", "make_id": "511", "trim_id": "145141", "make": "hm", "trim_org_name": "CLASSIC 1500 DSL", "data": {"code": "success", "data": {"fuel_type": "diesel", "body_type": "sedan", "vehicle_image": "https://cdn1.acedms.com/photos/stock/2016-09-05/65151f0d415b5b9c06ff50f41c521503.jpeg"}, "prices_list": [{"part_name": "Wiper Blades", "price_min": "550", "price_max": "670"}, {"part_name": "Front Bumper", "price_min": "2030", "price_max": "2480"}, {"part_name": "Front Fender", "price_min": "1660", "price_max": "2030"}, {"part_name": "Bonnet", "price_min": "3980", "price_max": "4860"}, {"part_name": "Front Door", "price_min": "5980", "price_max": "7310"}, {"part_name": "Bootlid", "price_min": "4530", "price_max": "5540"}, {"part_name": "Front Windscreen Glass", "price_min": "3180", "price_max": "3880"}, {"part_name": "Side Mirrors", "price_min": "1370", "price_max": "1680"}, {"part_name": "Front Strut", "price_min": "1600", "price_max": "1960"}, {"part_name": "Front Suspension Lower Arm", "price_min": "1560", "price_max": "1900"}, {"part_name": "Suspension Overhaul", "price_min": "2700", "price_max": "3300"}]}}, {"trim": "classic 1500 dsl ac", "model_org_name": "Ambassador", "ex_showroom_price": 487300, "body_type": "sedan", "model": "ambassador", "model_id": "5561", "fuel_type": "diesel", "make_id": "511", "trim_id": "145151", "make": "hm", "trim_org_name": "CLASSIC 1500 DSL AC", "data": {"code": "success", "data": {"fuel_type": "diesel", "body_type": "sedan", "vehicle_image": "https://cdn1.acedms.com/photos/stock/2016-09-05/65151f0d415b5b9c06ff50f41c521503.jpeg"}, "prices_list": [{"part_name": "Wiper Blades", "price_min": "550", "price_max": "670"}, {"part_name": "Front Bumper", "price_min": "2030", "price_max": "2480"}, {"part_name": "Front Fender", "price_min": "1660", "price_max": "2030"}, {"part_name": "Bonnet", "price_min": "3980", "price_max": "4860"}, {"part_name": "Front Door", "price_min": "5980", "price_max": "7310"}, {"part_name": "Bootlid", "price_min": "4530", "price_max": "5540"}, {"part_name": "Front Windscreen Glass", "price_min": "3180", "price_max": "3880"}, {"part_name": "Side Mirrors", "price_min": "1370", "price_max": "1680"}, {"part_name": "Front Strut", "price_min": "1600", "price_max": "1960"}, {"part_name": "Front Suspension Lower Arm", "price_min": "1560", "price_max": "1900"}, {"part_name": "Suspension Overhaul", "price_min": "2700", "price_max": "3300"}]}}, {"trim": "classic 1800 isz ac", "model_org_name": "Ambassador", "ex_showroom_price": 430000, "body_type": "sedan", "model": "ambassador", "model_id": "5561", "fuel_type": "petrol", "make_id": "511", "trim_id": "", "make": "hm", "trim_org_name": ""}, {"trim": "classic 1800 isz mpfi", "model_org_name": "Ambassador", "ex_showroom_price": 423500, "body_type": "sedan", "model": "ambassador", "model_id": "5561", "fuel_type": "petrol", "make_id": "511", "trim_id": "144911", "make": "hm", "trim_org_name": "CLASSIC 1800 ISZ MPFI", "data": {"code": "success", "data": {"fuel_type": "petrol", "body_type": "sedan", "vehicle_image": "https://cdn1.acedms.com/photos/stock/2016-09-05/65151f0d415b5b9c06ff50f41c521503.jpeg"}, "prices_list": [{"part_name": "Wiper Blades", "price_min": "540", "price_max": "660"}, {"part_name": "Front Bumper", "price_min": "2080", "price_max": "2540"}, {"part_name": "Front Fender", "price_min": "1720", "price_max": "2100"}, {"part_name": "Bonnet", "price_min": "4030", "price_max": "4920"}, {"part_name": "Front Door", "price_min": "6150", "price_max": "7520"}, {"part_name": "Bootlid", "price_min": "4690", "price_max": "5730"}, {"part_name": "Front Windscreen Glass", "price_min": "3130", "price_max": "3830"}, {"part_name": "Side Mirrors", "price_min": "1280", "price_max": "1560"}, {"part_name": "Front Strut", "price_min": "1600", "price_max": "1950"}, {"part_name": "Front Suspension Lower Arm", "price_min": "1650", "price_max": "2020"}, {"part_name": "Suspension Overhaul", "price_min": "2430", "price_max": "2970"}]}}, {"trim": "classic 1800 isz mpfi ac", "model_org_name": "Ambassador", "ex_showroom_price": 433000, "body_type": "sedan", "model": "ambassador", "model_id": "5561", "fuel_type": "petrol", "make_id": "511", "trim_id": "144981", "make": "hm", "trim_org_name": "CLASSIC 1800 ISZ MPFI AC", "data": {"code": "success", "data": {"fuel_type": "petrol", "body_type": "sedan", "vehicle_image": "https://cdn1.acedms.com/photos/stock/2016-09-05/65151f0d415b5b9c06ff50f41c521503.jpeg"}, "prices_list": [{"part_name": "Wiper Blades", "price_min": "540", "price_max": "660"}, {"part_name": "Front Bumper", "price_min": "2080", "price_max": "2540"}, {"part_name": "Front Fender", "price_min": "1720", "price_max": "2100"}, {"part_name": "Bonnet", "price_min": "4030", "price_max": "4920"}, {"part_name": "Front Door", "price_min": "6150", "price_max": "7520"}, {"part_name": "Bootlid", "price_min": "4690", "price_max": "5730"}, {"part_name": "Front Windscreen Glass", "price_min": "3130", "price_max": "3830"}, {"part_name": "Side Mirrors", "price_min": "1280", "price_max": "1560"}, {"part_name": "Front Strut", "price_min": "1600", "price_max": "1950"}, {"part_name": "Front Suspension Lower Arm", "price_min": "1650", "price_max": "2020"}, {"part_name": "Suspension Overhaul", "price_min": "2430", "price_max": "2970"}]}}, {"trim": "classic 1800 isz mpfi ac ps", "model_org_name": "Ambassador", "ex_showroom_price": 446800, "body_type": "sedan", "model": "ambassador", "model_id": "5561", "fuel_type": "petrol", "make_id": "511", "trim_id": "145171", "make": "hm", "trim_org_name": "CLASSIC 1800 ISZ MPFI AC PS", "data": {"code": "success", "data": {"fuel_type": "petrol", "body_type": "sedan", "vehicle_image": "https://cdn1.acedms.com/photos/stock/2016-09-05/65151f0d415b5b9c06ff50f41c521503.jpeg"}, "prices_list": [{"part_name": "Wiper Blades", "price_min": "540", "price_max": "660"}, {"part_name": "Front Bumper", "price_min": "2080", "price_max": "2540"}, {"part_name": "Front Fender", "price_min": "1720", "price_max": "2100"}, {"part_name": "Bonnet", "price_min": "4030", "price_max": "4920"}, {"part_name": "Front Door", "price_min": "6150", "price_max": "7520"}, {"part_name": "Bootlid", "price_min": "4690", "price_max": "5730"}, {"part_name": "Front Windscreen Glass", "price_min": "3130", "price_max": "3830"}, {"part_name": "Side Mirrors", "price_min": "1280", "price_max": "1560"}, {"part_name": "Front Strut", "price_min": "1600", "price_max": "1950"}, {"part_name": "Front Suspension Lower Arm", "price_min": "1650", "price_max": "2020"}, {"part_name": "Suspension Overhaul", "price_min": "2430", "price_max": "2970"}]}}, {"trim": "classic 2000 dsz", "model_org_name": "Ambassador", "ex_showroom_price": 346400, "body_type": "sedan", "model": "ambassador", "model_id": "5561", "fuel_type": "diesel", "make_id": "511", "trim_id": "144921", "make": "hm", "trim_org_name": "CLASSIC 2000 DSZ", "data": {"code": "success", "data": {"fuel_type": "diesel", "body_type": "sedan", "vehicle_image": "https://cdn1.acedms.com/photos/stock/2016-09-05/65151f0d415b5b9c06ff50f41c521503.jpeg"}, "prices_list": [{"part_name": "Wiper Blades", "price_min": "550", "price_max": "670"}, {"part_name": "Front Bumper", "price_min": "2030", "price_max": "2480"}, {"part_name": "Front Fender", "price_min": "1660", "price_max": "2030"}, {"part_name": "Bonnet", "price_min": "3980", "price_max": "4860"}, {"part_name": "Front Door", "price_min": "5980", "price_max": "7310"}, {"part_name": "Bootlid", "price_min": "4530", "price_max": "5540"}, {"part_name": "Front Windscreen Glass", "price_min": "3180", "price_max": "3880"}, {"part_name": "Side Mirrors", "price_min": "1370", "price_max": "1680"}, {"part_name": "Front Strut", "price_min": "1600", "price_max": "1960"}, {"part_name": "Front Suspension Lower Arm", "price_min": "1560", "price_max": "1900"}, {"part_name": "Suspension Overhaul", "price_min": "2700", "price_max": "3300"}]}}, {"trim": "classic 2000 dsz ac", "model_org_name": "Ambassador", "ex_showroom_price": 400900, "body_type": "sedan", "model": "ambassador", "model_id": "5561", "fuel_type": "diesel", "make_id": "511", "trim_id": "145121", "make": "hm", "trim_org_name": "CLASSIC 2000 DSZ AC", "data": {"code": "success", "data": {"fuel_type": "diesel", "body_type": "sedan", "vehicle_image": "https://cdn1.acedms.com/photos/stock/2016-09-05/65151f0d415b5b9c06ff50f41c521503.jpeg"}, "prices_list": [{"part_name": "Wiper Blades", "price_min": "550", "price_max": "670"}, {"part_name": "Front Bumper", "price_min": "2030", "price_max": "2480"}, {"part_name": "Front Fender", "price_min": "1660", "price_max": "2030"}, {"part_name": "Bonnet", "price_min": "3980", "price_max": "4860"}, {"part_name": "Front Door", "price_min": "5980", "price_max": "7310"}, {"part_name": "Bootlid", "price_min": "4530", "price_max": "5540"}, {"part_name": "Front Windscreen Glass", "price_min": "3180", "price_max": "3880"}, {"part_name": "Side Mirrors", "price_min": "1370", "price_max": "1680"}, {"part_name": "Front Strut", "price_min": "1600", "price_max": "1960"}, {"part_name": "Front Suspension Lower Arm", "price_min": "1560", "price_max": "1900"}, {"part_name": "Suspension Overhaul", "price_min": "2700", "price_max": "3300"}]}}, {"trim": "classic 2000 dsz ac ps", "model_org_name": "Ambassador", "ex_showroom_price": 453900, "body_type": "sedan", "model": "ambassador", "model_id": "5561", "fuel_type": "diesel", "make_id": "511", "trim_id": "145161", "make": "hm", "trim_org_name": "CLASSIC 2000 DSZ AC PS", "data": {"code": "success", "data": {"fuel_type": "diesel", "body_type": "sedan", "vehicle_image": "https://cdn1.acedms.com/photos/stock/2016-09-05/65151f0d415b5b9c06ff50f41c521503.jpeg"}, "prices_list": [{"part_name": "Wiper Blades", "price_min": "550", "price_max": "670"}, {"part_name": "Front Bumper", "price_min": "2030", "price_max": "2480"}, {"part_name": "Front Fender", "price_min": "1660", "price_max": "2030"}, {"part_name": "Bonnet", "price_min": "3980", "price_max": "4860"}, {"part_name": "Front Door", "price_min": "5980", "price_max": "7310"}, {"part_name": "Bootlid", "price_min": "4530", "price_max": "5540"}, {"part_name": "Front Windscreen Glass", "price_min": "3180", "price_max": "3880"}, {"part_name": "Side Mirrors", "price_min": "1370", "price_max": "1680"}, {"part_name": "Front Strut", "price_min": "1600", "price_max": "1960"}, {"part_name": "Front Suspension Lower Arm", "price_min": "1560", "price_max": "1900"}, {"part_name": "Suspension Overhaul", "price_min": "2700", "price_max": "3300"}]}}, {"trim": "classic nova deluxe", "model_org_name": "Ambassador", "ex_showroom_price": 399000, "body_type": "sedan", "model": "ambassador", "model_id": "5561", "fuel_type": "diesel", "make_id": "511", "trim_id": "", "make": "hm", "trim_org_name": ""}, {"trim": "classic nova diesel", "model_org_name": "Ambassador", "ex_showroom_price": 463900, "body_type": "sedan", "model": "ambassador", "model_id": "5561", "fuel_type": "diesel", "make_id": "511", "trim_id": "145221", "make": "hm", "trim_org_name": "CLASSIC NOVA DIESEL", "data": {"code": "success", "data": {"fuel_type": "diesel", "body_type": "sedan", "vehicle_image": "https://cdn1.acedms.com/photos/stock/2016-09-05/65151f0d415b5b9c06ff50f41c521503.jpeg"}, "prices_list": [{"part_name": "Wiper Blades", "price_min": "550", "price_max": "670"}, {"part_name": "Front Bumper", "price_min": "2030", "price_max": "2480"}, {"part_name": "Front Fender", "price_min": "1660", "price_max": "2030"}, {"part_name": "Bonnet", "price_min": "3980", "price_max": "4860"}, {"part_name": "Front Door", "price_min": "5980", "price_max": "7310"}, {"part_name": "Bootlid", "price_min": "4530", "price_max": "5540"}, {"part_name": "Front Windscreen Glass", "price_min": "3180", "price_max": "3880"}, {"part_name": "Side Mirrors", "price_min": "1370", "price_max": "1680"}, {"part_name": "Front Strut", "price_min": "1600", "price_max": "1960"}, {"part_name": "Front Suspension Lower Arm", "price_min": "1560", "price_max": "1900"}, {"part_name": "Suspension Overhaul", "price_min": "2700", "price_max": "3300"}]}}, {"trim": "classic nova petrol", "model_org_name": "Ambassador", "ex_showroom_price": 389100, "body_type": "sedan", "model": "ambassador", "model_id": "5561", "fuel_type": "petrol", "make_id": "511", "trim_id": "145231", "make": "hm", "trim_org_name": "CLASSIC NOVA PETROL", "data": {"code": "success", "data": {"fuel_type": "petrol", "body_type": "sedan", "vehicle_image": "https://cdn1.acedms.com/photos/stock/2016-09-05/65151f0d415b5b9c06ff50f41c521503.jpeg"}, "prices_list": [{"part_name": "Wiper Blades", "price_min": "540", "price_max": "660"}, {"part_name": "Front Bumper", "price_min": "2080", "price_max": "2540"}, {"part_name": "Front Fender", "price_min": "1720", "price_max": "2100"}, {"part_name": "Bonnet", "price_min": "4030", "price_max": "4920"}, {"part_name": "Front Door", "price_min": "6150", "price_max": "7520"}, {"part_name": "Bootlid", "price_min": "4690", "price_max": "5730"}, {"part_name": "Front Windscreen Glass", "price_min": "3130", "price_max": "3830"}, {"part_name": "Side Mirrors", "price_min": "1280", "price_max": "1560"}, {"part_name": "Front Strut", "price_min": "1600", "price_max": "1950"}, {"part_name": "Front Suspension Lower Arm", "price_min": "1650", "price_max": "2020"}, {"part_name": "Suspension Overhaul", "price_min": "2430", "price_max": "2970"}]}}, {"trim": "grand 1800 isz cng", "model_org_name": "Ambassador", "ex_showroom_price": 344100, "body_type": "sedan", "model": "ambassador", "model_id": "5561", "fuel_type": "petrol + cng", "make_id": "511", "trim_id": "144931", "make": "hm", "trim_org_name": "GRAND 1800 ISZ CNG", "data": {"code": "success", "data": {"fuel_type": "petrol", "body_type": "sedan", "vehicle_image": "https://cdn1.acedms.com/photos/stock/2016-09-05/65151f0d415b5b9c06ff50f41c521503.jpeg"}}}, {"trim": "grand 1800 isz mpfi", "model_org_name": "Ambassador", "ex_showroom_price": 382700, "body_type": "sedan", "model": "ambassador", "model_id": "5561", "fuel_type": "petrol", "make_id": "511", "trim_id": "144991", "make": "hm", "trim_org_name": "GRAND 1800 ISZ MPFI", "data": {"code": "success", "data": {"fuel_type": "petrol", "body_type": "sedan", "vehicle_image": "https://cdn1.acedms.com/photos/stock/2016-09-05/65151f0d415b5b9c06ff50f41c521503.jpeg"}}}, {"trim": "grand 1800 isz mpfi pw cl cng", "model_org_name": "Ambassador", "ex_showroom_price": 398000, "body_type": "sedan", "model": "ambassador", "model_id": "5561", "fuel_type": "petrol + cng", "make_id": "511", "trim_id": "145011", "make": "hm", "trim_org_name": "GRAND 1800 ISZ MPFI PW CL CNG", "data": {"code": "success", "data": {"fuel_type": "", "body_type": "", "vehicle_image": "https://cdn1.acedms.com/photos/stock/2016-09-05/65151f0d415b5b9c06ff50f41c521503.jpeg"}}}, {"trim": "grand 2000 dsz", "model_org_name": "Ambassador", "ex_showroom_price": 364400, "body_type": "sedan", "model": "ambassador", "model_id": "5561", "fuel_type": "diesel", "make_id": "511", "trim_id": "145191", "make": "hm", "trim_org_name": "GRAND 2000 DSZ", "data": {"code": "success", "data": {"fuel_type": "", "body_type": "", "vehicle_image": "https://cdn1.acedms.com/photos/stock/2016-09-05/65151f0d415b5b9c06ff50f41c521503.jpeg"}}}, {"trim": "nova diesel", "model_org_name": "Ambassador", "ex_showroom_price": 465400, "body_type": "sedan", "model": "ambassador", "model_id": "5561", "fuel_type": "diesel", "make_id": "511", "trim_id": "145241", "make": "hm", "trim_org_name": "NOVA DIESEL", "data": {"code": "success", "data": {"fuel_type": "diesel", "body_type": "sedan", "vehicle_image": "https://cdn1.acedms.com/photos/stock/2016-09-05/65151f0d415b5b9c06ff50f41c521503.jpeg"}, "prices_list": [{"part_name": "Wiper Blades", "price_min": "550", "price_max": "670"}, {"part_name": "Front Bumper", "price_min": "2030", "price_max": "2480"}, {"part_name": "Front Fender", "price_min": "1660", "price_max": "2030"}, {"part_name": "Bonnet", "price_min": "3980", "price_max": "4860"}, {"part_name": "Front Door", "price_min": "5980", "price_max": "7310"}, {"part_name": "Bootlid", "price_min": "4530", "price_max": "5540"}, {"part_name": "Front Windscreen Glass", "price_min": "3180", "price_max": "3880"}, {"part_name": "Side Mirrors", "price_min": "1370", "price_max": "1680"}, {"part_name": "Front Strut", "price_min": "1600", "price_max": "1960"}, {"part_name": "Front Suspension Lower Arm", "price_min": "1560", "price_max": "1900"}, {"part_name": "Suspension Overhaul", "price_min": "2700", "price_max": "3300"}]}}]}, {"model_org_name": "Contessa", "ex_showroom_price": 461100, "body_type": "sedan", "model": "contessa", "model_id": "5571", "make_id": "511", "make": "hm", "trim_list": [{"trim": "1.8 gl classic", "model_org_name": "Contessa", "ex_showroom_price": 378600, "body_type": "sedan", "model": "contessa", "model_id": "5571", "fuel_type": "petrol", "make_id": "511", "trim_id": "32011", "make": "hm", "trim_org_name": "1.8 GL CLASSIC", "data": {"code": "success", "data": {"fuel_type": "petrol", "body_type": "sedan", "vehicle_image": "https://cdn1.acedms.com/photos/stock/2016-09-05/fb1c2ea373befeee5a86a911eccb06cc.jpeg"}, "prices_list": [{"part_name": "Wiper Blades", "price_min": "540", "price_max": "660"}, {"part_name": "Front Bumper", "price_min": "2080", "price_max": "2540"}, {"part_name": "Front Fender", "price_min": "1720", "price_max": "2100"}, {"part_name": "Bonnet", "price_min": "4030", "price_max": "4920"}, {"part_name": "Front Door", "price_min": "6150", "price_max": "7520"}, {"part_name": "Bootlid", "price_min": "4690", "price_max": "5730"}, {"part_name": "Front Windscreen Glass", "price_min": "3130", "price_max": "3830"}, {"part_name": "Side Mirrors", "price_min": "1280", "price_max": "1560"}, {"part_name": "Front Strut", "price_min": "1600", "price_max": "1950"}, {"part_name": "Front Suspension Lower Arm", "price_min": "1650", "price_max": "2020"}, {"part_name": "Suspension Overhaul", "price_min": "2430", "price_max": "2970"}]}}, {"trim": "1.8 glx", "model_org_name": "Contessa", "ex_showroom_price": 461100, "body_type": "sedan", "model": "contessa", "model_id": "5571", "fuel_type": "petrol", "make_id": "511", "trim_id": "32021", "make": "hm", "trim_org_name": "1.8 GLX", "data": {"code": "success", "data": {"fuel_type": "petrol", "body_type": "sedan", "vehicle_image": "https://cdn1.acedms.com/photos/stock/2016-09-05/fb1c2ea373befeee5a86a911eccb06cc.jpeg"}, "prices_list": [{"part_name": "Wiper Blades", "price_min": "540", "price_max": "660"}, {"part_name": "Front Bumper", "price_min": "2080", "price_max": "2540"}, {"part_name": "Front Fender", "price_min": "1720", "price_max": "2100"}, {"part_name": "Bonnet", "price_min": "4030", "price_max": "4920"}, {"part_name": "Front Door", "price_min": "6150", "price_max": "7520"}, {"part_name": "Bootlid", "price_min": "4690", "price_max": "5730"}, {"part_name": "Front Windscreen Glass", "price_min": "3130", "price_max": "3830"}, {"part_name": "Side Mirrors", "price_min": "1280", "price_max": "1560"}, {"part_name": "Front Strut", "price_min": "1600", "price_max": "1950"}, {"part_name": "Front Suspension Lower Arm", "price_min": "1650", "price_max": "2020"}, {"part_name": "Suspension Overhaul", "price_min": "2430", "price_max": "2970"}]}}, {"trim": "2.0 dsl", "model_org_name": "Contessa", "ex_showroom_price": 218900, "body_type": "sedan", "model": "contessa", "model_id": "5571", "fuel_type": "diesel", "make_id": "511", "trim_id": "32031", "make": "hm", "trim_org_name": "2.0 DSL", "data": {"code": "success", "data": {"fuel_type": "diesel", "body_type": "sedan", "vehicle_image": "https://cdn1.acedms.com/photos/stock/2016-09-05/fb1c2ea373befeee5a86a911eccb06cc.jpeg"}}}]}]}