{"value": "Hummer", "data-make-id": "1311", "model_list": [{"model_org_name": "H2", "ex_showroom_price": 4746800, "body_type": "suv", "model": "h2", "model_id": "23691", "make_id": "1311", "make": "hummer", "trim_list": [{"trim": "base", "model_org_name": "H2", "ex_showroom_price": 4746800, "body_type": "suv", "model": "h2", "model_id": "23691", "fuel_type": "diesel", "make_id": "1311", "trim_id": "494821", "make": "hummer", "trim_org_name": "BASE", "data": {"code": "success", "data": {"fuel_type": "diesel", "body_type": "suv", "vehicle_image": ""}, "prices_list": [{"part_name": "Wiper Blades", "price_min": "550", "price_max": "670"}, {"part_name": "Front Bumper", "price_min": "2830", "price_max": "3460"}, {"part_name": "Front Fender", "price_min": "2040", "price_max": "2500"}, {"part_name": "Bonnet", "price_min": "6760", "price_max": "8260"}, {"part_name": "Front Door", "price_min": "7800", "price_max": "9530"}, {"part_name": "Bootlid", "price_min": "8160", "price_max": "9980"}, {"part_name": "Front Windscreen Glass", "price_min": "3450", "price_max": "4210"}, {"part_name": "Side Mirrors", "price_min": "1530", "price_max": "1870"}, {"part_name": "Front Strut", "price_min": "2000", "price_max": "2450"}, {"part_name": "Front Suspension Lower Arm", "price_min": "2160", "price_max": "2640"}, {"part_name": "Suspension Overhaul", "price_min": "3420", "price_max": "4180"}]}}]}, {"model_org_name": "H3", "ex_showroom_price": 5502800, "body_type": "suv", "model": "h3", "model_id": "13561", "make_id": "1311", "make": "hummer", "trim_list": [{"trim": "base", "model_org_name": "H3", "ex_showroom_price": 5502800, "body_type": "suv", "model": "h3", "model_id": "13561", "fuel_type": "diesel", "make_id": "1311", "trim_id": "61871", "make": "hummer", "trim_org_name": "BASE", "data": {"code": "success", "data": {"fuel_type": "diesel", "body_type": "suv", "vehicle_image": "https://cdn1.acedms.com/uploads/category/hummer/20171218090326000000-2810619263186674177.png"}, "prices_list": [{"part_name": "Wiper Blades", "price_min": "550", "price_max": "670"}, {"part_name": "Front Bumper", "price_min": "2830", "price_max": "3460"}, {"part_name": "Front Fender", "price_min": "2040", "price_max": "2500"}, {"part_name": "Bonnet", "price_min": "6760", "price_max": "8260"}, {"part_name": "Front Door", "price_min": "7800", "price_max": "9530"}, {"part_name": "Bootlid", "price_min": "8160", "price_max": "9980"}, {"part_name": "Front Windscreen Glass", "price_min": "3450", "price_max": "4210"}, {"part_name": "Side Mirrors", "price_min": "1530", "price_max": "1870"}, {"part_name": "Front Strut", "price_min": "2000", "price_max": "2450"}, {"part_name": "Front Suspension Lower Arm", "price_min": "2160", "price_max": "2640"}, {"part_name": "Suspension Overhaul", "price_min": "3420", "price_max": "4180"}]}}]}]}