{"value": "ICML", "data-make-id": "1001", "model_list": [{"model_org_name": "Extreme", "ex_showroom_price": 615000, "body_type": "muv", "model": "extreme", "model_id": "8931", "make_id": "1001", "make": "icml", "trim_list": [{"trim": "ambulance di ac bs iii", "model_org_name": "Extreme", "ex_showroom_price": 691000, "body_type": "muv", "model": "extreme", "model_id": "8931", "fuel_type": "diesel", "make_id": "1001", "trim_id": "66441", "make": "icml", "trim_org_name": "AMBULANCE DI AC BS III", "data": {"code": "success", "data": {"fuel_type": "diesel", "body_type": "muv", "vehicle_image": "https://cdn1.acedms.com/uploads/category/icml/20171218131433000000-2660731745804851201.png"}, "prices_list": [{"part_name": "Wiper Blades", "price_min": "550", "price_max": "670"}, {"part_name": "Front Bumper", "price_min": "2830", "price_max": "3460"}, {"part_name": "Front Fender", "price_min": "2040", "price_max": "2500"}, {"part_name": "Bonnet", "price_min": "6760", "price_max": "8260"}, {"part_name": "Front Door", "price_min": "7800", "price_max": "9530"}, {"part_name": "Bootlid", "price_min": "8160", "price_max": "9980"}, {"part_name": "Front Windscreen Glass", "price_min": "3450", "price_max": "4210"}, {"part_name": "Side Mirrors", "price_min": "1530", "price_max": "1870"}, {"part_name": "Front Strut", "price_min": "2000", "price_max": "2450"}, {"part_name": "Front Suspension Lower Arm", "price_min": "2160", "price_max": "2640"}, {"part_name": "Suspension Overhaul", "price_min": "3420", "price_max": "4180"}]}}, {"trim": "ambulance di non ac bsiii", "model_org_name": "Extreme", "ex_showroom_price": 649000, "body_type": "muv", "model": "extreme", "model_id": "8931", "fuel_type": "diesel", "make_id": "1001", "trim_id": "44271", "make": "icml", "trim_org_name": "AMBULANCE DI NON AC BSIII", "data": {"code": "success", "data": {"fuel_type": "diesel", "body_type": "muv", "vehicle_image": "https://cdn1.acedms.com/uploads/category/icml/20171218131433000000-2660731745804851201.png"}, "prices_list": [{"part_name": "Wiper Blades", "price_min": "550", "price_max": "670"}, {"part_name": "Front Bumper", "price_min": "2830", "price_max": "3460"}, {"part_name": "Front Fender", "price_min": "2040", "price_max": "2500"}, {"part_name": "Bonnet", "price_min": "6760", "price_max": "8260"}, {"part_name": "Front Door", "price_min": "7800", "price_max": "9530"}, {"part_name": "Bootlid", "price_min": "8160", "price_max": "9980"}, {"part_name": "Front Windscreen Glass", "price_min": "3450", "price_max": "4210"}, {"part_name": "Side Mirrors", "price_min": "1530", "price_max": "1870"}, {"part_name": "Front Strut", "price_min": "2000", "price_max": "2450"}, {"part_name": "Front Suspension Lower Arm", "price_min": "2160", "price_max": "2640"}, {"part_name": "Suspension Overhaul", "price_min": "3420", "price_max": "4180"}]}}, {"trim": "di non ac 9seater bsiii", "model_org_name": "Extreme", "ex_showroom_price": 666000, "body_type": "suv", "model": "extreme", "model_id": "8931", "fuel_type": "diesel", "make_id": "1001", "trim_id": "66421", "make": "icml", "trim_org_name": "DI NON AC 9SEATER BSIII", "data": {"code": "success", "data": {"fuel_type": "diesel", "body_type": "suv", "vehicle_image": "https://cdn1.acedms.com/uploads/category/icml/20171218131433000000-2660731745804851201.png"}, "prices_list": [{"part_name": "Wiper Blades", "price_min": "550", "price_max": "670"}, {"part_name": "Front Bumper", "price_min": "2830", "price_max": "3460"}, {"part_name": "Front Fender", "price_min": "2040", "price_max": "2500"}, {"part_name": "Bonnet", "price_min": "6760", "price_max": "8260"}, {"part_name": "Front Door", "price_min": "7800", "price_max": "9530"}, {"part_name": "Bootlid", "price_min": "8160", "price_max": "9980"}, {"part_name": "Front Windscreen Glass", "price_min": "3450", "price_max": "4210"}, {"part_name": "Side Mirrors", "price_min": "1530", "price_max": "1870"}, {"part_name": "Front Strut", "price_min": "2000", "price_max": "2450"}, {"part_name": "Front Suspension Lower Arm", "price_min": "2160", "price_max": "2640"}, {"part_name": "Suspension Overhaul", "price_min": "3420", "price_max": "4180"}]}}, {"trim": "ld di non-ac 9seater bsiii", "model_org_name": "Extreme", "ex_showroom_price": 642000, "body_type": "muv", "model": "extreme", "model_id": "8931", "fuel_type": "diesel", "make_id": "1001", "trim_id": "44291", "make": "icml", "trim_org_name": "LD DI NON-AC 9SEATER BSIII", "data": {"code": "success", "data": {"fuel_type": "diesel", "body_type": "muv", "vehicle_image": "https://cdn1.acedms.com/uploads/category/icml/20171218131433000000-2660731745804851201.png"}, "prices_list": [{"part_name": "Wiper Blades", "price_min": "550", "price_max": "670"}, {"part_name": "Front Bumper", "price_min": "2830", "price_max": "3460"}, {"part_name": "Front Fender", "price_min": "2040", "price_max": "2500"}, {"part_name": "Bonnet", "price_min": "6760", "price_max": "8260"}, {"part_name": "Front Door", "price_min": "7800", "price_max": "9530"}, {"part_name": "Bootlid", "price_min": "8160", "price_max": "9980"}, {"part_name": "Front Windscreen Glass", "price_min": "3450", "price_max": "4210"}, {"part_name": "Side Mirrors", "price_min": "1530", "price_max": "1870"}, {"part_name": "Front Strut", "price_min": "2000", "price_max": "2450"}, {"part_name": "Front Suspension Lower Arm", "price_min": "2160", "price_max": "2640"}, {"part_name": "Suspension Overhaul", "price_min": "3420", "price_max": "4180"}]}}, {"trim": "ld di ps ac 9seater bsiii", "model_org_name": "Extreme", "ex_showroom_price": 690000, "body_type": "muv", "model": "extreme", "model_id": "8931", "fuel_type": "diesel", "make_id": "1001", "trim_id": "44301", "make": "icml", "trim_org_name": "LD DI PS AC 9SEATER BSIII", "data": {"code": "success", "data": {"fuel_type": "diesel", "body_type": "muv", "vehicle_image": "https://cdn1.acedms.com/uploads/category/icml/20171218131433000000-2660731745804851201.png"}, "prices_list": [{"part_name": "Wiper Blades", "price_min": "550", "price_max": "670"}, {"part_name": "Front Bumper", "price_min": "2830", "price_max": "3460"}, {"part_name": "Front Fender", "price_min": "2040", "price_max": "2500"}, {"part_name": "Bonnet", "price_min": "6760", "price_max": "8260"}, {"part_name": "Front Door", "price_min": "7800", "price_max": "9530"}, {"part_name": "Bootlid", "price_min": "8160", "price_max": "9980"}, {"part_name": "Front Windscreen Glass", "price_min": "3450", "price_max": "4210"}, {"part_name": "Side Mirrors", "price_min": "1530", "price_max": "1870"}, {"part_name": "Front Strut", "price_min": "2000", "price_max": "2450"}, {"part_name": "Front Suspension Lower Arm", "price_min": "2160", "price_max": "2640"}, {"part_name": "Suspension Overhaul", "price_min": "3420", "price_max": "4180"}]}}, {"trim": "ld non-ac 9seater bsiv", "model_org_name": "Extreme", "ex_showroom_price": 590000, "body_type": "muv", "model": "extreme", "model_id": "8931", "fuel_type": "diesel", "make_id": "1001", "trim_id": "44361", "make": "icml", "trim_org_name": "LD NON-AC 9SEATER BSIV", "data": {"code": "success", "data": {"fuel_type": "diesel", "body_type": "muv", "vehicle_image": "https://cdn1.acedms.com/uploads/category/icml/20171218131433000000-2660731745804851201.png"}, "prices_list": [{"part_name": "Wiper Blades", "price_min": "550", "price_max": "670"}, {"part_name": "Front Bumper", "price_min": "2830", "price_max": "3460"}, {"part_name": "Front Fender", "price_min": "2040", "price_max": "2500"}, {"part_name": "Bonnet", "price_min": "6760", "price_max": "8260"}, {"part_name": "Front Door", "price_min": "7800", "price_max": "9530"}, {"part_name": "Bootlid", "price_min": "8160", "price_max": "9980"}, {"part_name": "Front Windscreen Glass", "price_min": "3450", "price_max": "4210"}, {"part_name": "Side Mirrors", "price_min": "1530", "price_max": "1870"}, {"part_name": "Front Strut", "price_min": "2000", "price_max": "2450"}, {"part_name": "Front Suspension Lower Arm", "price_min": "2160", "price_max": "2640"}, {"part_name": "Suspension Overhaul", "price_min": "3420", "price_max": "4180"}]}}, {"trim": "ld ps ac 9seater bsiv", "model_org_name": "Extreme", "ex_showroom_price": 628000, "body_type": "muv", "model": "extreme", "model_id": "8931", "fuel_type": "diesel", "make_id": "1001", "trim_id": "44371", "make": "icml", "trim_org_name": "LD PS AC 9SEATER BSIV", "data": {"code": "success", "data": {"fuel_type": "diesel", "body_type": "muv", "vehicle_image": "https://cdn1.acedms.com/uploads/category/icml/20171218131433000000-2660731745804851201.png"}, "prices_list": [{"part_name": "Wiper Blades", "price_min": "550", "price_max": "670"}, {"part_name": "Front Bumper", "price_min": "2830", "price_max": "3460"}, {"part_name": "Front Fender", "price_min": "2040", "price_max": "2500"}, {"part_name": "Bonnet", "price_min": "6760", "price_max": "8260"}, {"part_name": "Front Door", "price_min": "7800", "price_max": "9530"}, {"part_name": "Bootlid", "price_min": "8160", "price_max": "9980"}, {"part_name": "Front Windscreen Glass", "price_min": "3450", "price_max": "4210"}, {"part_name": "Side Mirrors", "price_min": "1530", "price_max": "1870"}, {"part_name": "Front Strut", "price_min": "2000", "price_max": "2450"}, {"part_name": "Front Suspension Lower Arm", "price_min": "2160", "price_max": "2640"}, {"part_name": "Suspension Overhaul", "price_min": "3420", "price_max": "4180"}]}}, {"trim": "sd di 9seater bsiii", "model_org_name": "Extreme", "ex_showroom_price": 835000, "body_type": "muv", "model": "extreme", "model_id": "8931", "fuel_type": "diesel", "make_id": "1001", "trim_id": "44391", "make": "icml", "trim_org_name": "SD DI 9SEATER BSIII", "data": {"code": "success", "data": {"fuel_type": "diesel", "body_type": "muv", "vehicle_image": "https://cdn1.acedms.com/uploads/category/icml/20171218131433000000-2660731745804851201.png"}, "prices_list": [{"part_name": "Wiper Blades", "price_min": "550", "price_max": "670"}, {"part_name": "Front Bumper", "price_min": "2830", "price_max": "3460"}, {"part_name": "Front Fender", "price_min": "2040", "price_max": "2500"}, {"part_name": "Bonnet", "price_min": "6760", "price_max": "8260"}, {"part_name": "Front Door", "price_min": "7800", "price_max": "9530"}, {"part_name": "Bootlid", "price_min": "8160", "price_max": "9980"}, {"part_name": "Front Windscreen Glass", "price_min": "3450", "price_max": "4210"}, {"part_name": "Side Mirrors", "price_min": "1530", "price_max": "1870"}, {"part_name": "Front Strut", "price_min": "2000", "price_max": "2450"}, {"part_name": "Front Suspension Lower Arm", "price_min": "2160", "price_max": "2640"}, {"part_name": "Suspension Overhaul", "price_min": "3420", "price_max": "4180"}]}}, {"trim": "van bs iii non ac", "model_org_name": "Extreme", "ex_showroom_price": 615000, "body_type": "muv", "model": "extreme", "model_id": "8931", "fuel_type": "diesel", "make_id": "1001", "trim_id": "66431", "make": "icml", "trim_org_name": "VAN BS III NON AC", "data": {"code": "success", "data": {"fuel_type": "diesel", "body_type": "muv", "vehicle_image": "https://cdn1.acedms.com/uploads/category/icml/20171218131433000000-2660731745804851201.png"}, "prices_list": [{"part_name": "Wiper Blades", "price_min": "550", "price_max": "670"}, {"part_name": "Front Bumper", "price_min": "2830", "price_max": "3460"}, {"part_name": "Front Fender", "price_min": "2040", "price_max": "2500"}, {"part_name": "Bonnet", "price_min": "6760", "price_max": "8260"}, {"part_name": "Front Door", "price_min": "7800", "price_max": "9530"}, {"part_name": "Bootlid", "price_min": "8160", "price_max": "9980"}, {"part_name": "Front Windscreen Glass", "price_min": "3450", "price_max": "4210"}, {"part_name": "Side Mirrors", "price_min": "1530", "price_max": "1870"}, {"part_name": "Front Strut", "price_min": "2000", "price_max": "2450"}, {"part_name": "Front Suspension Lower Arm", "price_min": "2160", "price_max": "2640"}, {"part_name": "Suspension Overhaul", "price_min": "3420", "price_max": "4180"}]}}, {"trim": "winner crdfi non ac 9 seater bs iv", "model_org_name": "Extreme", "ex_showroom_price": 747000, "body_type": "suv", "model": "extreme", "model_id": "8931", "fuel_type": "diesel", "make_id": "1001", "trim_id": "66461", "make": "icml", "trim_org_name": "WINNER CRDFI NON AC 9 SEATER BS IV", "data": {"code": "success", "data": {"fuel_type": "diesel", "body_type": "suv", "vehicle_image": "https://cdn1.acedms.com/uploads/category/icml/20171218131433000000-2660731745804851201.png"}, "prices_list": [{"part_name": "Wiper Blades", "price_min": "550", "price_max": "670"}, {"part_name": "Front Bumper", "price_min": "2830", "price_max": "3460"}, {"part_name": "Front Fender", "price_min": "2040", "price_max": "2500"}, {"part_name": "Bonnet", "price_min": "6760", "price_max": "8260"}, {"part_name": "Front Door", "price_min": "7800", "price_max": "9530"}, {"part_name": "Bootlid", "price_min": "8160", "price_max": "9980"}, {"part_name": "Front Windscreen Glass", "price_min": "3450", "price_max": "4210"}, {"part_name": "Side Mirrors", "price_min": "1530", "price_max": "1870"}, {"part_name": "Front Strut", "price_min": "2000", "price_max": "2450"}, {"part_name": "Front Suspension Lower Arm", "price_min": "2160", "price_max": "2640"}, {"part_name": "Suspension Overhaul", "price_min": "3420", "price_max": "4180"}]}}, {"trim": "winner crdfi ps ac 9 seater bs iv", "model_org_name": "Extreme", "ex_showroom_price": 642000, "body_type": "suv", "model": "extreme", "model_id": "8931", "fuel_type": "diesel", "make_id": "1001", "trim_id": "66501", "make": "icml", "trim_org_name": "WINNER CRDFI PS AC 9 SEATER BS IV", "data": {"code": "success", "data": {"fuel_type": "diesel", "body_type": "suv", "vehicle_image": "https://cdn1.acedms.com/uploads/category/icml/20171218131433000000-2660731745804851201.png"}, "prices_list": [{"part_name": "Wiper Blades", "price_min": "550", "price_max": "670"}, {"part_name": "Front Bumper", "price_min": "2830", "price_max": "3460"}, {"part_name": "Front Fender", "price_min": "2040", "price_max": "2500"}, {"part_name": "Bonnet", "price_min": "6760", "price_max": "8260"}, {"part_name": "Front Door", "price_min": "7800", "price_max": "9530"}, {"part_name": "Bootlid", "price_min": "8160", "price_max": "9980"}, {"part_name": "Front Windscreen Glass", "price_min": "3450", "price_max": "4210"}, {"part_name": "Side Mirrors", "price_min": "1530", "price_max": "1870"}, {"part_name": "Front Strut", "price_min": "2000", "price_max": "2450"}, {"part_name": "Front Suspension Lower Arm", "price_min": "2160", "price_max": "2640"}, {"part_name": "Suspension Overhaul", "price_min": "3420", "price_max": "4180"}]}}, {"trim": "winner di ps ac 9 seater bs iii", "model_org_name": "Extreme", "ex_showroom_price": 690000, "body_type": "suv", "model": "extreme", "model_id": "8931", "fuel_type": "diesel", "make_id": "1001", "trim_id": "66481", "make": "icml", "trim_org_name": "WINNER DI PS AC 9 SEATER BS III", "data": {"code": "success", "data": {"fuel_type": "diesel", "body_type": "suv", "vehicle_image": "https://cdn1.acedms.com/uploads/category/icml/20171218131433000000-2660731745804851201.png"}, "prices_list": [{"part_name": "Wiper Blades", "price_min": "550", "price_max": "670"}, {"part_name": "Front Bumper", "price_min": "2830", "price_max": "3460"}, {"part_name": "Front Fender", "price_min": "2040", "price_max": "2500"}, {"part_name": "Bonnet", "price_min": "6760", "price_max": "8260"}, {"part_name": "Front Door", "price_min": "7800", "price_max": "9530"}, {"part_name": "Bootlid", "price_min": "8160", "price_max": "9980"}, {"part_name": "Front Windscreen Glass", "price_min": "3450", "price_max": "4210"}, {"part_name": "Side Mirrors", "price_min": "1530", "price_max": "1870"}, {"part_name": "Front Strut", "price_min": "2000", "price_max": "2450"}, {"part_name": "Front Suspension Lower Arm", "price_min": "2160", "price_max": "2640"}, {"part_name": "Suspension Overhaul", "price_min": "3420", "price_max": "4180"}]}}]}, {"model_org_name": "Rhino Rx", "ex_showroom_price": 676100, "body_type": "suv", "model": "rhino rx", "model_id": "13741", "make_id": "1001", "make": "icml", "trim_list": [{"trim": "delite crdfi 7 str bs iii", "model_org_name": "Rhino Rx", "ex_showroom_price": 756100, "body_type": "suv", "model": "rhino rx", "model_id": "13741", "fuel_type": "diesel", "make_id": "1001", "trim_id": "477621", "make": "icml", "trim_org_name": "DELITE CRDFI 7 STR BS III", "data": {"code": "success", "data": {"fuel_type": "diesel", "body_type": "muv", "vehicle_image": "https://cdn1.acedms.com/uploads/category//tmp/phpYOg2pY/20170609092730000000-5415177820249688065.png"}, "prices_list": [{"part_name": "Wiper Blades", "price_min": "550", "price_max": "670"}, {"part_name": "Front Bumper", "price_min": "2830", "price_max": "3460"}, {"part_name": "Front Fender", "price_min": "2040", "price_max": "2500"}, {"part_name": "Bonnet", "price_min": "6760", "price_max": "8260"}, {"part_name": "Front Door", "price_min": "7800", "price_max": "9530"}, {"part_name": "Bootlid", "price_min": "8160", "price_max": "9980"}, {"part_name": "Front Windscreen Glass", "price_min": "3450", "price_max": "4210"}, {"part_name": "Side Mirrors", "price_min": "1530", "price_max": "1870"}, {"part_name": "Front Strut", "price_min": "2000", "price_max": "2450"}, {"part_name": "Front Suspension Lower Arm", "price_min": "2160", "price_max": "2640"}, {"part_name": "Suspension Overhaul", "price_min": "3420", "price_max": "4180"}]}}, {"trim": "dlx", "model_org_name": "Rhino Rx", "ex_showroom_price": 679600, "body_type": "suv", "model": "rhino rx", "model_id": "13741", "fuel_type": "diesel", "make_id": "1001", "trim_id": "477561", "make": "icml", "trim_org_name": "DLX", "data": {"code": "success", "data": {"fuel_type": "diesel", "body_type": "suv", "vehicle_image": "https://cdn1.acedms.com/uploads/category//tmp/phpYOg2pY/20170609092730000000-5415177820249688065.png"}, "prices_list": [{"part_name": "Wiper Blades", "price_min": "550", "price_max": "670"}, {"part_name": "Front Bumper", "price_min": "2830", "price_max": "3460"}, {"part_name": "Front Fender", "price_min": "2040", "price_max": "2500"}, {"part_name": "Bonnet", "price_min": "6760", "price_max": "8260"}, {"part_name": "Front Door", "price_min": "7800", "price_max": "9530"}, {"part_name": "Bootlid", "price_min": "8160", "price_max": "9980"}, {"part_name": "Front Windscreen Glass", "price_min": "3450", "price_max": "4210"}, {"part_name": "Side Mirrors", "price_min": "1530", "price_max": "1870"}, {"part_name": "Front Strut", "price_min": "2000", "price_max": "2450"}, {"part_name": "Front Suspension Lower Arm", "price_min": "2160", "price_max": "2640"}, {"part_name": "Suspension Overhaul", "price_min": "3420", "price_max": "4180"}]}}, {"trim": "royale crdfi 8 str bs iv", "model_org_name": "Rhino Rx", "ex_showroom_price": 658800, "body_type": "suv", "model": "rhino rx", "model_id": "13741", "fuel_type": "diesel", "make_id": "1001", "trim_id": "477351", "make": "icml", "trim_org_name": "ROYALE CRDFI 8 STR BS IV", "data": {"code": "success", "data": {"fuel_type": "diesel", "body_type": "suv", "vehicle_image": "https://cdn1.acedms.com/uploads/category//tmp/phpYOg2pY/20170609092730000000-5415177820249688065.png"}, "prices_list": [{"part_name": "Wiper Blades", "price_min": "550", "price_max": "670"}, {"part_name": "Front Bumper", "price_min": "2830", "price_max": "3460"}, {"part_name": "Front Fender", "price_min": "2040", "price_max": "2500"}, {"part_name": "Bonnet", "price_min": "6760", "price_max": "8260"}, {"part_name": "Front Door", "price_min": "7800", "price_max": "9530"}, {"part_name": "Bootlid", "price_min": "8160", "price_max": "9980"}, {"part_name": "Front Windscreen Glass", "price_min": "3450", "price_max": "4210"}, {"part_name": "Side Mirrors", "price_min": "1530", "price_max": "1870"}, {"part_name": "Front Strut", "price_min": "2000", "price_max": "2450"}, {"part_name": "Front Suspension Lower Arm", "price_min": "2160", "price_max": "2640"}, {"part_name": "Suspension Overhaul", "price_min": "3420", "price_max": "4180"}]}}, {"trim": "rx winner di", "model_org_name": "Rhino Rx", "ex_showroom_price": 717500, "body_type": "suv", "model": "rhino rx", "model_id": "13741", "fuel_type": "diesel", "make_id": "1001", "trim_id": "477281", "make": "icml", "trim_org_name": "RX WINNER DI", "data": {"code": "success", "data": {"fuel_type": "diesel", "body_type": "suv", "vehicle_image": "https://cdn1.acedms.com/uploads/category//tmp/phpYOg2pY/20170609092730000000-5415177820249688065.png"}, "prices_list": [{"part_name": "Wiper Blades", "price_min": "550", "price_max": "670"}, {"part_name": "Front Bumper", "price_min": "2830", "price_max": "3460"}, {"part_name": "Front Fender", "price_min": "2040", "price_max": "2500"}, {"part_name": "Bonnet", "price_min": "6760", "price_max": "8260"}, {"part_name": "Front Door", "price_min": "7800", "price_max": "9530"}, {"part_name": "Bootlid", "price_min": "8160", "price_max": "9980"}, {"part_name": "Front Windscreen Glass", "price_min": "3450", "price_max": "4210"}, {"part_name": "Side Mirrors", "price_min": "1530", "price_max": "1870"}, {"part_name": "Front Strut", "price_min": "2000", "price_max": "2450"}, {"part_name": "Front Suspension Lower Arm", "price_min": "2160", "price_max": "2640"}, {"part_name": "Suspension Overhaul", "price_min": "3420", "price_max": "4180"}]}}, {"trim": "rx xciter di", "model_org_name": "Rhino Rx", "ex_showroom_price": 787700, "body_type": "muv", "model": "rhino rx", "model_id": "13741", "fuel_type": "diesel", "make_id": "1001", "trim_id": "477301", "make": "icml", "trim_org_name": "RX XCITER DI", "data": {"code": "success", "data": {"fuel_type": "diesel", "body_type": "muv", "vehicle_image": "https://cdn1.acedms.com/uploads/category//tmp/phpYOg2pY/20170609092730000000-5415177820249688065.png"}, "prices_list": [{"part_name": "Wiper Blades", "price_min": "550", "price_max": "670"}, {"part_name": "Front Bumper", "price_min": "2830", "price_max": "3460"}, {"part_name": "Front Fender", "price_min": "2040", "price_max": "2500"}, {"part_name": "Bonnet", "price_min": "6760", "price_max": "8260"}, {"part_name": "Front Door", "price_min": "7800", "price_max": "9530"}, {"part_name": "Bootlid", "price_min": "8160", "price_max": "9980"}, {"part_name": "Front Windscreen Glass", "price_min": "3450", "price_max": "4210"}, {"part_name": "Side Mirrors", "price_min": "1530", "price_max": "1870"}, {"part_name": "Front Strut", "price_min": "2000", "price_max": "2450"}, {"part_name": "Front Suspension Lower Arm", "price_min": "2160", "price_max": "2640"}, {"part_name": "Suspension Overhaul", "price_min": "3420", "price_max": "4180"}]}}, {"trim": "s1 non ac", "model_org_name": "Rhino Rx", "ex_showroom_price": 612400, "body_type": "suv", "model": "rhino rx", "model_id": "13741", "fuel_type": "diesel", "make_id": "1001", "trim_id": "477591", "make": "icml", "trim_org_name": "S1 NON AC", "data": {"code": "success", "data": {"fuel_type": "diesel", "body_type": "suv", "vehicle_image": "https://cdn1.acedms.com/uploads/category//tmp/phpYOg2pY/20170609092730000000-5415177820249688065.png"}, "prices_list": [{"part_name": "Wiper Blades", "price_min": "550", "price_max": "670"}, {"part_name": "Front Bumper", "price_min": "2830", "price_max": "3460"}, {"part_name": "Front Fender", "price_min": "2040", "price_max": "2500"}, {"part_name": "Bonnet", "price_min": "6760", "price_max": "8260"}, {"part_name": "Front Door", "price_min": "7800", "price_max": "9530"}, {"part_name": "Bootlid", "price_min": "8160", "price_max": "9980"}, {"part_name": "Front Windscreen Glass", "price_min": "3450", "price_max": "4210"}, {"part_name": "Side Mirrors", "price_min": "1530", "price_max": "1870"}, {"part_name": "Front Strut", "price_min": "2000", "price_max": "2450"}, {"part_name": "Front Suspension Lower Arm", "price_min": "2160", "price_max": "2640"}, {"part_name": "Suspension Overhaul", "price_min": "3420", "price_max": "4180"}]}}, {"trim": "winner crdfi 10 str bs iii ac", "model_org_name": "Rhino Rx", "ex_showroom_price": 719400, "body_type": "suv", "model": "rhino rx", "model_id": "13741", "fuel_type": "diesel", "make_id": "1001", "trim_id": "477311", "make": "icml", "trim_org_name": "WINNER CRDFI 10 STR BS III AC", "data": {"code": "success", "data": {"fuel_type": "diesel", "body_type": "suv", "vehicle_image": "https://cdn1.acedms.com/uploads/category//tmp/phpYOg2pY/20170609092730000000-5415177820249688065.png"}, "prices_list": [{"part_name": "Wiper Blades", "price_min": "550", "price_max": "670"}, {"part_name": "Front Bumper", "price_min": "2830", "price_max": "3460"}, {"part_name": "Front Fender", "price_min": "2040", "price_max": "2500"}, {"part_name": "Bonnet", "price_min": "6760", "price_max": "8260"}, {"part_name": "Front Door", "price_min": "7800", "price_max": "9530"}, {"part_name": "Bootlid", "price_min": "8160", "price_max": "9980"}, {"part_name": "Front Windscreen Glass", "price_min": "3450", "price_max": "4210"}, {"part_name": "Side Mirrors", "price_min": "1530", "price_max": "1870"}, {"part_name": "Front Strut", "price_min": "2000", "price_max": "2450"}, {"part_name": "Front Suspension Lower Arm", "price_min": "2160", "price_max": "2640"}, {"part_name": "Suspension Overhaul", "price_min": "3420", "price_max": "4180"}]}}, {"trim": "winner crdfi 9 str bs iii", "model_org_name": "Rhino Rx", "ex_showroom_price": 485300, "body_type": "suv", "model": "rhino rx", "model_id": "13741", "fuel_type": "diesel", "make_id": "1001", "trim_id": "477371", "make": "icml", "trim_org_name": "WINNER CRDFI 9 STR BS III", "data": {"code": "success", "data": {"fuel_type": "diesel", "body_type": "suv", "vehicle_image": "https://cdn1.acedms.com/uploads/category//tmp/phpYOg2pY/20170609092730000000-5415177820249688065.png"}, "prices_list": [{"part_name": "Wiper Blades", "price_min": "550", "price_max": "670"}, {"part_name": "Front Bumper", "price_min": "2830", "price_max": "3460"}, {"part_name": "Front Fender", "price_min": "2040", "price_max": "2500"}, {"part_name": "Bonnet", "price_min": "6760", "price_max": "8260"}, {"part_name": "Front Door", "price_min": "7800", "price_max": "9530"}, {"part_name": "Bootlid", "price_min": "8160", "price_max": "9980"}, {"part_name": "Front Windscreen Glass", "price_min": "3450", "price_max": "4210"}, {"part_name": "Side Mirrors", "price_min": "1530", "price_max": "1870"}, {"part_name": "Front Strut", "price_min": "2000", "price_max": "2450"}, {"part_name": "Front Suspension Lower Arm", "price_min": "2160", "price_max": "2640"}, {"part_name": "Suspension Overhaul", "price_min": "3420", "price_max": "4180"}]}}, {"trim": "winner crdfi 9 str bs iii ac", "model_org_name": "Rhino Rx", "ex_showroom_price": 600700, "body_type": "suv", "model": "rhino rx", "model_id": "13741", "fuel_type": "diesel", "make_id": "1001", "trim_id": "477381", "make": "icml", "trim_org_name": "WINNER CRDFI 9 STR BS III AC", "data": {"code": "success", "data": {"fuel_type": "diesel", "body_type": "suv", "vehicle_image": "https://cdn1.acedms.com/uploads/category//tmp/phpYOg2pY/20170609092730000000-5415177820249688065.png"}, "prices_list": [{"part_name": "Wiper Blades", "price_min": "550", "price_max": "670"}, {"part_name": "Front Bumper", "price_min": "2830", "price_max": "3460"}, {"part_name": "Front Fender", "price_min": "2040", "price_max": "2500"}, {"part_name": "Bonnet", "price_min": "6760", "price_max": "8260"}, {"part_name": "Front Door", "price_min": "7800", "price_max": "9530"}, {"part_name": "Bootlid", "price_min": "8160", "price_max": "9980"}, {"part_name": "Front Windscreen Glass", "price_min": "3450", "price_max": "4210"}, {"part_name": "Side Mirrors", "price_min": "1530", "price_max": "1870"}, {"part_name": "Front Strut", "price_min": "2000", "price_max": "2450"}, {"part_name": "Front Suspension Lower Arm", "price_min": "2160", "price_max": "2640"}, {"part_name": "Suspension Overhaul", "price_min": "3420", "price_max": "4180"}]}}, {"trim": "xciter 8 str bs iii", "model_org_name": "Rhino Rx", "ex_showroom_price": 628700, "body_type": "muv", "model": "rhino rx", "model_id": "13741", "fuel_type": "diesel", "make_id": "1001", "trim_id": "477411", "make": "icml", "trim_org_name": "XCITER 8 STR BS III", "data": {"code": "success", "data": {"fuel_type": "diesel", "body_type": "muv", "vehicle_image": "https://cdn1.acedms.com/uploads/category//tmp/phpYOg2pY/20170609092730000000-5415177820249688065.png"}, "prices_list": [{"part_name": "Wiper Blades", "price_min": "550", "price_max": "670"}, {"part_name": "Front Bumper", "price_min": "2830", "price_max": "3460"}, {"part_name": "Front Fender", "price_min": "2040", "price_max": "2500"}, {"part_name": "Bonnet", "price_min": "6760", "price_max": "8260"}, {"part_name": "Front Door", "price_min": "7800", "price_max": "9530"}, {"part_name": "Bootlid", "price_min": "8160", "price_max": "9980"}, {"part_name": "Front Windscreen Glass", "price_min": "3450", "price_max": "4210"}, {"part_name": "Side Mirrors", "price_min": "1530", "price_max": "1870"}, {"part_name": "Front Strut", "price_min": "2000", "price_max": "2450"}, {"part_name": "Front Suspension Lower Arm", "price_min": "2160", "price_max": "2640"}, {"part_name": "Suspension Overhaul", "price_min": "3420", "price_max": "4180"}]}}, {"trim": "xciter 9 str bs iii", "model_org_name": "Rhino Rx", "ex_showroom_price": 723300, "body_type": "suv", "model": "rhino rx", "model_id": "13741", "fuel_type": "diesel", "make_id": "1001", "trim_id": "477421", "make": "icml", "trim_org_name": "XCITER 9 STR BS III", "data": {"code": "success", "data": {"fuel_type": "diesel", "body_type": "suv", "vehicle_image": "https://cdn1.acedms.com/uploads/category//tmp/phpYOg2pY/20170609092730000000-5415177820249688065.png"}, "prices_list": [{"part_name": "Wiper Blades", "price_min": "550", "price_max": "670"}, {"part_name": "Front Bumper", "price_min": "2830", "price_max": "3460"}, {"part_name": "Front Fender", "price_min": "2040", "price_max": "2500"}, {"part_name": "Bonnet", "price_min": "6760", "price_max": "8260"}, {"part_name": "Front Door", "price_min": "7800", "price_max": "9530"}, {"part_name": "Bootlid", "price_min": "8160", "price_max": "9980"}, {"part_name": "Front Windscreen Glass", "price_min": "3450", "price_max": "4210"}, {"part_name": "Side Mirrors", "price_min": "1530", "price_max": "1870"}, {"part_name": "Front Strut", "price_min": "2000", "price_max": "2450"}, {"part_name": "Front Suspension Lower Arm", "price_min": "2160", "price_max": "2640"}, {"part_name": "Suspension Overhaul", "price_min": "3420", "price_max": "4180"}]}}, {"trim": "xciter crdfi 8 str bs iii", "model_org_name": "Rhino Rx", "ex_showroom_price": 676100, "body_type": "suv", "model": "rhino rx", "model_id": "13741", "fuel_type": "diesel", "make_id": "1001", "trim_id": "477431", "make": "icml", "trim_org_name": "XCITER CRDFI 8 STR BS III", "data": {"code": "success", "data": {"fuel_type": "diesel", "body_type": "suv", "vehicle_image": "https://cdn1.acedms.com/uploads/category//tmp/phpYOg2pY/20170609092730000000-5415177820249688065.png"}, "prices_list": [{"part_name": "Wiper Blades", "price_min": "550", "price_max": "670"}, {"part_name": "Front Bumper", "price_min": "2830", "price_max": "3460"}, {"part_name": "Front Fender", "price_min": "2040", "price_max": "2500"}, {"part_name": "Bonnet", "price_min": "6760", "price_max": "8260"}, {"part_name": "Front Door", "price_min": "7800", "price_max": "9530"}, {"part_name": "Bootlid", "price_min": "8160", "price_max": "9980"}, {"part_name": "Front Windscreen Glass", "price_min": "3450", "price_max": "4210"}, {"part_name": "Side Mirrors", "price_min": "1530", "price_max": "1870"}, {"part_name": "Front Strut", "price_min": "2000", "price_max": "2450"}, {"part_name": "Front Suspension Lower Arm", "price_min": "2160", "price_max": "2640"}, {"part_name": "Suspension Overhaul", "price_min": "3420", "price_max": "4180"}]}}]}]}