{"value": "Isuzu", "data-make-id": "341", "model_list": [{"model_org_name": "D-Max V-Cross", "ex_showroom_price": 1432000, "body_type": "suv", "model": "d-max v-cross", "model_id": "4681", "make_id": "341", "make": "isuzu", "trim_list": [{"trim": "4x4", "model_org_name": "D-Max V-Cross", "ex_showroom_price": 1253000, "body_type": "muv", "model": "d-max v-cross", "model_id": "4681", "fuel_type": "diesel", "make_id": "341", "trim_id": "228881", "make": "isuzu", "trim_org_name": "4X4", "data": {"code": "success", "data": {"fuel_type": "diesel", "body_type": "pick up", "vehicle_image": "https://cdn1.acedms.com/uploads/category/isuzu/20171211101123000000-449396684783024769.png"}}}, {"trim": "facelift", "model_org_name": "D-Max V-Cross", "ex_showroom_price": 1432000, "body_type": "suv", "model": "d-max v-cross", "model_id": "4681", "fuel_type": "petrol", "make_id": "341", "trim_id": "536261", "make": "isuzu", "trim_org_name": "FACELIFT", "data": {"code": "success", "data": {"fuel_type": "petrol", "body_type": "suv", "vehicle_image": "https://cdn1.acedms.com/uploads/category/isuzu/20171211101123000000-449396684783024769.png"}}}]}, {"model_org_name": "MU-X", "ex_showroom_price": 2931534, "body_type": "suv", "model": "mu-x", "model_id": "22811", "make_id": "341", "make": "isuzu", "trim_list": [{"trim": "4x2", "model_org_name": "MU-X", "ex_showroom_price": 2734834, "body_type": "suv", "model": "mu-x", "model_id": "22811", "fuel_type": "diesel", "make_id": "341", "trim_id": "450561", "make": "isuzu", "trim_org_name": "4X2", "data": {"code": "success", "data": {"fuel_type": "diesel", "body_type": "suv", "vehicle_image": "https://cdn1.acedms.com/uploads/category/isuzu/20170927065026000000-7472434090556431361.png"}, "prices_list": [{"part_name": "Wiper Blades", "price_min": "550", "price_max": "670"}, {"part_name": "Front Bumper", "price_min": "2830", "price_max": "3460"}, {"part_name": "Front Fender", "price_min": "2040", "price_max": "2500"}, {"part_name": "Bonnet", "price_min": "6760", "price_max": "8260"}, {"part_name": "Front Door", "price_min": "7800", "price_max": "9530"}, {"part_name": "Bootlid", "price_min": "8160", "price_max": "9980"}, {"part_name": "Front Windscreen Glass", "price_min": "3450", "price_max": "4210"}, {"part_name": "Side Mirrors", "price_min": "1530", "price_max": "1870"}, {"part_name": "Front Strut", "price_min": "2000", "price_max": "2450"}, {"part_name": "Front Suspension Lower Arm", "price_min": "2160", "price_max": "2640"}, {"part_name": "Suspension Overhaul", "price_min": "3420", "price_max": "4180"}]}}, {"trim": "4x4", "model_org_name": "MU-X", "ex_showroom_price": 2931534, "body_type": "suv", "model": "mu-x", "model_id": "22811", "fuel_type": "diesel", "make_id": "341", "trim_id": "450571", "make": "isuzu", "trim_org_name": "4X4", "data": {"code": "success", "data": {"fuel_type": "diesel", "body_type": "suv", "vehicle_image": "https://cdn1.acedms.com/uploads/category/isuzu/20170927065026000000-7472434090556431361.png"}, "prices_list": [{"part_name": "Wiper Blades", "price_min": "550", "price_max": "670"}, {"part_name": "Front Bumper", "price_min": "2830", "price_max": "3460"}, {"part_name": "Front Fender", "price_min": "2040", "price_max": "2500"}, {"part_name": "Bonnet", "price_min": "6760", "price_max": "8260"}, {"part_name": "Front Door", "price_min": "7800", "price_max": "9530"}, {"part_name": "Bootlid", "price_min": "8160", "price_max": "9980"}, {"part_name": "Front Windscreen Glass", "price_min": "3450", "price_max": "4210"}, {"part_name": "Side Mirrors", "price_min": "1530", "price_max": "1870"}, {"part_name": "Front Strut", "price_min": "2000", "price_max": "2450"}, {"part_name": "Front Suspension Lower Arm", "price_min": "2160", "price_max": "2640"}, {"part_name": "Suspension Overhaul", "price_min": "3420", "price_max": "4180"}]}}]}, {"model_org_name": "MU7", "ex_showroom_price": 2390000, "body_type": "suv", "model": "mu7", "model_id": "4671", "make_id": "341", "make": "isuzu", "trim_list": [{"trim": "base bs iii", "model_org_name": "MU7", "ex_showroom_price": 2153000, "body_type": "suv", "model": "mu7", "model_id": "4671", "fuel_type": "diesel", "make_id": "341", "trim_id": "230511", "make": "isuzu", "trim_org_name": "BASE BS III", "data": {"code": "success", "data": {"fuel_type": "diesel", "body_type": "suv", "vehicle_image": "https://cdn1.acedms.com/uploads/category/isuzu/20171211100825000000-4095921665118750721.png"}, "prices_list": [{"part_name": "Wiper Blades", "price_min": "550", "price_max": "670"}, {"part_name": "Front Bumper", "price_min": "2830", "price_max": "3460"}, {"part_name": "Front Fender", "price_min": "2040", "price_max": "2500"}, {"part_name": "Bonnet", "price_min": "6760", "price_max": "8260"}, {"part_name": "Front Door", "price_min": "7800", "price_max": "9530"}, {"part_name": "Bootlid", "price_min": "8160", "price_max": "9980"}, {"part_name": "Front Windscreen Glass", "price_min": "3450", "price_max": "4210"}, {"part_name": "Side Mirrors", "price_min": "1530", "price_max": "1870"}, {"part_name": "Front Strut", "price_min": "2000", "price_max": "2450"}, {"part_name": "Front Suspension Lower Arm", "price_min": "2160", "price_max": "2640"}, {"part_name": "Suspension Overhaul", "price_min": "3420", "price_max": "4180"}]}}, {"trim": "base bs iv", "model_org_name": "MU7", "ex_showroom_price": 2183000, "body_type": "suv", "model": "mu7", "model_id": "4671", "fuel_type": "diesel", "make_id": "341", "trim_id": "230521", "make": "isuzu", "trim_org_name": "BASE BS IV", "data": {"code": "success", "data": {"fuel_type": "diesel", "body_type": "suv", "vehicle_image": "https://cdn1.acedms.com/uploads/category/isuzu/20171211100825000000-4095921665118750721.png"}, "prices_list": [{"part_name": "Wiper Blades", "price_min": "550", "price_max": "670"}, {"part_name": "Front Bumper", "price_min": "2830", "price_max": "3460"}, {"part_name": "Front Fender", "price_min": "2040", "price_max": "2500"}, {"part_name": "Bonnet", "price_min": "6760", "price_max": "8260"}, {"part_name": "Front Door", "price_min": "7800", "price_max": "9530"}, {"part_name": "Bootlid", "price_min": "8160", "price_max": "9980"}, {"part_name": "Front Windscreen Glass", "price_min": "3450", "price_max": "4210"}, {"part_name": "Side Mirrors", "price_min": "1530", "price_max": "1870"}, {"part_name": "Front Strut", "price_min": "2000", "price_max": "2450"}, {"part_name": "Front Suspension Lower Arm", "price_min": "2160", "price_max": "2640"}, {"part_name": "Suspension Overhaul", "price_min": "3420", "price_max": "4180"}]}}, {"trim": "high bs iii", "model_org_name": "MU7", "ex_showroom_price": 2360000, "body_type": "suv", "model": "mu7", "model_id": "4671", "fuel_type": "diesel", "make_id": "341", "trim_id": "230541", "make": "isuzu", "trim_org_name": "HIGH BS III", "data": {"code": "success", "data": {"fuel_type": "diesel", "body_type": "suv", "vehicle_image": "https://cdn1.acedms.com/uploads/category/isuzu/20171211100825000000-4095921665118750721.png"}, "prices_list": [{"part_name": "Wiper Blades", "price_min": "550", "price_max": "670"}, {"part_name": "Front Bumper", "price_min": "2830", "price_max": "3460"}, {"part_name": "Front Fender", "price_min": "2040", "price_max": "2500"}, {"part_name": "Bonnet", "price_min": "6760", "price_max": "8260"}, {"part_name": "Front Door", "price_min": "7800", "price_max": "9530"}, {"part_name": "Bootlid", "price_min": "8160", "price_max": "9980"}, {"part_name": "Front Windscreen Glass", "price_min": "3450", "price_max": "4210"}, {"part_name": "Side Mirrors", "price_min": "1530", "price_max": "1870"}, {"part_name": "Front Strut", "price_min": "2000", "price_max": "2450"}, {"part_name": "Front Suspension Lower Arm", "price_min": "2160", "price_max": "2640"}, {"part_name": "Suspension Overhaul", "price_min": "3420", "price_max": "4180"}]}}, {"trim": "high bs iv", "model_org_name": "MU7", "ex_showroom_price": 2014000, "body_type": "suv", "model": "mu7", "model_id": "4671", "fuel_type": "diesel", "make_id": "341", "trim_id": "230531", "make": "isuzu", "trim_org_name": "HIGH BS IV", "data": {"code": "success", "data": {"fuel_type": "diesel", "body_type": "suv", "vehicle_image": "https://cdn1.acedms.com/uploads/category/isuzu/20171211100825000000-4095921665118750721.png"}, "prices_list": [{"part_name": "Wiper Blades", "price_min": "550", "price_max": "670"}, {"part_name": "Front Bumper", "price_min": "2830", "price_max": "3460"}, {"part_name": "Front Fender", "price_min": "2040", "price_max": "2500"}, {"part_name": "Bonnet", "price_min": "6760", "price_max": "8260"}, {"part_name": "Front Door", "price_min": "7800", "price_max": "9530"}, {"part_name": "Bootlid", "price_min": "8160", "price_max": "9980"}, {"part_name": "Front Windscreen Glass", "price_min": "3450", "price_max": "4210"}, {"part_name": "Side Mirrors", "price_min": "1530", "price_max": "1870"}, {"part_name": "Front Strut", "price_min": "2000", "price_max": "2450"}, {"part_name": "Front Suspension Lower Arm", "price_min": "2160", "price_max": "2640"}, {"part_name": "Suspension Overhaul", "price_min": "3420", "price_max": "4180"}]}}, {"trim": "premium at", "model_org_name": "MU7", "ex_showroom_price": 2390000, "body_type": "suv", "model": "mu7", "model_id": "4671", "fuel_type": "diesel", "make_id": "341", "trim_id": "230551", "make": "isuzu", "trim_org_name": "PREMIUM AT", "data": {"code": "success", "data": {"fuel_type": "diesel", "body_type": "suv", "vehicle_image": "https://cdn1.acedms.com/uploads/category/isuzu/20171211100825000000-4095921665118750721.png"}, "prices_list": [{"part_name": "Wiper Blades", "price_min": "550", "price_max": "670"}, {"part_name": "Front Bumper", "price_min": "2830", "price_max": "3460"}, {"part_name": "Front Fender", "price_min": "2040", "price_max": "2500"}, {"part_name": "Bonnet", "price_min": "6760", "price_max": "8260"}, {"part_name": "Front Door", "price_min": "7800", "price_max": "9530"}, {"part_name": "Bootlid", "price_min": "8160", "price_max": "9980"}, {"part_name": "Front Windscreen Glass", "price_min": "3450", "price_max": "4210"}, {"part_name": "Side Mirrors", "price_min": "1530", "price_max": "1870"}, {"part_name": "Front Strut", "price_min": "2000", "price_max": "2450"}, {"part_name": "Front Suspension Lower Arm", "price_min": "2160", "price_max": "2640"}, {"part_name": "Suspension Overhaul", "price_min": "3420", "price_max": "4180"}]}}]}]}