{"value": "Jaguar", "data-make-id": "351", "model_list": [{"model_org_name": "E-Pace", "ex_showroom_price": 5000000, "body_type": "suv", "model": "e-pace", "model_id": "42511", "make_id": "351", "make": "jaguar", "trim_list": [{"trim": "diesel", "model_org_name": "E-Pace", "ex_showroom_price": 5000000, "body_type": "suv", "model": "e-pace", "model_id": "42511", "fuel_type": "diesel", "make_id": "351", "trim_id": "518211", "make": "jaguar", "trim_org_name": "DIESEL", "data": {"code": "success", "data": {"fuel_type": "diesel", "body_type": "suv", "vehicle_image": "https://cdn1.acedms.com/uploads/category/jaguar/20180529054601000000-7228767651018100737.png"}, "prices_list": [{"part_name": "Wiper Blades", "price_min": "550", "price_max": "670"}, {"part_name": "Front Bumper", "price_min": "2830", "price_max": "3460"}, {"part_name": "Front Fender", "price_min": "2040", "price_max": "2500"}, {"part_name": "Bonnet", "price_min": "6760", "price_max": "8260"}, {"part_name": "Front Door", "price_min": "7800", "price_max": "9530"}, {"part_name": "Bootlid", "price_min": "8160", "price_max": "9980"}, {"part_name": "Front Windscreen Glass", "price_min": "3450", "price_max": "4210"}, {"part_name": "Side Mirrors", "price_min": "1530", "price_max": "1870"}, {"part_name": "Front Strut", "price_min": "2000", "price_max": "2450"}, {"part_name": "Front Suspension Lower Arm", "price_min": "2160", "price_max": "2640"}, {"part_name": "Suspension Overhaul", "price_min": "3420", "price_max": "4180"}]}}]}, {"model_org_name": "F-Pace", "ex_showroom_price": 6463780, "body_type": "suv", "model": "f-pace", "model_id": "8511", "make_id": "351", "make": "jaguar", "trim_list": [{"trim": "first edition", "model_org_name": "F-Pace", "ex_showroom_price": 12278401, "body_type": "suv", "model": "f-pace", "model_id": "8511", "fuel_type": "diesel", "make_id": "351", "trim_id": "42591", "make": "jaguar", "trim_org_name": "FIRST EDITION", "data": {"code": "success", "data": {"fuel_type": "diesel", "body_type": "suv", "vehicle_image": "https://cdn1.acedms.com/uploads/category/jaguar/20171211104744000000-4719610144799473665.png"}, "prices_list": [{"part_name": "Wiper Blades", "price_min": "550", "price_max": "670"}, {"part_name": "Front Bumper", "price_min": "2830", "price_max": "3460"}, {"part_name": "Front Fender", "price_min": "2040", "price_max": "2500"}, {"part_name": "Bonnet", "price_min": "6760", "price_max": "8260"}, {"part_name": "Front Door", "price_min": "7800", "price_max": "9530"}, {"part_name": "Bootlid", "price_min": "8160", "price_max": "9980"}, {"part_name": "Front Windscreen Glass", "price_min": "3450", "price_max": "4210"}, {"part_name": "Side Mirrors", "price_min": "1530", "price_max": "1870"}, {"part_name": "Front Strut", "price_min": "2000", "price_max": "2450"}, {"part_name": "Front Suspension Lower Arm", "price_min": "2160", "price_max": "2640"}, {"part_name": "Suspension Overhaul", "price_min": "3420", "price_max": "4180"}]}}, {"trim": "prestige", "model_org_name": "F-Pace", "ex_showroom_price": 6463780, "body_type": "suv", "model": "f-pace", "model_id": "8511", "fuel_type": "diesel", "make_id": "351", "trim_id": "42601", "make": "jaguar", "trim_org_name": "PRESTIGE", "data": {"code": "success", "data": {"fuel_type": "diesel", "body_type": "suv", "vehicle_image": "https://cdn1.acedms.com/uploads/category/jaguar/20171211104744000000-4719610144799473665.png"}, "prices_list": [{"part_name": "Wiper Blades", "price_min": "550", "price_max": "670"}, {"part_name": "Front Bumper", "price_min": "2830", "price_max": "3460"}, {"part_name": "Front Fender", "price_min": "2040", "price_max": "2500"}, {"part_name": "Bonnet", "price_min": "6760", "price_max": "8260"}, {"part_name": "Front Door", "price_min": "7800", "price_max": "9530"}, {"part_name": "Bootlid", "price_min": "8160", "price_max": "9980"}, {"part_name": "Front Windscreen Glass", "price_min": "3450", "price_max": "4210"}, {"part_name": "Side Mirrors", "price_min": "1530", "price_max": "1870"}, {"part_name": "Front Strut", "price_min": "2000", "price_max": "2450"}, {"part_name": "Front Suspension Lower Arm", "price_min": "2160", "price_max": "2640"}, {"part_name": "Suspension Overhaul", "price_min": "3420", "price_max": "4180"}]}}, {"trim": "prestige petrol", "model_org_name": "F-Pace", "ex_showroom_price": 6422809, "body_type": "suv", "model": "f-pace", "model_id": "8511", "fuel_type": "petrol", "make_id": "351", "trim_id": "581181", "make": "jaguar", "trim_org_name": "PRESTIGE PETROL", "data": {"code": "success", "data": {"fuel_type": "petrol", "body_type": "suv", "vehicle_image": "https://cdn1.acedms.com/uploads/category/jaguar/20171211104744000000-4719610144799473665.png"}}}, {"trim": "pure", "model_org_name": "F-Pace", "ex_showroom_price": 6840000, "body_type": "suv", "model": "f-pace", "model_id": "8511", "fuel_type": "diesel", "make_id": "351", "trim_id": "42611", "make": "jaguar", "trim_org_name": "PURE", "data": {"code": "success", "data": {"fuel_type": "diesel", "body_type": "suv", "vehicle_image": "https://cdn1.acedms.com/uploads/category/jaguar/20171211104744000000-4719610144799473665.png"}, "prices_list": [{"part_name": "Wiper Blades", "price_min": "550", "price_max": "670"}, {"part_name": "Front Bumper", "price_min": "2830", "price_max": "3460"}, {"part_name": "Front Fender", "price_min": "2040", "price_max": "2500"}, {"part_name": "Bonnet", "price_min": "6760", "price_max": "8260"}, {"part_name": "Front Door", "price_min": "7800", "price_max": "9530"}, {"part_name": "Bootlid", "price_min": "8160", "price_max": "9980"}, {"part_name": "Front Windscreen Glass", "price_min": "3450", "price_max": "4210"}, {"part_name": "Side Mirrors", "price_min": "1530", "price_max": "1870"}, {"part_name": "Front Strut", "price_min": "2000", "price_max": "2450"}, {"part_name": "Front Suspension Lower Arm", "price_min": "2160", "price_max": "2640"}, {"part_name": "Suspension Overhaul", "price_min": "3420", "price_max": "4180"}]}}, {"trim": "r-sport", "model_org_name": "F-Pace", "ex_showroom_price": 11837531, "body_type": "suv", "model": "f-pace", "model_id": "8511", "fuel_type": "diesel", "make_id": "351", "trim_id": "42621", "make": "jaguar", "trim_org_name": "R-SPORT", "data": {"code": "success", "data": {"fuel_type": "diesel", "body_type": "suv", "vehicle_image": "https://cdn1.acedms.com/uploads/category/jaguar/20171211104744000000-4719610144799473665.png"}, "prices_list": [{"part_name": "Wiper Blades", "price_min": "550", "price_max": "670"}, {"part_name": "Front Bumper", "price_min": "2830", "price_max": "3460"}, {"part_name": "Front Fender", "price_min": "2040", "price_max": "2500"}, {"part_name": "Bonnet", "price_min": "6760", "price_max": "8260"}, {"part_name": "Front Door", "price_min": "7800", "price_max": "9530"}, {"part_name": "Bootlid", "price_min": "8160", "price_max": "9980"}, {"part_name": "Front Windscreen Glass", "price_min": "3450", "price_max": "4210"}, {"part_name": "Side Mirrors", "price_min": "1530", "price_max": "1870"}, {"part_name": "Front Strut", "price_min": "2000", "price_max": "2450"}, {"part_name": "Front Suspension Lower Arm", "price_min": "2160", "price_max": "2640"}, {"part_name": "Suspension Overhaul", "price_min": "3420", "price_max": "4180"}]}}]}, {"model_org_name": "XE", "ex_showroom_price": 4633000, "body_type": "sedan", "model": "xe", "model_id": "4711", "make_id": "351", "make": "jaguar", "trim_list": [{"trim": "portfolio", "model_org_name": "XE", "ex_showroom_price": 4651176, "body_type": "sedan", "model": "xe", "model_id": "4711", "fuel_type": "petrol", "make_id": "351", "trim_id": "478041", "make": "jaguar", "trim_org_name": "PORTFOLIO", "data": {"code": "success", "data": {"fuel_type": "petrol", "body_type": "sedan", "vehicle_image": "https://cdn1.acedms.com/uploads/category/jaguar/20171124044102000000-433330276239076865.png"}, "prices_list": [{"part_name": "Wiper Blades", "price_min": "540", "price_max": "660"}, {"part_name": "Front Bumper", "price_min": "2080", "price_max": "2540"}, {"part_name": "Front Fender", "price_min": "1720", "price_max": "2100"}, {"part_name": "Bonnet", "price_min": "4030", "price_max": "4920"}, {"part_name": "Front Door", "price_min": "6150", "price_max": "7520"}, {"part_name": "Bootlid", "price_min": "4690", "price_max": "5730"}, {"part_name": "Front Windscreen Glass", "price_min": "3130", "price_max": "3830"}, {"part_name": "Side Mirrors", "price_min": "1280", "price_max": "1560"}, {"part_name": "Front Strut", "price_min": "1600", "price_max": "1950"}, {"part_name": "Front Suspension Lower Arm", "price_min": "1650", "price_max": "2020"}, {"part_name": "Suspension Overhaul", "price_min": "2430", "price_max": "2970"}]}}, {"trim": "portfolio diesel", "model_org_name": "XE", "ex_showroom_price": 4699633, "body_type": "sedan", "model": "xe", "model_id": "4711", "fuel_type": "diesel", "make_id": "351", "trim_id": "495081", "make": "jaguar", "trim_org_name": "PORTFOLIO DIESEL", "data": {"code": "success", "data": {"fuel_type": "diesel", "body_type": "sedan", "vehicle_image": "https://cdn1.acedms.com/uploads/category/jaguar/20171124044102000000-433330276239076865.png"}, "prices_list": [{"part_name": "Wiper Blades", "price_min": "550", "price_max": "670"}, {"part_name": "Front Bumper", "price_min": "2030", "price_max": "2480"}, {"part_name": "Front Fender", "price_min": "1660", "price_max": "2030"}, {"part_name": "Bonnet", "price_min": "3980", "price_max": "4860"}, {"part_name": "Front Door", "price_min": "5980", "price_max": "7310"}, {"part_name": "Bootlid", "price_min": "4530", "price_max": "5540"}, {"part_name": "Front Windscreen Glass", "price_min": "3180", "price_max": "3880"}, {"part_name": "Side Mirrors", "price_min": "1370", "price_max": "1680"}, {"part_name": "Front Strut", "price_min": "1600", "price_max": "1960"}, {"part_name": "Front Suspension Lower Arm", "price_min": "1560", "price_max": "1900"}, {"part_name": "Suspension Overhaul", "price_min": "2700", "price_max": "3300"}]}}, {"trim": "prestige", "model_org_name": "XE", "ex_showroom_price": 4436391, "body_type": "sedan", "model": "xe", "model_id": "4711", "fuel_type": "petrol", "make_id": "351", "trim_id": "478051", "make": "jaguar", "trim_org_name": "PRESTIGE", "data": {"code": "success", "data": {"fuel_type": "petrol", "body_type": "sedan", "vehicle_image": "https://cdn1.acedms.com/uploads/category/jaguar/20171124044102000000-433330276239076865.png"}, "prices_list": [{"part_name": "Wiper Blades", "price_min": "540", "price_max": "660"}, {"part_name": "Front Bumper", "price_min": "2080", "price_max": "2540"}, {"part_name": "Front Fender", "price_min": "1720", "price_max": "2100"}, {"part_name": "Bonnet", "price_min": "4030", "price_max": "4920"}, {"part_name": "Front Door", "price_min": "6150", "price_max": "7520"}, {"part_name": "Bootlid", "price_min": "4690", "price_max": "5730"}, {"part_name": "Front Windscreen Glass", "price_min": "3130", "price_max": "3830"}, {"part_name": "Side Mirrors", "price_min": "1280", "price_max": "1560"}, {"part_name": "Front Strut", "price_min": "1600", "price_max": "1950"}, {"part_name": "Front Suspension Lower Arm", "price_min": "1650", "price_max": "2020"}, {"part_name": "Suspension Overhaul", "price_min": "2430", "price_max": "2970"}]}}, {"trim": "prestige diesel", "model_org_name": "XE", "ex_showroom_price": 4506379, "body_type": "sedan", "model": "xe", "model_id": "4711", "fuel_type": "diesel", "make_id": "351", "trim_id": "495071", "make": "jaguar", "trim_org_name": "PRESTIGE DIESEL", "data": {"code": "success", "data": {"fuel_type": "diesel", "body_type": "sedan", "vehicle_image": "https://cdn1.acedms.com/uploads/category/jaguar/20171124044102000000-433330276239076865.png"}, "prices_list": [{"part_name": "Wiper Blades", "price_min": "550", "price_max": "670"}, {"part_name": "Front Bumper", "price_min": "2030", "price_max": "2480"}, {"part_name": "Front Fender", "price_min": "1660", "price_max": "2030"}, {"part_name": "Bonnet", "price_min": "3980", "price_max": "4860"}, {"part_name": "Front Door", "price_min": "5980", "price_max": "7310"}, {"part_name": "Bootlid", "price_min": "4530", "price_max": "5540"}, {"part_name": "Front Windscreen Glass", "price_min": "3180", "price_max": "3880"}, {"part_name": "Side Mirrors", "price_min": "1370", "price_max": "1680"}, {"part_name": "Front Strut", "price_min": "1600", "price_max": "1960"}, {"part_name": "Front Suspension Lower Arm", "price_min": "1560", "price_max": "1900"}, {"part_name": "Suspension Overhaul", "price_min": "2700", "price_max": "3300"}]}}, {"trim": "pure", "model_org_name": "XE", "ex_showroom_price": 4060767, "body_type": "sedan", "model": "xe", "model_id": "4711", "fuel_type": "petrol", "make_id": "351", "trim_id": "478061", "make": "jaguar", "trim_org_name": "PURE", "data": {"code": "success", "data": {"fuel_type": "petrol", "body_type": "sedan", "vehicle_image": "https://cdn1.acedms.com/uploads/category/jaguar/20171124044102000000-433330276239076865.png"}, "prices_list": [{"part_name": "Wiper Blades", "price_min": "540", "price_max": "660"}, {"part_name": "Front Bumper", "price_min": "2080", "price_max": "2540"}, {"part_name": "Front Fender", "price_min": "1720", "price_max": "2100"}, {"part_name": "Bonnet", "price_min": "4030", "price_max": "4920"}, {"part_name": "Front Door", "price_min": "6150", "price_max": "7520"}, {"part_name": "Bootlid", "price_min": "4690", "price_max": "5730"}, {"part_name": "Front Windscreen Glass", "price_min": "3130", "price_max": "3830"}, {"part_name": "Side Mirrors", "price_min": "1280", "price_max": "1560"}, {"part_name": "Front Strut", "price_min": "1600", "price_max": "1950"}, {"part_name": "Front Suspension Lower Arm", "price_min": "1650", "price_max": "2020"}, {"part_name": "Suspension Overhaul", "price_min": "2430", "price_max": "2970"}]}}, {"trim": "pure diesel", "model_org_name": "XE", "ex_showroom_price": 4133282, "body_type": "sedan", "model": "xe", "model_id": "4711", "fuel_type": "diesel", "make_id": "351", "trim_id": "495061", "make": "jaguar", "trim_org_name": "PURE DIESEL", "data": {"code": "success", "data": {"fuel_type": "diesel", "body_type": "sedan", "vehicle_image": "https://cdn1.acedms.com/uploads/category/jaguar/20171124044102000000-433330276239076865.png"}, "prices_list": [{"part_name": "Wiper Blades", "price_min": "550", "price_max": "670"}, {"part_name": "Front Bumper", "price_min": "2030", "price_max": "2480"}, {"part_name": "Front Fender", "price_min": "1660", "price_max": "2030"}, {"part_name": "Bonnet", "price_min": "3980", "price_max": "4860"}, {"part_name": "Front Door", "price_min": "5980", "price_max": "7310"}, {"part_name": "Bootlid", "price_min": "4530", "price_max": "5540"}, {"part_name": "Front Windscreen Glass", "price_min": "3180", "price_max": "3880"}, {"part_name": "Side Mirrors", "price_min": "1370", "price_max": "1680"}, {"part_name": "Front Strut", "price_min": "1600", "price_max": "1960"}, {"part_name": "Front Suspension Lower Arm", "price_min": "1560", "price_max": "1900"}, {"part_name": "Suspension Overhaul", "price_min": "2700", "price_max": "3300"}]}}, {"trim": "s diesel bs6", "model_org_name": "XE", "ex_showroom_price": 4498000, "body_type": "sedan", "model": "xe", "model_id": "4711", "fuel_type": "diesel", "make_id": "351", "trim_id": "574761", "make": "jaguar", "trim_org_name": "S DIESEL BS6", "data": {"code": "success", "data": {"fuel_type": "diesel", "body_type": "sedan", "vehicle_image": "https://cdn1.acedms.com/uploads/category/jaguar/20171124044102000000-433330276239076865.png"}}}, {"trim": "s petrol bs6", "model_org_name": "XE", "ex_showroom_price": 4498000, "body_type": "sedan", "model": "xe", "model_id": "4711", "fuel_type": "petrol", "make_id": "351", "trim_id": "574751", "make": "jaguar", "trim_org_name": "S PETROL BS6", "data": {"code": "success", "data": {"fuel_type": "petrol", "body_type": "sedan", "vehicle_image": "https://cdn1.acedms.com/uploads/category/jaguar/20171124044102000000-433330276239076865.png"}}}, {"trim": "se diesel bs6", "model_org_name": "XE", "ex_showroom_price": 4633000, "body_type": "sedan", "model": "xe", "model_id": "4711", "fuel_type": "diesel", "make_id": "351", "trim_id": "574781", "make": "jaguar", "trim_org_name": "SE DIESEL BS6", "data": {"code": "success", "data": {"fuel_type": "diesel", "body_type": "sedan", "vehicle_image": "https://cdn1.acedms.com/uploads/category/jaguar/20171124044102000000-433330276239076865.png"}}}, {"trim": "se petrol bs6", "model_org_name": "XE", "ex_showroom_price": 4633000, "body_type": "sedan", "model": "xe", "model_id": "4711", "fuel_type": "petrol", "make_id": "351", "trim_id": "574771", "make": "jaguar", "trim_org_name": "SE PETROL BS6", "data": {"code": "success", "data": {"fuel_type": "petrol", "body_type": "sedan", "vehicle_image": "https://cdn1.acedms.com/uploads/category/jaguar/20171124044102000000-433330276239076865.png"}}}]}, {"model_org_name": "XF", "ex_showroom_price": 4906300, "body_type": "sedan", "model": "xf", "model_id": "4741", "make_id": "351", "make": "jaguar", "trim_list": [{"trim": "2.0 prestige petrol bs6", "model_org_name": "XF", "ex_showroom_price": 5436329, "body_type": "sedan", "model": "xf", "model_id": "4741", "fuel_type": "petrol", "make_id": "351", "trim_id": "584446", "make": "jaguar", "trim_org_name": "2.0 PRESTIGE PETROL BS6", "data": {"code": "success", "data": {"fuel_type": "petrol", "body_type": "sedan", "vehicle_image": "https://cdn1.acedms.com/uploads/category/jaguar/20171211103154000000-5782800660959193089.png"}}}, {"trim": "2.2 diesel luxury", "model_org_name": "XF", "ex_showroom_price": 4906300, "body_type": "sedan", "model": "xf", "model_id": "4741", "fuel_type": "diesel", "make_id": "351", "trim_id": "475811", "make": "jaguar", "trim_org_name": "2.2 DIESEL LUXURY", "data": {"code": "success", "data": {"fuel_type": "diesel", "body_type": "sedan", "vehicle_image": "https://cdn1.acedms.com/uploads/category/jaguar/20171211103154000000-5782800660959193089.png"}, "prices_list": [{"part_name": "Wiper Blades", "price_min": "550", "price_max": "670"}, {"part_name": "Front Bumper", "price_min": "2030", "price_max": "2480"}, {"part_name": "Front Fender", "price_min": "1660", "price_max": "2030"}, {"part_name": "Bonnet", "price_min": "3980", "price_max": "4860"}, {"part_name": "Front Door", "price_min": "5980", "price_max": "7310"}, {"part_name": "Bootlid", "price_min": "4530", "price_max": "5540"}, {"part_name": "Front Windscreen Glass", "price_min": "3180", "price_max": "3880"}, {"part_name": "Side Mirrors", "price_min": "1370", "price_max": "1680"}, {"part_name": "Front Strut", "price_min": "1600", "price_max": "1960"}, {"part_name": "Front Suspension Lower Arm", "price_min": "1560", "price_max": "1900"}, {"part_name": "Suspension Overhaul", "price_min": "2700", "price_max": "3300"}]}}, {"trim": "3.0 litre s premium", "model_org_name": "XF", "ex_showroom_price": 6036400, "body_type": "sedan", "model": "xf", "model_id": "4741", "fuel_type": "diesel", "make_id": "351", "trim_id": "475891", "make": "jaguar", "trim_org_name": "3.0 LITRE S PREMIUM", "data": {"code": "success", "data": {"fuel_type": "diesel", "body_type": "sedan", "vehicle_image": "https://cdn1.acedms.com/uploads/category/jaguar/20171211103154000000-5782800660959193089.png"}, "prices_list": [{"part_name": "Wiper Blades", "price_min": "550", "price_max": "670"}, {"part_name": "Front Bumper", "price_min": "2030", "price_max": "2480"}, {"part_name": "Front Fender", "price_min": "1660", "price_max": "2030"}, {"part_name": "Bonnet", "price_min": "3980", "price_max": "4860"}, {"part_name": "Front Door", "price_min": "5980", "price_max": "7310"}, {"part_name": "Bootlid", "price_min": "4530", "price_max": "5540"}, {"part_name": "Front Windscreen Glass", "price_min": "3180", "price_max": "3880"}, {"part_name": "Side Mirrors", "price_min": "1370", "price_max": "1680"}, {"part_name": "Front Strut", "price_min": "1600", "price_max": "1960"}, {"part_name": "Front Suspension Lower Arm", "price_min": "1560", "price_max": "1900"}, {"part_name": "Suspension Overhaul", "price_min": "2700", "price_max": "3300"}]}}, {"trim": "3.0 s", "model_org_name": "XF", "ex_showroom_price": 6538700, "body_type": "sedan", "model": "xf", "model_id": "4741", "fuel_type": "diesel", "make_id": "351", "trim_id": "475971", "make": "jaguar", "trim_org_name": "3.0 S", "data": {"code": "success", "data": {"fuel_type": "diesel", "body_type": "sedan", "vehicle_image": "https://cdn1.acedms.com/uploads/category/jaguar/20171211103154000000-5782800660959193089.png"}, "prices_list": [{"part_name": "Wiper Blades", "price_min": "550", "price_max": "670"}, {"part_name": "Front Bumper", "price_min": "2030", "price_max": "2480"}, {"part_name": "Front Fender", "price_min": "1660", "price_max": "2030"}, {"part_name": "Bonnet", "price_min": "3980", "price_max": "4860"}, {"part_name": "Front Door", "price_min": "5980", "price_max": "7310"}, {"part_name": "Bootlid", "price_min": "4530", "price_max": "5540"}, {"part_name": "Front Windscreen Glass", "price_min": "3180", "price_max": "3880"}, {"part_name": "Side Mirrors", "price_min": "1370", "price_max": "1680"}, {"part_name": "Front Strut", "price_min": "1600", "price_max": "1960"}, {"part_name": "Front Suspension Lower Arm", "price_min": "1560", "price_max": "1900"}, {"part_name": "Suspension Overhaul", "price_min": "2700", "price_max": "3300"}]}}, {"trim": "3.0l diesel premium luxury", "model_org_name": "XF", "ex_showroom_price": 6036400, "body_type": "sedan", "model": "xf", "model_id": "4741", "fuel_type": "diesel", "make_id": "351", "trim_id": "475911", "make": "jaguar", "trim_org_name": "3.0L DIESEL PREMIUM LUXURY", "data": {"code": "success", "data": {"fuel_type": "diesel", "body_type": "sedan", "vehicle_image": "https://cdn1.acedms.com/uploads/category/jaguar/20171211103154000000-5782800660959193089.png"}, "prices_list": [{"part_name": "Wiper Blades", "price_min": "550", "price_max": "670"}, {"part_name": "Front Bumper", "price_min": "2030", "price_max": "2480"}, {"part_name": "Front Fender", "price_min": "1660", "price_max": "2030"}, {"part_name": "Bonnet", "price_min": "3980", "price_max": "4860"}, {"part_name": "Front Door", "price_min": "5980", "price_max": "7310"}, {"part_name": "Bootlid", "price_min": "4530", "price_max": "5540"}, {"part_name": "Front Windscreen Glass", "price_min": "3180", "price_max": "3880"}, {"part_name": "Side Mirrors", "price_min": "1370", "price_max": "1680"}, {"part_name": "Front Strut", "price_min": "1600", "price_max": "1960"}, {"part_name": "Front Suspension Lower Arm", "price_min": "1560", "price_max": "1900"}, {"part_name": "Suspension Overhaul", "price_min": "2700", "price_max": "3300"}]}}, {"trim": "5.0 v8 portfolio", "model_org_name": "XF", "ex_showroom_price": 7521300, "body_type": "sedan", "model": "xf", "model_id": "4741", "fuel_type": "petrol", "make_id": "351", "trim_id": "475801", "make": "jaguar", "trim_org_name": "5.0 V8 PORTFOLIO", "data": {"code": "success", "data": {"fuel_type": "petrol", "body_type": "sedan", "vehicle_image": "https://cdn1.acedms.com/uploads/category/jaguar/20171211103154000000-5782800660959193089.png"}, "prices_list": [{"part_name": "Wiper Blades", "price_min": "540", "price_max": "660"}, {"part_name": "Front Bumper", "price_min": "2080", "price_max": "2540"}, {"part_name": "Front Fender", "price_min": "1720", "price_max": "2100"}, {"part_name": "Bonnet", "price_min": "4030", "price_max": "4920"}, {"part_name": "Front Door", "price_min": "6150", "price_max": "7520"}, {"part_name": "Bootlid", "price_min": "4690", "price_max": "5730"}, {"part_name": "Front Windscreen Glass", "price_min": "3130", "price_max": "3830"}, {"part_name": "Side Mirrors", "price_min": "1280", "price_max": "1560"}, {"part_name": "Front Strut", "price_min": "1600", "price_max": "1950"}, {"part_name": "Front Suspension Lower Arm", "price_min": "1650", "price_max": "2020"}, {"part_name": "Suspension Overhaul", "price_min": "2430", "price_max": "2970"}]}}, {"trim": "portfolio diesel", "model_org_name": "XF", "ex_showroom_price": 6138811, "body_type": "sedan", "model": "xf", "model_id": "4741", "fuel_type": "diesel", "make_id": "351", "trim_id": "475841", "make": "jaguar", "trim_org_name": "PORTFOLIO DIESEL", "data": {"code": "success", "data": {"fuel_type": "diesel", "body_type": "sedan", "vehicle_image": "https://cdn1.acedms.com/uploads/category/jaguar/20171211103154000000-5782800660959193089.png"}, "prices_list": [{"part_name": "Wiper Blades", "price_min": "550", "price_max": "670"}, {"part_name": "Front Bumper", "price_min": "2030", "price_max": "2480"}, {"part_name": "Front Fender", "price_min": "1660", "price_max": "2030"}, {"part_name": "Bonnet", "price_min": "3980", "price_max": "4860"}, {"part_name": "Front Door", "price_min": "5980", "price_max": "7310"}, {"part_name": "Bootlid", "price_min": "4530", "price_max": "5540"}, {"part_name": "Front Windscreen Glass", "price_min": "3180", "price_max": "3880"}, {"part_name": "Side Mirrors", "price_min": "1370", "price_max": "1680"}, {"part_name": "Front Strut", "price_min": "1600", "price_max": "1960"}, {"part_name": "Front Suspension Lower Arm", "price_min": "1560", "price_max": "1900"}, {"part_name": "Suspension Overhaul", "price_min": "2700", "price_max": "3300"}]}}, {"trim": "portfolio petrol", "model_org_name": "XF", "ex_showroom_price": 6073446, "body_type": "sedan", "model": "xf", "model_id": "4741", "fuel_type": "petrol", "make_id": "351", "trim_id": "475821", "make": "jaguar", "trim_org_name": "PORTFOLIO PETROL", "data": {"code": "success", "data": {"fuel_type": "petrol", "body_type": "sedan", "vehicle_image": "https://cdn1.acedms.com/uploads/category/jaguar/20171211103154000000-5782800660959193089.png"}, "prices_list": [{"part_name": "Wiper Blades", "price_min": "540", "price_max": "660"}, {"part_name": "Front Bumper", "price_min": "2080", "price_max": "2540"}, {"part_name": "Front Fender", "price_min": "1720", "price_max": "2100"}, {"part_name": "Bonnet", "price_min": "4030", "price_max": "4920"}, {"part_name": "Front Door", "price_min": "6150", "price_max": "7520"}, {"part_name": "Bootlid", "price_min": "4690", "price_max": "5730"}, {"part_name": "Front Windscreen Glass", "price_min": "3130", "price_max": "3830"}, {"part_name": "Side Mirrors", "price_min": "1280", "price_max": "1560"}, {"part_name": "Front Strut", "price_min": "1600", "price_max": "1950"}, {"part_name": "Front Suspension Lower Arm", "price_min": "1650", "price_max": "2020"}, {"part_name": "Suspension Overhaul", "price_min": "2430", "price_max": "2970"}]}}, {"trim": "prestige diesel", "model_org_name": "XF", "ex_showroom_price": 5506622, "body_type": "sedan", "model": "xf", "model_id": "4741", "fuel_type": "diesel", "make_id": "351", "trim_id": "475831", "make": "jaguar", "trim_org_name": "PRESTIGE DIESEL", "data": {"code": "success", "data": {"fuel_type": "diesel", "body_type": "sedan", "vehicle_image": "https://cdn1.acedms.com/uploads/category/jaguar/20171211103154000000-5782800660959193089.png"}, "prices_list": [{"part_name": "Wiper Blades", "price_min": "550", "price_max": "670"}, {"part_name": "Front Bumper", "price_min": "2030", "price_max": "2480"}, {"part_name": "Front Fender", "price_min": "1660", "price_max": "2030"}, {"part_name": "Bonnet", "price_min": "3980", "price_max": "4860"}, {"part_name": "Front Door", "price_min": "5980", "price_max": "7310"}, {"part_name": "Bootlid", "price_min": "4530", "price_max": "5540"}, {"part_name": "Front Windscreen Glass", "price_min": "3180", "price_max": "3880"}, {"part_name": "Side Mirrors", "price_min": "1370", "price_max": "1680"}, {"part_name": "Front Strut", "price_min": "1600", "price_max": "1960"}, {"part_name": "Front Suspension Lower Arm", "price_min": "1560", "price_max": "1900"}, {"part_name": "Suspension Overhaul", "price_min": "2700", "price_max": "3300"}]}}, {"trim": "prestige petrol", "model_org_name": "XF", "ex_showroom_price": 5436329, "body_type": "sedan", "model": "xf", "model_id": "4741", "fuel_type": "petrol", "make_id": "351", "trim_id": "475851", "make": "jaguar", "trim_org_name": "PRESTIGE PETROL", "data": {"code": "success", "data": {"fuel_type": "petrol", "body_type": "sedan", "vehicle_image": "https://cdn1.acedms.com/uploads/category/jaguar/20171211103154000000-5782800660959193089.png"}, "prices_list": [{"part_name": "Wiper Blades", "price_min": "540", "price_max": "660"}, {"part_name": "Front Bumper", "price_min": "2080", "price_max": "2540"}, {"part_name": "Front Fender", "price_min": "1720", "price_max": "2100"}, {"part_name": "Bonnet", "price_min": "4030", "price_max": "4920"}, {"part_name": "Front Door", "price_min": "6150", "price_max": "7520"}, {"part_name": "Bootlid", "price_min": "4690", "price_max": "5730"}, {"part_name": "Front Windscreen Glass", "price_min": "3130", "price_max": "3830"}, {"part_name": "Side Mirrors", "price_min": "1280", "price_max": "1560"}, {"part_name": "Front Strut", "price_min": "1600", "price_max": "1950"}, {"part_name": "Front Suspension Lower Arm", "price_min": "1650", "price_max": "2020"}, {"part_name": "Suspension Overhaul", "price_min": "2430", "price_max": "2970"}]}}, {"trim": "pure diesel", "model_org_name": "XF", "ex_showroom_price": 4977080, "body_type": "sedan", "model": "xf", "model_id": "4741", "fuel_type": "diesel", "make_id": "351", "trim_id": "475861", "make": "jaguar", "trim_org_name": "PURE DIESEL", "data": {"code": "success", "data": {"fuel_type": "diesel", "body_type": "sedan", "vehicle_image": "https://cdn1.acedms.com/uploads/category/jaguar/20171211103154000000-5782800660959193089.png"}, "prices_list": [{"part_name": "Wiper Blades", "price_min": "550", "price_max": "670"}, {"part_name": "Front Bumper", "price_min": "2030", "price_max": "2480"}, {"part_name": "Front Fender", "price_min": "1660", "price_max": "2030"}, {"part_name": "Bonnet", "price_min": "3980", "price_max": "4860"}, {"part_name": "Front Door", "price_min": "5980", "price_max": "7310"}, {"part_name": "Bootlid", "price_min": "4530", "price_max": "5540"}, {"part_name": "Front Windscreen Glass", "price_min": "3180", "price_max": "3880"}, {"part_name": "Side Mirrors", "price_min": "1370", "price_max": "1680"}, {"part_name": "Front Strut", "price_min": "1600", "price_max": "1960"}, {"part_name": "Front Suspension Lower Arm", "price_min": "1560", "price_max": "1900"}, {"part_name": "Suspension Overhaul", "price_min": "2700", "price_max": "3300"}]}}, {"trim": "s v6", "model_org_name": "XF", "ex_showroom_price": 4933800, "body_type": "sedan", "model": "xf", "model_id": "4741", "fuel_type": "diesel", "make_id": "351", "trim_id": "475771", "make": "jaguar", "trim_org_name": "S V6", "data": {"code": "success", "data": {"fuel_type": "diesel", "body_type": "sedan", "vehicle_image": "https://cdn1.acedms.com/uploads/category/jaguar/20171211103154000000-5782800660959193089.png"}}}]}, {"model_org_name": "XJ", "ex_showroom_price": 9292000, "body_type": "sedan", "model": "xj", "model_id": "4721", "make_id": "351", "make": "jaguar", "trim_list": [{"trim": "3.0 diesel portfolio", "model_org_name": "XJ", "ex_showroom_price": 9292000, "body_type": "sedan", "model": "xj", "model_id": "4721", "fuel_type": "diesel", "make_id": "351", "trim_id": "478111", "make": "jaguar", "trim_org_name": "3.0 DIESEL PORTFOLIO", "data": {"code": "success", "data": {"fuel_type": "diesel", "body_type": "sedan", "vehicle_image": "https://cdn1.acedms.com/uploads/category/jaguar/20171211102417000000-2818890509810391553.png"}, "prices_list": [{"part_name": "Wiper Blades", "price_min": "550", "price_max": "670"}, {"part_name": "Front Bumper", "price_min": "2030", "price_max": "2480"}, {"part_name": "Front Fender", "price_min": "1660", "price_max": "2030"}, {"part_name": "Bonnet", "price_min": "3980", "price_max": "4860"}, {"part_name": "Front Door", "price_min": "5980", "price_max": "7310"}, {"part_name": "Bootlid", "price_min": "4530", "price_max": "5540"}, {"part_name": "Front Windscreen Glass", "price_min": "3180", "price_max": "3880"}, {"part_name": "Side Mirrors", "price_min": "1370", "price_max": "1680"}, {"part_name": "Front Strut", "price_min": "1600", "price_max": "1960"}, {"part_name": "Front Suspension Lower Arm", "price_min": "1560", "price_max": "1900"}, {"part_name": "Suspension Overhaul", "price_min": "2700", "price_max": "3300"}]}}, {"trim": "3.0l diesel", "model_org_name": "XJ", "ex_showroom_price": 9570800, "body_type": "sedan", "model": "xj", "model_id": "4721", "fuel_type": "diesel", "make_id": "351", "trim_id": "538651", "make": "jaguar", "trim_org_name": "3.0L Diesel", "data": {"code": "success", "data": {"fuel_type": "diesel", "body_type": "sedan", "vehicle_image": "https://cdn1.acedms.com/uploads/category/jaguar/20171211102417000000-2818890509810391553.png"}}}, {"trim": "3.0l portfolio", "model_org_name": "XJ", "ex_showroom_price": 9570800, "body_type": "sedan", "model": "xj", "model_id": "4721", "fuel_type": "diesel", "make_id": "351", "trim_id": "478091", "make": "jaguar", "trim_org_name": "3.0L PORTFOLIO", "data": {"code": "success", "data": {"fuel_type": "diesel", "body_type": "sedan", "vehicle_image": "https://cdn1.acedms.com/uploads/category/jaguar/20171211102417000000-2818890509810391553.png"}}}, {"trim": "3.0l portfolio lwb", "model_org_name": "XJ", "ex_showroom_price": 10596756, "body_type": "sedan", "model": "xj", "model_id": "4721", "fuel_type": "diesel", "make_id": "351", "trim_id": "478231", "make": "jaguar", "trim_org_name": "3.0L PORTFOLIO LWB", "data": {"code": "success", "data": {"fuel_type": "diesel", "body_type": "sedan", "vehicle_image": "https://cdn1.acedms.com/uploads/category/jaguar/20171211102417000000-2818890509810391553.png"}, "prices_list": [{"part_name": "Wiper Blades", "price_min": "550", "price_max": "670"}, {"part_name": "Front Bumper", "price_min": "2030", "price_max": "2480"}, {"part_name": "Front Fender", "price_min": "1660", "price_max": "2030"}, {"part_name": "Bonnet", "price_min": "3980", "price_max": "4860"}, {"part_name": "Front Door", "price_min": "5980", "price_max": "7310"}, {"part_name": "Bootlid", "price_min": "4530", "price_max": "5540"}, {"part_name": "Front Windscreen Glass", "price_min": "3180", "price_max": "3880"}, {"part_name": "Side Mirrors", "price_min": "1370", "price_max": "1680"}, {"part_name": "Front Strut", "price_min": "1600", "price_max": "1960"}, {"part_name": "Front Suspension Lower Arm", "price_min": "1560", "price_max": "1900"}, {"part_name": "Suspension Overhaul", "price_min": "2700", "price_max": "3300"}]}}, {"trim": "3.0l premium luxury", "model_org_name": "XJ", "ex_showroom_price": 9999000, "body_type": "sedan", "model": "xj", "model_id": "4721", "fuel_type": "diesel", "make_id": "351", "trim_id": "478071", "make": "jaguar", "trim_org_name": "3.0L PREMIUM LUXURY", "data": {"code": "success", "data": {"fuel_type": "diesel", "body_type": "sedan", "vehicle_image": "https://cdn1.acedms.com/uploads/category/jaguar/20171211102417000000-2818890509810391553.png"}, "prices_list": [{"part_name": "Wiper Blades", "price_min": "550", "price_max": "670"}, {"part_name": "Front Bumper", "price_min": "2030", "price_max": "2480"}, {"part_name": "Front Fender", "price_min": "1660", "price_max": "2030"}, {"part_name": "Bonnet", "price_min": "3980", "price_max": "4860"}, {"part_name": "Front Door", "price_min": "5980", "price_max": "7310"}, {"part_name": "Bootlid", "price_min": "4530", "price_max": "5540"}, {"part_name": "Front Windscreen Glass", "price_min": "3180", "price_max": "3880"}, {"part_name": "Side Mirrors", "price_min": "1370", "price_max": "1680"}, {"part_name": "Front Strut", "price_min": "1600", "price_max": "1960"}, {"part_name": "Front Suspension Lower Arm", "price_min": "1560", "price_max": "1900"}, {"part_name": "Suspension Overhaul", "price_min": "2700", "price_max": "3300"}]}}, {"trim": "3.0l premium luxury lwb", "model_org_name": "XJ", "ex_showroom_price": 9999000, "body_type": "sedan", "model": "xj", "model_id": "4721", "fuel_type": "diesel", "make_id": "351", "trim_id": "478241", "make": "jaguar", "trim_org_name": "3.0L PREMIUM LUXURY LWB", "data": {"code": "success", "data": {"fuel_type": "diesel", "body_type": "sedan", "vehicle_image": "https://cdn1.acedms.com/uploads/category/jaguar/20171211102417000000-2818890509810391553.png"}, "prices_list": [{"part_name": "Wiper Blades", "price_min": "550", "price_max": "670"}, {"part_name": "Front Bumper", "price_min": "2030", "price_max": "2480"}, {"part_name": "Front Fender", "price_min": "1660", "price_max": "2030"}, {"part_name": "Bonnet", "price_min": "3980", "price_max": "4860"}, {"part_name": "Front Door", "price_min": "5980", "price_max": "7310"}, {"part_name": "Bootlid", "price_min": "4530", "price_max": "5540"}, {"part_name": "Front Windscreen Glass", "price_min": "3180", "price_max": "3880"}, {"part_name": "Side Mirrors", "price_min": "1370", "price_max": "1680"}, {"part_name": "Front Strut", "price_min": "1600", "price_max": "1960"}, {"part_name": "Front Suspension Lower Arm", "price_min": "1560", "price_max": "1900"}, {"part_name": "Suspension Overhaul", "price_min": "2700", "price_max": "3300"}]}}, {"trim": "50", "model_org_name": "XJ", "ex_showroom_price": 11129599, "body_type": "sedan", "model": "xj", "model_id": "4721", "fuel_type": "diesel", "make_id": "351", "trim_id": "584447", "make": "jaguar", "trim_org_name": "50", "data": {"code": "success", "data": {"fuel_type": "diesel", "body_type": "sedan", "vehicle_image": "https://cdn1.acedms.com/uploads/category/jaguar/20171211102417000000-2818890509810391553.png"}}}]}, {"model_org_name": "XJ L", "ex_showroom_price": 11000000, "body_type": "sedan", "model": "xj l", "model_id": "4701", "make_id": "351", "make": "jaguar", "trim_list": [{"trim": "3.0 portfolio", "model_org_name": "XJ L", "ex_showroom_price": 11000000, "body_type": "sedan", "model": "xj l", "model_id": "4701", "fuel_type": "diesel", "make_id": "351", "trim_id": "", "make": "jaguar", "trim_org_name": ""}, {"trim": "3.0 premium luxury", "model_org_name": "XJ L", "ex_showroom_price": 10200000, "body_type": "sedan", "model": "xj l", "model_id": "4701", "fuel_type": "diesel", "make_id": "351", "trim_id": "", "make": "jaguar", "trim_org_name": ""}]}]}