{"value": "Jeep", "data-make-id": "771", "model_list": [{"model_org_name": "Compass", "ex_showroom_price": 2680000, "body_type": "suv", "model": "compass", "model_id": "23071", "make_id": "771", "make": "jeep", "trim_list": [{"trim": "1.4l limited black pack 4x2 option pack (at) ", "model_org_name": "Compass", "ex_showroom_price": 1967000, "body_type": "suv", "model": "compass", "model_id": "23071", "fuel_type": "petrol", "make_id": "771", "trim_id": "535161", "make": "jeep", "trim_org_name": "1.4L LIMITED BLACK PACK 4X2 OPTION PACK (AT) ", "data": {"code": "failed", "message": "Fuel Type not found!"}}, {"trim": "1.4l sports bedrock 4x2", "model_org_name": "Compass", "ex_showroom_price": 1753100, "body_type": "suv", "model": "compass", "model_id": "23071", "fuel_type": "petrol", "make_id": "771", "trim_id": "535131", "make": "jeep", "trim_org_name": "1.4L SPORTS BEDROCK 4X2", "data": {"code": "success", "data": {"fuel_type": "petrol", "body_type": "suv", "vehicle_image": "https://cdn1.acedms.com/uploads/category/jeep/20170927065205000000-1726742218591536897.png"}}}, {"trim": "2.0l limited black pack 4x2 option pack ", "model_org_name": "Compass", "ex_showroom_price": 2036300, "body_type": "suv", "model": "compass", "model_id": "23071", "fuel_type": "diesel", "make_id": "771", "trim_id": "535171", "make": "jeep", "trim_org_name": "2.0L LIMITED BLACK PACK 4X2 OPTION PACK ", "data": {"code": "failed", "message": "Fuel Type not found!"}}, {"trim": "2.0l limited black pack 4x4 option pack", "model_org_name": "Compass", "ex_showroom_price": 2214000, "body_type": "suv", "model": "compass", "model_id": "23071", "fuel_type": "diesel", "make_id": "771", "trim_id": "535181", "make": "jeep", "trim_org_name": "2.0L LIMITED BLACK PACK 4X4 OPTION PACK", "data": {"code": "success", "data": {"fuel_type": "diesel", "body_type": "suv", "vehicle_image": "https://cdn1.acedms.com/uploads/category/jeep/20170927065205000000-1726742218591536897.png"}}}, {"trim": "2.0l sports bedrock 4x2 ", "model_org_name": "Compass", "ex_showroom_price": 1753100, "body_type": "suv", "model": "compass", "model_id": "23071", "fuel_type": "diesel", "make_id": "771", "trim_id": "535151", "make": "jeep", "trim_org_name": "2.0L SPORTS BEDROCK 4X2 ", "data": {"code": "failed", "message": "Fuel Type not found!"}}, {"trim": "limited (o) 1.4 petrol at", "model_org_name": "Compass", "ex_showroom_price": 2055000, "body_type": "suv", "model": "compass", "model_id": "23071", "fuel_type": "petrol", "make_id": "771", "trim_id": "492361", "make": "jeep", "trim_org_name": "LIMITED (O) 1.4 PETROL AT", "data": {"code": "success", "data": {"fuel_type": "petrol", "body_type": "suv", "vehicle_image": "https://cdn1.acedms.com/uploads/category/jeep/20170927065205000000-1726742218591536897.png"}}}, {"trim": "limited (o) 2.0 diesel", "model_org_name": "Compass", "ex_showroom_price": 2022000, "body_type": "suv", "model": "compass", "model_id": "23071", "fuel_type": "diesel", "make_id": "771", "trim_id": "492351", "make": "jeep", "trim_org_name": "LIMITED (O) 2.0 DIESEL", "data": {"code": "success", "data": {"fuel_type": "diesel", "body_type": "suv", "vehicle_image": "https://cdn1.acedms.com/uploads/category/jeep/20170927065205000000-1726742218591536897.png"}}}, {"trim": "limited (o) 2.0 diesel 4x4", "model_org_name": "Compass", "ex_showroom_price": 2199000, "body_type": "suv", "model": "compass", "model_id": "23071", "fuel_type": "diesel", "make_id": "771", "trim_id": "492381", "make": "jeep", "trim_org_name": "LIMITED (O) 2.0 DIESEL 4X4", "data": {"code": "success", "data": {"fuel_type": "diesel", "body_type": "suv", "vehicle_image": "https://cdn1.acedms.com/uploads/category/jeep/20170927065205000000-1726742218591536897.png"}, "prices_list": [{"part_name": "Wiper Blades", "price_min": "550", "price_max": "670"}, {"part_name": "Front Bumper", "price_min": "2830", "price_max": "3460"}, {"part_name": "Front Fender", "price_min": "2040", "price_max": "2500"}, {"part_name": "Bonnet", "price_min": "6760", "price_max": "8260"}, {"part_name": "Front Door", "price_min": "7800", "price_max": "9530"}, {"part_name": "Bootlid", "price_min": "8160", "price_max": "9980"}, {"part_name": "Front Windscreen Glass", "price_min": "3450", "price_max": "4210"}, {"part_name": "Side Mirrors", "price_min": "1530", "price_max": "1870"}, {"part_name": "Front Strut", "price_min": "2000", "price_max": "2450"}, {"part_name": "Front Suspension Lower Arm", "price_min": "2160", "price_max": "2640"}, {"part_name": "Suspension Overhaul", "price_min": "3420", "price_max": "4180"}]}}, {"trim": "limited 1.4 petrol at", "model_org_name": "Compass", "ex_showroom_price": 1996000, "body_type": "suv", "model": "compass", "model_id": "23071", "fuel_type": "diesel", "make_id": "771", "trim_id": "492341", "make": "jeep", "trim_org_name": "LIMITED 1.4 PETROL AT", "data": {"code": "success", "data": {"fuel_type": "diesel", "body_type": "suv", "vehicle_image": "https://cdn1.acedms.com/uploads/category/jeep/20170927065205000000-1726742218591536897.png"}, "prices_list": [{"part_name": "Wiper Blades", "price_min": "550", "price_max": "670"}, {"part_name": "Front Bumper", "price_min": "2830", "price_max": "3460"}, {"part_name": "Front Fender", "price_min": "2040", "price_max": "2500"}, {"part_name": "Bonnet", "price_min": "6760", "price_max": "8260"}, {"part_name": "Front Door", "price_min": "7800", "price_max": "9530"}, {"part_name": "Bootlid", "price_min": "8160", "price_max": "9980"}, {"part_name": "Front Windscreen Glass", "price_min": "3450", "price_max": "4210"}, {"part_name": "Side Mirrors", "price_min": "1530", "price_max": "1870"}, {"part_name": "Front Strut", "price_min": "2000", "price_max": "2450"}, {"part_name": "Front Suspension Lower Arm", "price_min": "2160", "price_max": "2640"}, {"part_name": "Suspension Overhaul", "price_min": "3420", "price_max": "4180"}]}}, {"trim": "limited 2.0 diesel", "model_org_name": "Compass", "ex_showroom_price": 1973000, "body_type": "suv", "model": "compass", "model_id": "23071", "fuel_type": "diesel", "make_id": "771", "trim_id": "492331", "make": "jeep", "trim_org_name": "LIMITED 2.0 DIESEL", "data": {"code": "success", "data": {"fuel_type": "diesel", "body_type": "suv", "vehicle_image": "https://cdn1.acedms.com/uploads/category/jeep/20170927065205000000-1726742218591536897.png"}, "prices_list": [{"part_name": "Wiper Blades", "price_min": "550", "price_max": "670"}, {"part_name": "Front Bumper", "price_min": "2830", "price_max": "3460"}, {"part_name": "Front Fender", "price_min": "2040", "price_max": "2500"}, {"part_name": "Bonnet", "price_min": "6760", "price_max": "8260"}, {"part_name": "Front Door", "price_min": "7800", "price_max": "9530"}, {"part_name": "Bootlid", "price_min": "8160", "price_max": "9980"}, {"part_name": "Front Windscreen Glass", "price_min": "3450", "price_max": "4210"}, {"part_name": "Side Mirrors", "price_min": "1530", "price_max": "1870"}, {"part_name": "Front Strut", "price_min": "2000", "price_max": "2450"}, {"part_name": "Front Suspension Lower Arm", "price_min": "2160", "price_max": "2640"}, {"part_name": "Suspension Overhaul", "price_min": "3420", "price_max": "4180"}]}}, {"trim": "limited 2.0 diesel 4x4", "model_org_name": "Compass", "ex_showroom_price": 2151000, "body_type": "suv", "model": "compass", "model_id": "23071", "fuel_type": "diesel", "make_id": "771", "trim_id": "492371", "make": "jeep", "trim_org_name": "LIMITED 2.0 DIESEL 4X4", "data": {"code": "success", "data": {"fuel_type": "diesel", "body_type": "suv", "vehicle_image": "https://cdn1.acedms.com/uploads/category/jeep/20170927065205000000-1726742218591536897.png"}, "prices_list": [{"part_name": "Wiper Blades", "price_min": "550", "price_max": "670"}, {"part_name": "Front Bumper", "price_min": "2830", "price_max": "3460"}, {"part_name": "Front Fender", "price_min": "2040", "price_max": "2500"}, {"part_name": "Bonnet", "price_min": "6760", "price_max": "8260"}, {"part_name": "Front Door", "price_min": "7800", "price_max": "9530"}, {"part_name": "Bootlid", "price_min": "8160", "price_max": "9980"}, {"part_name": "Front Windscreen Glass", "price_min": "3450", "price_max": "4210"}, {"part_name": "Side Mirrors", "price_min": "1530", "price_max": "1870"}, {"part_name": "Front Strut", "price_min": "2000", "price_max": "2450"}, {"part_name": "Front Suspension Lower Arm", "price_min": "2160", "price_max": "2640"}, {"part_name": "Suspension Overhaul", "price_min": "3420", "price_max": "4180"}]}}, {"trim": "limited plus 1.4 petrol at", "model_org_name": "Compass", "ex_showroom_price": 2167000, "body_type": "suv", "model": "compass", "model_id": "23071", "fuel_type": "petrol", "make_id": "771", "trim_id": "553171", "make": "jeep", "trim_org_name": "LIMITED PLUS 1.4 PETROL AT", "data": {"code": "success", "data": {"fuel_type": "petrol", "body_type": "suv", "vehicle_image": "https://cdn1.acedms.com/uploads/category/jeep/20170927065205000000-1726742218591536897.png"}}}, {"trim": "limited plus 2.0 diesel 4x2", "model_org_name": "Compass", "ex_showroom_price": 2133000, "body_type": "suv", "model": "compass", "model_id": "23071", "fuel_type": "diesel", "make_id": "771", "trim_id": "553181", "make": "jeep", "trim_org_name": "LIMITED PLUS 2.0 DIESEL 4X2", "data": {"code": "success", "data": {"fuel_type": "diesel", "body_type": "suv", "vehicle_image": "https://cdn1.acedms.com/uploads/category/jeep/20170927065205000000-1726742218591536897.png"}}}, {"trim": "limited plus 2.0 diesel 4x4", "model_org_name": "Compass", "ex_showroom_price": 2311000, "body_type": "suv", "model": "compass", "model_id": "23071", "fuel_type": "diesel", "make_id": "771", "trim_id": "553191", "make": "jeep", "trim_org_name": "LIMITED PLUS 2.0 DIESEL 4X4", "data": {"code": "success", "data": {"fuel_type": "diesel", "body_type": "suv", "vehicle_image": "https://cdn1.acedms.com/uploads/category/jeep/20170927065205000000-1726742218591536897.png"}}}, {"trim": "limited plus 2.0 diesel 4x4 at bs6", "model_org_name": "Compass", "ex_showroom_price": 2421000, "body_type": "suv", "model": "compass", "model_id": "23071", "fuel_type": "diesel", "make_id": "771", "trim_id": "584523", "make": "jeep", "trim_org_name": "Limited Plus 2.0 Diesel 4x4 AT BS6", "data": {"code": "success", "data": {"fuel_type": "diesel", "body_type": "suv", "vehicle_image": "https://cdn1.acedms.com/uploads/category/jeep/20170927065205000000-1726742218591536897.png"}}}, {"trim": "limited plus diesel 4x4 bs6", "model_org_name": "Compass", "ex_showroom_price": 2421000, "body_type": "suv", "model": "compass", "model_id": "23071", "fuel_type": "diesel", "make_id": "771", "trim_id": "582791", "make": "jeep", "trim_org_name": "LIMITED PLUS DIESEL 4x4 BS6", "data": {"code": "success", "data": {"fuel_type": "diesel", "body_type": "suv", "vehicle_image": "https://cdn1.acedms.com/uploads/category/jeep/20170927065205000000-1726742218591536897.png"}}}, {"trim": "limited plus diesel bs6", "model_org_name": "Compass", "ex_showroom_price": 2243000, "body_type": "suv", "model": "compass", "model_id": "23071", "fuel_type": "diesel", "make_id": "771", "trim_id": "582771", "make": "jeep", "trim_org_name": "LIMITED PLUS DIESEL BS6", "data": {"code": "success", "data": {"fuel_type": "diesel", "body_type": "suv", "vehicle_image": "https://cdn1.acedms.com/uploads/category/jeep/20170927065205000000-1726742218591536897.png"}}}, {"trim": "limited plus petrol at bs6", "model_org_name": "Compass", "ex_showroom_price": 2192000, "body_type": "suv", "model": "compass", "model_id": "23071", "fuel_type": "petrol", "make_id": "771", "trim_id": "582721", "make": "jeep", "trim_org_name": "LIMITED PLUS PETROL AT BS6", "data": {"code": "success", "data": {"fuel_type": "petrol", "body_type": "suv", "vehicle_image": "https://cdn1.acedms.com/uploads/category/jeep/20170927065205000000-1726742218591536897.png"}}}, {"trim": "longitude (o) 1.4 petrol at", "model_org_name": "Compass", "ex_showroom_price": 1900000, "body_type": "suv", "model": "compass", "model_id": "23071", "fuel_type": "petrol", "make_id": "771", "trim_id": "555241", "make": "jeep", "trim_org_name": "LONGITUDE (O) 1.4 PETROL AT", "data": {"code": "success", "data": {"fuel_type": "petrol", "body_type": "suv", "vehicle_image": "https://cdn1.acedms.com/uploads/category/jeep/20170927065205000000-1726742218591536897.png"}}}, {"trim": "longitude (o) 2.0 diesel", "model_org_name": "Compass", "ex_showroom_price": 1888000, "body_type": "suv", "model": "compass", "model_id": "23071", "fuel_type": "diesel", "make_id": "771", "trim_id": "492321", "make": "jeep", "trim_org_name": "LONGITUDE (O) 2.0 DIESEL", "data": {"code": "success", "data": {"fuel_type": "diesel", "body_type": "suv", "vehicle_image": "https://cdn1.acedms.com/uploads/category/jeep/20170927065205000000-1726742218591536897.png"}}}, {"trim": "longitude 2.0 diesel", "model_org_name": "Compass", "ex_showroom_price": 1803000, "body_type": "suv", "model": "compass", "model_id": "23071", "fuel_type": "diesel", "make_id": "771", "trim_id": "492311", "make": "jeep", "trim_org_name": "LONGITUDE 2.0 DIESEL", "data": {"code": "success", "data": {"fuel_type": "diesel", "body_type": "suv", "vehicle_image": "https://cdn1.acedms.com/uploads/category/jeep/20170927065205000000-1726742218591536897.png"}}}, {"trim": "longitude 2.0 diesel 4x4 at bs6", "model_org_name": "Compass", "ex_showroom_price": 2286000, "body_type": "suv", "model": "compass", "model_id": "23071", "fuel_type": "diesel", "make_id": "771", "trim_id": "582761", "make": "jeep", "trim_org_name": "LONGITUDE 2.0 DIESEL 4x4 AT BS6", "data": {"code": "success", "data": {"fuel_type": "diesel", "body_type": "suv", "vehicle_image": "https://cdn1.acedms.com/uploads/category/jeep/20170927065205000000-1726742218591536897.png"}}}, {"trim": "longitude 2.0 diesel bs6", "model_org_name": "Compass", "ex_showroom_price": 1940000, "body_type": "suv", "model": "compass", "model_id": "23071", "fuel_type": "diesel", "make_id": "771", "trim_id": "582741", "make": "jeep", "trim_org_name": "LONGITUDE 2.0 DIESEL BS6", "data": {"code": "success", "data": {"fuel_type": "diesel", "body_type": "suv", "vehicle_image": "https://cdn1.acedms.com/uploads/category/jeep/20170927065205000000-1726742218591536897.png"}}}, {"trim": "longitude plus 1.4 petrol at bs6", "model_org_name": "Compass", "ex_showroom_price": 1969000, "body_type": "suv", "model": "compass", "model_id": "23071", "fuel_type": "petrol", "make_id": "771", "trim_id": "582711", "make": "jeep", "trim_org_name": "LONGITUDE PLUS 1.4 PETROL AT BS6", "data": {"code": "success", "data": {"fuel_type": "petrol", "body_type": "suv", "vehicle_image": "https://cdn1.acedms.com/uploads/category/jeep/20170927065205000000-1726742218591536897.png"}}}, {"trim": "longitude plus 2.0 diesel 4x4 at bs6", "model_org_name": "Compass", "ex_showroom_price": 2286000, "body_type": "suv", "model": "compass", "model_id": "23071", "fuel_type": "diesel", "make_id": "771", "trim_id": "582781", "make": "jeep", "trim_org_name": "LONGITUDE PLUS 2.0 DIESEL 4x4 AT BS6", "data": {"code": "success", "data": {"fuel_type": "diesel", "body_type": "suv", "vehicle_image": "https://cdn1.acedms.com/uploads/category/jeep/20170927065205000000-1726742218591536897.png"}}}, {"trim": "longitude plus 2.0 diesel bs6", "model_org_name": "Compass", "ex_showroom_price": 2030000, "body_type": "suv", "model": "compass", "model_id": "23071", "fuel_type": "diesel", "make_id": "771", "trim_id": "582751", "make": "jeep", "trim_org_name": "LONGITUDE PLUS 2.0 DIESEL BS6", "data": {"code": "success", "data": {"fuel_type": "diesel", "body_type": "suv", "vehicle_image": "https://cdn1.acedms.com/uploads/category/jeep/20170927065205000000-1726742218591536897.png"}}}, {"trim": "night eagle 1.4 petrol at bs6", "model_org_name": "Compass", "ex_showroom_price": 2014000, "body_type": "suv", "model": "compass", "model_id": "23071", "fuel_type": "petrol", "make_id": "771", "trim_id": "584767", "make": "jeep", "trim_org_name": "NIGHT EAGLE 1.4 PETROL AT BS6", "data": {"code": "success", "data": {"fuel_type": "petrol", "body_type": "suv", "vehicle_image": "https://cdn1.acedms.com/uploads/category/jeep/20170927065205000000-1726742218591536897.png"}}}, {"trim": "night eagle 2.0 diesel 4x4 at bs6", "model_org_name": "Compass", "ex_showroom_price": 2331000, "body_type": "suv", "model": "compass", "model_id": "23071", "fuel_type": "diesel", "make_id": "771", "trim_id": "584769", "make": "jeep", "trim_org_name": "NIGHT EAGLE 2.0 DIESEL 4x4 AT BS6", "data": {"code": "success", "data": {"fuel_type": "diesel", "body_type": "suv", "vehicle_image": "https://cdn1.acedms.com/uploads/category/jeep/20170927065205000000-1726742218591536897.png"}}}, {"trim": "night eagle 2.0 diesel bs6", "model_org_name": "Compass", "ex_showroom_price": 2075000, "body_type": "suv", "model": "compass", "model_id": "23071", "fuel_type": "diesel", "make_id": "771", "trim_id": "584768", "make": "jeep", "trim_org_name": "NIGHT EAGLE 2.0 DIESEL BS6", "data": {"code": "success", "data": {"fuel_type": "diesel", "body_type": "suv", "vehicle_image": "https://cdn1.acedms.com/uploads/category/jeep/20170927065205000000-1726742218591536897.png"}}}, {"trim": "sport 1.4 petrol", "model_org_name": "Compass", "ex_showroom_price": 1560000, "body_type": "suv", "model": "compass", "model_id": "23071", "fuel_type": "petrol", "make_id": "771", "trim_id": "492291", "make": "jeep", "trim_org_name": "SPORT 1.4 PETROL", "data": {"code": "success", "data": {"fuel_type": "petrol", "body_type": "suv", "vehicle_image": "https://cdn1.acedms.com/uploads/category/jeep/20170927065205000000-1726742218591536897.png"}, "prices_list": [{"part_name": "Wiper Blades", "price_min": "550", "price_max": "670"}, {"part_name": "Front Bumper", "price_min": "2830", "price_max": "3460"}, {"part_name": "Front Fender", "price_min": "2040", "price_max": "2500"}, {"part_name": "Bonnet", "price_min": "6760", "price_max": "8260"}, {"part_name": "Front Door", "price_min": "7800", "price_max": "9530"}, {"part_name": "Bootlid", "price_min": "8160", "price_max": "9980"}, {"part_name": "Front Windscreen Glass", "price_min": "3450", "price_max": "4210"}, {"part_name": "Side Mirrors", "price_min": "1530", "price_max": "1870"}, {"part_name": "Front Strut", "price_min": "2000", "price_max": "2450"}, {"part_name": "Front Suspension Lower Arm", "price_min": "2160", "price_max": "2640"}, {"part_name": "Suspension Overhaul", "price_min": "2880", "price_max": "3520"}]}}, {"trim": "sport 2.0 diesel", "model_org_name": "Compass", "ex_showroom_price": 1661000, "body_type": "suv", "model": "compass", "model_id": "23071", "fuel_type": "diesel", "make_id": "771", "trim_id": "492301", "make": "jeep", "trim_org_name": "SPORT 2.0 DIESEL", "data": {"code": "success", "data": {"fuel_type": "diesel", "body_type": "suv", "vehicle_image": "https://cdn1.acedms.com/uploads/category/jeep/20170927065205000000-1726742218591536897.png"}}}, {"trim": "sport plus 1.4 petrol", "model_org_name": "Compass", "ex_showroom_price": 1599000, "body_type": "suv", "model": "compass", "model_id": "23071", "fuel_type": "petrol", "make_id": "771", "trim_id": "555131", "make": "jeep", "trim_org_name": "SPORT PLUS 1.4 PETROL", "data": {"code": "success", "data": {"fuel_type": "petrol", "body_type": "suv", "vehicle_image": "https://cdn1.acedms.com/uploads/category/jeep/20170927065205000000-1726742218591536897.png"}}}, {"trim": "sport plus 1.4 petrol bs6", "model_org_name": "Compass", "ex_showroom_price": 1649000, "body_type": "suv", "model": "compass", "model_id": "23071", "fuel_type": "petrol", "make_id": "771", "trim_id": "582701", "make": "jeep", "trim_org_name": "SPORT PLUS 1.4 PETROL BS6", "data": {"code": "success", "data": {"fuel_type": "petrol", "body_type": "suv", "vehicle_image": "https://cdn1.acedms.com/uploads/category/jeep/20170927065205000000-1726742218591536897.png"}}}, {"trim": "sport plus 2.0 diesel", "model_org_name": "Compass", "ex_showroom_price": 1699000, "body_type": "suv", "model": "compass", "model_id": "23071", "fuel_type": "diesel", "make_id": "771", "trim_id": "555141", "make": "jeep", "trim_org_name": "SPORT PLUS 2.0 DIESEL", "data": {"code": "success", "data": {"fuel_type": "diesel", "body_type": "suv", "vehicle_image": "https://cdn1.acedms.com/uploads/category/jeep/20170927065205000000-1726742218591536897.png"}}}, {"trim": "sport plus 2.0 diesel bs6", "model_org_name": "Compass", "ex_showroom_price": 1799000, "body_type": "suv", "model": "compass", "model_id": "23071", "fuel_type": "diesel", "make_id": "771", "trim_id": "582731", "make": "jeep", "trim_org_name": "SPORT PLUS 2.0 DIESEL BS6", "data": {"code": "success", "data": {"fuel_type": "diesel", "body_type": "suv", "vehicle_image": "https://cdn1.acedms.com/uploads/category/jeep/20170927065205000000-1726742218591536897.png"}}}, {"trim": "trailhawk", "model_org_name": "Compass", "ex_showroom_price": 2680000, "body_type": "suv", "model": "compass", "model_id": "23071", "fuel_type": "diesel", "make_id": "771", "trim_id": "565771", "make": "jeep", "trim_org_name": "TRAILHAWK", "data": {"code": "success", "data": {"fuel_type": "diesel", "body_type": "suv", "vehicle_image": "https://cdn1.acedms.com/uploads/category/jeep/20170927065205000000-1726742218591536897.png"}}}, {"trim": "trailhawk (o) 2.0 4x4 bs6", "model_org_name": "Compass", "ex_showroom_price": 2421000, "body_type": "suv", "model": "compass", "model_id": "23071", "fuel_type": "diesel", "make_id": "771", "trim_id": "584525", "make": "jeep", "trim_org_name": "Trailhawk (O) 2.0 4x4 BS6", "data": {"code": "success", "data": {"fuel_type": "diesel", "body_type": "suv", "vehicle_image": "https://cdn1.acedms.com/uploads/category/jeep/20170927065205000000-1726742218591536897.png"}}}, {"trim": "trailhawk 2.0 4x4 bs6", "model_org_name": "Compass", "ex_showroom_price": 2421000, "body_type": "suv", "model": "compass", "model_id": "23071", "fuel_type": "diesel", "make_id": "771", "trim_id": "584524", "make": "jeep", "trim_org_name": "Trailhawk 2.0 4x4 BS6", "data": {"code": "success", "data": {"fuel_type": "diesel", "body_type": "suv", "vehicle_image": "https://cdn1.acedms.com/uploads/category/jeep/20170927065205000000-1726742218591536897.png"}}}]}, {"model_org_name": "Grand Cherokee", "ex_showroom_price": 7882867, "body_type": "suv", "model": "grand cherokee", "model_id": "8161", "make_id": "771", "make": "jeep", "trim_list": [{"trim": "limited", "model_org_name": "Grand Cherokee", "ex_showroom_price": 7882867, "body_type": "suv", "model": "grand cherokee", "model_id": "8161", "fuel_type": "diesel", "make_id": "771", "trim_id": "39681", "make": "jeep", "trim_org_name": "LIMITED", "data": {"code": "success", "data": {"fuel_type": "diesel", "body_type": "suv", "vehicle_image": "https://cdn1.acedms.com/uploads/category/jeep/20171211114200000000-174579751571990049.png"}}}, {"trim": "limited petrol", "model_org_name": "Grand Cherokee", "ex_showroom_price": 7515000, "body_type": "suv", "model": "grand cherokee", "model_id": "8161", "fuel_type": "petrol", "make_id": "771", "trim_id": "555251", "make": "jeep", "trim_org_name": "LIMITED PETROL", "data": {"code": "success", "data": {"fuel_type": "petrol", "body_type": "suv", "vehicle_image": "https://cdn1.acedms.com/uploads/category/jeep/20171211114200000000-174579751571990049.png"}}}, {"trim": "srt", "model_org_name": "Grand Cherokee", "ex_showroom_price": 11400000, "body_type": "suv", "model": "grand cherokee", "model_id": "8161", "fuel_type": "petrol", "make_id": "771", "trim_id": "39691", "make": "jeep", "trim_org_name": "SRT", "data": {"code": "success", "data": {"fuel_type": "petrol", "body_type": "suv", "vehicle_image": "https://cdn1.acedms.com/uploads/category/jeep/20171211114200000000-174579751571990049.png"}}}, {"trim": "summit diesel", "model_org_name": "Grand Cherokee", "ex_showroom_price": 8931819, "body_type": "suv", "model": "grand cherokee", "model_id": "8161", "fuel_type": "diesel", "make_id": "771", "trim_id": "39701", "make": "jeep", "trim_org_name": "SUMMIT DIESEL", "data": {"code": "success", "data": {"fuel_type": "diesel", "body_type": "suv", "vehicle_image": "https://cdn1.acedms.com/uploads/category/jeep/20171211114200000000-174579751571990049.png"}, "prices_list": [{"part_name": "Wiper Blades", "price_min": "550", "price_max": "670"}, {"part_name": "Front Bumper", "price_min": "2830", "price_max": "3460"}, {"part_name": "Front Fender", "price_min": "2040", "price_max": "2500"}, {"part_name": "Bonnet", "price_min": "6760", "price_max": "8260"}, {"part_name": "Front Door", "price_min": "7800", "price_max": "9530"}, {"part_name": "Bootlid", "price_min": "8160", "price_max": "9980"}, {"part_name": "Front Windscreen Glass", "price_min": "3450", "price_max": "4210"}, {"part_name": "Side Mirrors", "price_min": "1530", "price_max": "1870"}, {"part_name": "Front Strut", "price_min": "2000", "price_max": "2450"}, {"part_name": "Front Suspension Lower Arm", "price_min": "2160", "price_max": "2640"}, {"part_name": "Suspension Overhaul", "price_min": "3420", "price_max": "4180"}]}}, {"trim": "summit petrol", "model_org_name": "Grand Cherokee", "ex_showroom_price": 8931819, "body_type": "suv", "model": "grand cherokee", "model_id": "8161", "fuel_type": "petrol", "make_id": "771", "trim_id": "554321", "make": "jeep", "trim_org_name": "SUMMIT PETROL", "data": {"code": "success", "data": {"fuel_type": "petrol", "body_type": "suv", "vehicle_image": "https://cdn1.acedms.com/uploads/category/jeep/20171211114200000000-174579751571990049.png"}}}]}, {"model_org_name": "Wrangler", "ex_showroom_price": 5657000, "body_type": "suv", "model": "wrangler", "model_id": "8151", "make_id": "771", "make": "jeep", "trim_list": [{"trim": "diesel", "model_org_name": "Wrangler", "ex_showroom_price": 6500000, "body_type": "suv", "model": "wrangler", "model_id": "8151", "fuel_type": "diesel", "make_id": "771", "trim_id": "536271", "make": "jeep", "trim_org_name": "DIESEL", "data": {"code": "success", "data": {"fuel_type": "diesel", "body_type": "suv", "vehicle_image": "https://cdn1.acedms.com/uploads/category/jeep/20171211114004000000-5146292999220467713.png"}}}, {"trim": "unlimited", "model_org_name": "Wrangler", "ex_showroom_price": 5657000, "body_type": "suv", "model": "wrangler", "model_id": "8151", "fuel_type": "petrol", "make_id": "771", "trim_id": "", "make": "jeep", "trim_org_name": ""}]}]}