{"value": "Kia", "data-make-id": "3201", "model_list": [{"model_org_name": "Carnival", "ex_showroom_price": 3395000, "body_type": "muv", "model": "carnival", "model_id": "68021", "make_id": "3201", "make": "kia", "trim_list": [{"trim": "limousine 7 str", "model_org_name": "Carnival", "ex_showroom_price": 3395000, "body_type": "muv", "model": "carnival", "model_id": "68021", "fuel_type": "diesel", "make_id": "3201", "trim_id": "577681", "make": "kia", "trim_org_name": "LIMOUSINE 7 STR", "data": {"code": "success", "data": {"fuel_type": "diesel", "body_type": "muv", "vehicle_image": "https://cdn1.acedms.com/uploads/category/kia/20200210075019000000-1236700596060285953.jpg"}}}, {"trim": "premium 7 str", "model_org_name": "Carnival", "ex_showroom_price": 2495000, "body_type": "muv", "model": "carnival", "model_id": "68021", "fuel_type": "diesel", "make_id": "3201", "trim_id": "575051", "make": "kia", "trim_org_name": "PREMIUM 7 STR", "data": {"code": "success", "data": {"fuel_type": "diesel", "body_type": "muv", "vehicle_image": "https://cdn1.acedms.com/uploads/category/kia/20200210075019000000-1236700596060285953.jpg"}}}, {"trim": "premium 8 str", "model_org_name": "Carnival", "ex_showroom_price": 2515000, "body_type": "muv", "model": "carnival", "model_id": "68021", "fuel_type": "diesel", "make_id": "3201", "trim_id": "577651", "make": "kia", "trim_org_name": "PREMIUM 8 STR", "data": {"code": "success", "data": {"fuel_type": "diesel", "body_type": "muv", "vehicle_image": "https://cdn1.acedms.com/uploads/category/kia/20200210075019000000-1236700596060285953.jpg"}}}, {"trim": "prestige 7 str", "model_org_name": "Carnival", "ex_showroom_price": 2895000, "body_type": "muv", "model": "carnival", "model_id": "68021", "fuel_type": "diesel", "make_id": "3201", "trim_id": "577661", "make": "kia", "trim_org_name": "PRESTIGE 7 STR", "data": {"code": "success", "data": {"fuel_type": "diesel", "body_type": "muv", "vehicle_image": "https://cdn1.acedms.com/uploads/category/kia/20200210075019000000-1236700596060285953.jpg"}}}, {"trim": "prestige 9 str", "model_org_name": "Carnival", "ex_showroom_price": 2995000, "body_type": "muv", "model": "carnival", "model_id": "68021", "fuel_type": "diesel", "make_id": "3201", "trim_id": "577671", "make": "kia", "trim_org_name": "PRESTIGE 9 STR", "data": {"code": "success", "data": {"fuel_type": "diesel", "body_type": "muv", "vehicle_image": "https://cdn1.acedms.com/uploads/category/kia/20200210075019000000-1236700596060285953.jpg"}}}]}, {"model_org_name": "Ceed", "ex_showroom_price": 900000, "body_type": "hatchback", "model": "ceed", "model_id": "69851", "make_id": "3201", "make": "kia", "trim_list": [{"trim": "petrol", "model_org_name": "Ceed", "ex_showroom_price": 900000, "body_type": "hatchback", "model": "ceed", "model_id": "69851", "fuel_type": "petrol", "make_id": "3201", "trim_id": "583851", "make": "kia", "trim_org_name": "PETROL", "data": {"code": "success", "data": {"fuel_type": "petrol", "body_type": "hatchback", "vehicle_image": "https://cdn1.acedms.com/uploads/category/kia/20200506070649000000-1798762593561408513.jpg"}}}]}, {"model_org_name": "QYI", "ex_showroom_price": 700000, "body_type": "suv", "model": "qyi", "model_id": "68941", "make_id": "3201", "make": "kia", "trim_list": [{"trim": "petrol", "model_org_name": "QYI", "ex_showroom_price": 700000, "body_type": "suv", "model": "qyi", "model_id": "68941", "fuel_type": "petrol", "make_id": "3201", "trim_id": "577261", "make": "kia", "trim_org_name": "PETROL", "data": {"code": "success", "data": {"fuel_type": "petrol", "body_type": "suv", "vehicle_image": "https://cdn1.acedms.com/uploads/category/kia/20200206100253000000-1559641275854772737.jpg"}}}]}, {"model_org_name": "Rio", "ex_showroom_price": 600000, "body_type": "hatchback", "model": "rio", "model_id": "44771", "make_id": "3201", "make": "kia", "trim_list": [{"trim": "petrol", "model_org_name": "Rio", "ex_showroom_price": 600000, "body_type": "hatchback", "model": "rio", "model_id": "44771", "fuel_type": "petrol", "make_id": "3201", "trim_id": "524261", "make": "kia", "trim_org_name": "PETROL", "data": {"code": "success", "data": {"fuel_type": "petrol", "body_type": "hatchback", "vehicle_image": "https://cdn1.acedms.com/uploads/category/kia/20180730062351000000-7756166686644978689.jpg"}, "prices_list": [{"part_name": "Wiper Blades", "price_min": "420", "price_max": "520"}, {"part_name": "Front Bumper", "price_min": "1480", "price_max": "1810"}, {"part_name": "Front Fender", "price_min": "1290", "price_max": "1580"}, {"part_name": "Bonnet", "price_min": "3260", "price_max": "3990"}, {"part_name": "Front Door", "price_min": "4820", "price_max": "5890"}, {"part_name": "Bootlid", "price_min": "3960", "price_max": "4840"}, {"part_name": "Front Windscreen Glass", "price_min": "2690", "price_max": "3290"}, {"part_name": "Side Mirrors", "price_min": "880", "price_max": "1070"}, {"part_name": "Front Strut", "price_min": "1300", "price_max": "1580"}, {"part_name": "Front Suspension Lower Arm", "price_min": "1230", "price_max": "1500"}, {"part_name": "Suspension Overhaul", "price_min": "2160", "price_max": "2640"}]}}]}, {"model_org_name": "Seltos", "ex_showroom_price": 1699000, "body_type": "suv", "model": "seltos", "model_id": "66331", "make_id": "3201", "make": "kia", "trim_list": [{"trim": "anniversary edition 1.5 diesel", "model_org_name": "Seltos", "ex_showroom_price": 1485000, "body_type": "suv", "model": "seltos", "model_id": "66331", "fuel_type": "diesel", "make_id": "3201", "trim_id": "584924", "make": "kia", "trim_org_name": "ANNIVERSARY EDITION 1.5 DIESEL", "data": {"code": "success", "data": {"fuel_type": "diesel", "body_type": "suv", "vehicle_image": "https://cdn1.acedms.com/uploads/category/kia/20190819051026000000-4508890561227848705.jpg"}}}, {"trim": "anniversary edition 1.5 petrol", "model_org_name": "Seltos", "ex_showroom_price": 1375000, "body_type": "suv", "model": "seltos", "model_id": "66331", "fuel_type": "petrol", "make_id": "3201", "trim_id": "584922", "make": "kia", "trim_org_name": "ANNIVERSARY EDITION 1.5 PETROL", "data": {"code": "success", "data": {"fuel_type": "petrol", "body_type": "suv", "vehicle_image": "https://cdn1.acedms.com/uploads/category/kia/20190819051026000000-4508890561227848705.jpg"}}}, {"trim": "anniversary edition ivt 1.5 petrol", "model_org_name": "Seltos", "ex_showroom_price": 1475000, "body_type": "suv", "model": "seltos", "model_id": "66331", "fuel_type": "petrol", "make_id": "3201", "trim_id": "584923", "make": "kia", "trim_org_name": "ANNIVERSARY EDITION IVT 1.5 PETROL", "data": {"code": "success", "data": {"fuel_type": "petrol", "body_type": "suv", "vehicle_image": "https://cdn1.acedms.com/uploads/category/kia/20190819051026000000-4508890561227848705.jpg"}}}, {"trim": "gtk 1.4 petrol", "model_org_name": "Seltos", "ex_showroom_price": 1349000, "body_type": "suv", "model": "seltos", "model_id": "66331", "fuel_type": "petrol", "make_id": "3201", "trim_id": "572331", "make": "kia", "trim_org_name": "GTK 1.4 PETROL", "data": {"code": "success", "data": {"fuel_type": "petrol", "body_type": "suv", "vehicle_image": "https://cdn1.acedms.com/uploads/category/kia/20190819051026000000-4508890561227848705.jpg"}}}, {"trim": "gtx 1.4 petrol", "model_org_name": "Seltos", "ex_showroom_price": 1499000, "body_type": "suv", "model": "seltos", "model_id": "66331", "fuel_type": "petrol", "make_id": "3201", "trim_id": "572361", "make": "kia", "trim_org_name": "GTX 1.4 PETROL", "data": {"code": "success", "data": {"fuel_type": "petrol", "body_type": "suv", "vehicle_image": "https://cdn1.acedms.com/uploads/category/kia/20190819051026000000-4508890561227848705.jpg"}}}, {"trim": "gtx at 1.4 petrol", "model_org_name": "Seltos", "ex_showroom_price": 1599000, "body_type": "suv", "model": "seltos", "model_id": "66331", "fuel_type": "petrol", "make_id": "3201", "trim_id": "572381", "make": "kia", "trim_org_name": "GTX AT 1.4 PETROL", "data": {"code": "success", "data": {"fuel_type": "petrol", "body_type": "suv", "vehicle_image": "https://cdn1.acedms.com/uploads/category/kia/20190819051026000000-4508890561227848705.jpg"}}}, {"trim": "gtx plus 1.4 petrol", "model_org_name": "Seltos", "ex_showroom_price": 1599000, "body_type": "suv", "model": "seltos", "model_id": "66331", "fuel_type": "petrol", "make_id": "3201", "trim_id": "572391", "make": "kia", "trim_org_name": "GTX PLUS 1.4 PETROL", "data": {"code": "success", "data": {"fuel_type": "petrol", "body_type": "suv", "vehicle_image": "https://cdn1.acedms.com/uploads/category/kia/20190819051026000000-4508890561227848705.jpg"}}}, {"trim": "gtx plus at 1.5 diesel", "model_org_name": "Seltos", "ex_showroom_price": 1699000, "body_type": "suv", "model": "seltos", "model_id": "66331", "fuel_type": "diesel", "make_id": "3201", "trim_id": "584557", "make": "kia", "trim_org_name": "GTX Plus AT 1.5 Diesel", "data": {"code": "success", "data": {"fuel_type": "diesel", "body_type": "suv", "vehicle_image": "https://cdn1.acedms.com/uploads/category/kia/20190819051026000000-4508890561227848705.jpg"}}}, {"trim": "gtx plus dct 1.4 petrol", "model_org_name": "Seltos", "ex_showroom_price": 1529000, "body_type": "suv", "model": "seltos", "model_id": "66331", "fuel_type": "petrol", "make_id": "3201", "trim_id": "584556", "make": "kia", "trim_org_name": "GTX Plus DCT 1.4 Petrol", "data": {"code": "success", "data": {"fuel_type": "petrol", "body_type": "suv", "vehicle_image": "https://cdn1.acedms.com/uploads/category/kia/20190819051026000000-4508890561227848705.jpg"}}}, {"trim": "hte 1.5 diesel", "model_org_name": "Seltos", "ex_showroom_price": 999000, "body_type": "suv", "model": "seltos", "model_id": "66331", "fuel_type": "diesel", "make_id": "3201", "trim_id": "572411", "make": "kia", "trim_org_name": "HTE 1.5 DIESEL", "data": {"code": "success", "data": {"fuel_type": "diesel", "body_type": "suv", "vehicle_image": "https://cdn1.acedms.com/uploads/category/kia/20190819051026000000-4508890561227848705.jpg"}}}, {"trim": "hte 1.5 petrol", "model_org_name": "Seltos", "ex_showroom_price": 969000, "body_type": "suv", "model": "seltos", "model_id": "66331", "fuel_type": "petrol", "make_id": "3201", "trim_id": "571561", "make": "kia", "trim_org_name": "HTE 1.5 PETROL", "data": {"code": "success", "data": {"fuel_type": "petrol", "body_type": "suv", "vehicle_image": "https://cdn1.acedms.com/uploads/category/kia/20190819051026000000-4508890561227848705.jpg"}}}, {"trim": "htk 1.5 diesel", "model_org_name": "Seltos", "ex_showroom_price": 1119000, "body_type": "suv", "model": "seltos", "model_id": "66331", "fuel_type": "diesel", "make_id": "3201", "trim_id": "572291", "make": "kia", "trim_org_name": "HTK 1.5 DIESEL", "data": {"code": "success", "data": {"fuel_type": "diesel", "body_type": "suv", "vehicle_image": "https://cdn1.acedms.com/uploads/category/kia/20190819051026000000-4508890561227848705.jpg"}}}, {"trim": "htk 1.5 petrol", "model_org_name": "Seltos", "ex_showroom_price": 999000, "body_type": "suv", "model": "seltos", "model_id": "66331", "fuel_type": "petrol", "make_id": "3201", "trim_id": "572271", "make": "kia", "trim_org_name": "HTK 1.5 PETROL", "data": {"code": "success", "data": {"fuel_type": "petrol", "body_type": "suv", "vehicle_image": "https://cdn1.acedms.com/uploads/category/kia/20190819051026000000-4508890561227848705.jpg"}}}, {"trim": "htk plus 1.5 diesel", "model_org_name": "Seltos", "ex_showroom_price": 1219000, "body_type": "suv", "model": "seltos", "model_id": "66331", "fuel_type": "diesel", "make_id": "3201", "trim_id": "572301", "make": "kia", "trim_org_name": "HTK PLUS 1.5 DIESEL", "data": {"code": "success", "data": {"fuel_type": "diesel", "body_type": "suv", "vehicle_image": "https://cdn1.acedms.com/uploads/category/kia/20190819051026000000-4508890561227848705.jpg"}}}, {"trim": "htk plus 1.5 petrol", "model_org_name": "Seltos", "ex_showroom_price": 1119000, "body_type": "suv", "model": "seltos", "model_id": "66331", "fuel_type": "petrol", "make_id": "3201", "trim_id": "572281", "make": "kia", "trim_org_name": "HTK PLUS 1.5 PETROL", "data": {"code": "success", "data": {"fuel_type": "petrol", "body_type": "suv", "vehicle_image": "https://cdn1.acedms.com/uploads/category/kia/20190819051026000000-4508890561227848705.jpg"}}}, {"trim": "htk plus at 1.5 diesel", "model_org_name": "Seltos", "ex_showroom_price": 1319000, "body_type": "suv", "model": "seltos", "model_id": "66331", "fuel_type": "diesel", "make_id": "3201", "trim_id": "572321", "make": "kia", "trim_org_name": "HTK PLUS AT 1.5 DIESEL", "data": {"code": "success", "data": {"fuel_type": "diesel", "body_type": "suv", "vehicle_image": "https://cdn1.acedms.com/uploads/category/kia/20190819051026000000-4508890561227848705.jpg"}}}, {"trim": "htx 1.5 diesel", "model_org_name": "Seltos", "ex_showroom_price": 1379000, "body_type": "suv", "model": "seltos", "model_id": "66331", "fuel_type": "diesel", "make_id": "3201", "trim_id": "572351", "make": "kia", "trim_org_name": "HTX 1.5 DIESEL", "data": {"code": "success", "data": {"fuel_type": "diesel", "body_type": "suv", "vehicle_image": "https://cdn1.acedms.com/uploads/category/kia/20190819051026000000-4508890561227848705.jpg"}}}, {"trim": "htx 1.5 petrol", "model_org_name": "Seltos", "ex_showroom_price": 1279000, "body_type": "suv", "model": "seltos", "model_id": "66331", "fuel_type": "petrol", "make_id": "3201", "trim_id": "572311", "make": "kia", "trim_org_name": "HTX 1.5 PETROL", "data": {"code": "success", "data": {"fuel_type": "petrol", "body_type": "suv", "vehicle_image": "https://cdn1.acedms.com/uploads/category/kia/20190819051026000000-4508890561227848705.jpg"}}}, {"trim": "htx cvt 1.5 petrol", "model_org_name": "Seltos", "ex_showroom_price": 1379000, "body_type": "suv", "model": "seltos", "model_id": "66331", "fuel_type": "petrol", "make_id": "3201", "trim_id": "572341", "make": "kia", "trim_org_name": "HTX CVT 1.5 PETROL", "data": {"code": "success", "data": {"fuel_type": "petrol", "body_type": "suv", "vehicle_image": "https://cdn1.acedms.com/uploads/category/kia/20190819051026000000-4508890561227848705.jpg"}}}, {"trim": "htx plus 1.5 diesel", "model_org_name": "Seltos", "ex_showroom_price": 1499000, "body_type": "suv", "model": "seltos", "model_id": "66331", "fuel_type": "diesel", "make_id": "3201", "trim_id": "572371", "make": "kia", "trim_org_name": "HTX PLUS 1.5 DIESEL", "data": {"code": "success", "data": {"fuel_type": "diesel", "body_type": "suv", "vehicle_image": "https://cdn1.acedms.com/uploads/category/kia/20190819051026000000-4508890561227848705.jpg"}}}, {"trim": "htx plus at 1.5 diesel", "model_org_name": "Seltos", "ex_showroom_price": 1599000, "body_type": "suv", "model": "seltos", "model_id": "66331", "fuel_type": "diesel", "make_id": "3201", "trim_id": "572401", "make": "kia", "trim_org_name": "HTX PLUS AT 1.5 DIESEL", "data": {"code": "success", "data": {"fuel_type": "diesel", "body_type": "suv", "vehicle_image": "https://cdn1.acedms.com/uploads/category/kia/20190819051026000000-4508890561227848705.jpg"}}}]}, {"model_org_name": "Sonet", "ex_showroom_price": 1199000, "body_type": "suv", "model": "sonet", "model_id": "69181", "make_id": "3201", "make": "kia", "trim_list": [{"trim": "gtx plus 1.0 imt", "model_org_name": "Sonet", "ex_showroom_price": 1199000, "body_type": "suv", "model": "sonet", "model_id": "69181", "fuel_type": "petrol", "make_id": "3201", "trim_id": "584836", "make": "kia", "trim_org_name": "GTX PLUS 1.0 iMT", "data": {"code": "success", "data": {"fuel_type": "petrol", "body_type": "suv", "vehicle_image": "https://cdn1.acedms.com/uploads/category/kia/20200807110315000000-2533935041751059969.jpg"}}}, {"trim": "gtx plus 1.5", "model_org_name": "Sonet", "ex_showroom_price": 1199000, "body_type": "suv", "model": "sonet", "model_id": "69181", "fuel_type": "diesel", "make_id": "3201", "trim_id": "584856", "make": "kia", "trim_org_name": "GTX PLUS 1.5", "data": {"code": "success", "data": {"fuel_type": "diesel", "body_type": "suv", "vehicle_image": "https://cdn1.acedms.com/uploads/category/kia/20200807110315000000-2533935041751059969.jpg"}}}, {"trim": "hte 1.2", "model_org_name": "Sonet", "ex_showroom_price": 671000, "body_type": "suv", "model": "sonet", "model_id": "69181", "fuel_type": "petrol", "make_id": "3201", "trim_id": "584829", "make": "kia", "trim_org_name": "HTE 1.2", "data": {"code": "success", "data": {"fuel_type": "petrol", "body_type": "suv", "vehicle_image": "https://cdn1.acedms.com/uploads/category/kia/20200807110315000000-2533935041751059969.jpg"}}}, {"trim": "hte 1.5", "model_org_name": "Sonet", "ex_showroom_price": 805000, "body_type": "suv", "model": "sonet", "model_id": "69181", "fuel_type": "diesel", "make_id": "3201", "trim_id": "577721", "make": "kia", "trim_org_name": "HTE 1.5", "data": {"code": "success", "data": {"fuel_type": "diesel", "body_type": "suv", "vehicle_image": "https://cdn1.acedms.com/uploads/category/kia/20200807110315000000-2533935041751059969.jpg"}}}, {"trim": "htk 1.2", "model_org_name": "Sonet", "ex_showroom_price": 759000, "body_type": "suv", "model": "sonet", "model_id": "69181", "fuel_type": "petrol", "make_id": "3201", "trim_id": "584830", "make": "kia", "trim_org_name": "HTK 1.2", "data": {"code": "success", "data": {"fuel_type": "petrol", "body_type": "suv", "vehicle_image": "https://cdn1.acedms.com/uploads/category/kia/20200807110315000000-2533935041751059969.jpg"}}}, {"trim": "htk 1.5", "model_org_name": "Sonet", "ex_showroom_price": 899000, "body_type": "suv", "model": "sonet", "model_id": "69181", "fuel_type": "diesel", "make_id": "3201", "trim_id": "584851", "make": "kia", "trim_org_name": "HTK 1.5", "data": {"code": "success", "data": {"fuel_type": "diesel", "body_type": "suv", "vehicle_image": "https://cdn1.acedms.com/uploads/category/kia/20200807110315000000-2533935041751059969.jpg"}}}, {"trim": "htk plus 1.0 dct", "model_org_name": "Sonet", "ex_showroom_price": 1049000, "body_type": "suv", "model": "sonet", "model_id": "69181", "fuel_type": "petrol", "make_id": "3201", "trim_id": "584834", "make": "kia", "trim_org_name": "HTK PLUS 1.0 DCT", "data": {"code": "success", "data": {"fuel_type": "petrol", "body_type": "suv", "vehicle_image": "https://cdn1.acedms.com/uploads/category/kia/20200807110315000000-2533935041751059969.jpg"}}}, {"trim": "htk plus 1.0 imt", "model_org_name": "Sonet", "ex_showroom_price": 949000, "body_type": "suv", "model": "sonet", "model_id": "69181", "fuel_type": "petrol", "make_id": "3201", "trim_id": "584832", "make": "kia", "trim_org_name": "HTK PLUS 1.0 iMT", "data": {"code": "success", "data": {"fuel_type": "petrol", "body_type": "suv", "vehicle_image": "https://cdn1.acedms.com/uploads/category/kia/20200807110315000000-2533935041751059969.jpg"}}}, {"trim": "htk plus 1.2", "model_org_name": "Sonet", "ex_showroom_price": 845000, "body_type": "suv", "model": "sonet", "model_id": "69181", "fuel_type": "petrol", "make_id": "3201", "trim_id": "584831", "make": "kia", "trim_org_name": "HTK PLUS 1.2", "data": {"code": "success", "data": {"fuel_type": "petrol", "body_type": "suv", "vehicle_image": "https://cdn1.acedms.com/uploads/category/kia/20200807110315000000-2533935041751059969.jpg"}}}, {"trim": "htk plus 1.5", "model_org_name": "Sonet", "ex_showroom_price": 949000, "body_type": "suv", "model": "sonet", "model_id": "69181", "fuel_type": "diesel", "make_id": "3201", "trim_id": "584852", "make": "kia", "trim_org_name": "HTK Plus 1.5", "data": {"code": "success", "data": {"fuel_type": "diesel", "body_type": "suv", "vehicle_image": "https://cdn1.acedms.com/uploads/category/kia/20200807110315000000-2533935041751059969.jpg"}}}, {"trim": "htk plus 1.5 at", "model_org_name": "Sonet", "ex_showroom_price": 1039000, "body_type": "suv", "model": "sonet", "model_id": "69181", "fuel_type": "diesel", "make_id": "3201", "trim_id": "584854", "make": "kia", "trim_org_name": "HTK PLUS 1.5 AT", "data": {"code": "success", "data": {"fuel_type": "diesel", "body_type": "suv", "vehicle_image": "https://cdn1.acedms.com/uploads/category/kia/20200807110315000000-2533935041751059969.jpg"}}}, {"trim": "htx 1.0 imt", "model_org_name": "Sonet", "ex_showroom_price": 999000, "body_type": "suv", "model": "sonet", "model_id": "69181", "fuel_type": "petrol", "make_id": "3201", "trim_id": "584833", "make": "kia", "trim_org_name": "HTX 1.0 iMT", "data": {"code": "success", "data": {"fuel_type": "petrol", "body_type": "suv", "vehicle_image": "https://cdn1.acedms.com/uploads/category/kia/20200807110315000000-2533935041751059969.jpg"}}}, {"trim": "htx 1.5", "model_org_name": "Sonet", "ex_showroom_price": 999000, "body_type": "suv", "model": "sonet", "model_id": "69181", "fuel_type": "diesel", "make_id": "3201", "trim_id": "584853", "make": "kia", "trim_org_name": "HTX 1.5", "data": {"code": "success", "data": {"fuel_type": "diesel", "body_type": "suv", "vehicle_image": "https://cdn1.acedms.com/uploads/category/kia/20200807110315000000-2533935041751059969.jpg"}}}, {"trim": "htx plus 1.0 imt", "model_org_name": "Sonet", "ex_showroom_price": 1165000, "body_type": "suv", "model": "sonet", "model_id": "69181", "fuel_type": "petrol", "make_id": "3201", "trim_id": "584835", "make": "kia", "trim_org_name": "HTX PLUS 1.0 iMT", "data": {"code": "success", "data": {"fuel_type": "petrol", "body_type": "suv", "vehicle_image": "https://cdn1.acedms.com/uploads/category/kia/20200807110315000000-2533935041751059969.jpg"}}}, {"trim": "htx plus 1.5", "model_org_name": "Sonet", "ex_showroom_price": 1165000, "body_type": "suv", "model": "sonet", "model_id": "69181", "fuel_type": "diesel", "make_id": "3201", "trim_id": "584855", "make": "kia", "trim_org_name": "HTX PLUS 1.5", "data": {"code": "success", "data": {"fuel_type": "diesel", "body_type": "suv", "vehicle_image": "https://cdn1.acedms.com/uploads/category/kia/20200807110315000000-2533935041751059969.jpg"}}}]}, {"model_org_name": "Sportage", "ex_showroom_price": 1500000, "body_type": "hatchback", "model": "sportage", "model_id": "49321", "make_id": "3201", "make": "kia", "trim_list": [{"trim": "diesel", "model_org_name": "Sportage", "ex_showroom_price": 1500000, "body_type": "hatchback", "model": "sportage", "model_id": "49321", "fuel_type": "diesel", "make_id": "3201", "trim_id": "536621", "make": "kia", "trim_org_name": "DIESEL", "data": {"code": "success", "data": {"fuel_type": "diesel", "body_type": "hatchback", "vehicle_image": "https://cdn1.acedms.com/uploads/category/kia/20181006071742000000-5983398518968942593.png"}}}]}]}