{"value": "Lamborghini", "data-make-id": "361", "model_list": [{"model_org_name": "Urus", "ex_showroom_price": 30000000, "body_type": "suv", "model": "urus", "model_id": "41701", "make_id": "361", "make": "lamborghini", "trim_list": [{"trim": "twin-turbo v8", "model_org_name": "Urus", "ex_showroom_price": 30000000, "body_type": "suv", "model": "urus", "model_id": "41701", "fuel_type": "petrol", "make_id": "361", "trim_id": "516361", "make": "lamborghini", "trim_org_name": "TWIN-TURBO V8", "data": {"code": "success", "data": {"fuel_type": "petrol", "body_type": "suv", "vehicle_image": "https://cdn1.acedms.com/uploads/category/lamborghini/20180113044950000000-4604130513433470465.png"}, "prices_list": [{"part_name": "Wiper Blades", "price_min": "550", "price_max": "670"}, {"part_name": "Front Bumper", "price_min": "2830", "price_max": "3460"}, {"part_name": "Front Fender", "price_min": "2040", "price_max": "2500"}, {"part_name": "Bonnet", "price_min": "6760", "price_max": "8260"}, {"part_name": "Front Door", "price_min": "7800", "price_max": "9530"}, {"part_name": "Bootlid", "price_min": "8160", "price_max": "9980"}, {"part_name": "Front Windscreen Glass", "price_min": "3450", "price_max": "4210"}, {"part_name": "Side Mirrors", "price_min": "1530", "price_max": "1870"}, {"part_name": "Front Strut", "price_min": "2000", "price_max": "2450"}, {"part_name": "Front Suspension Lower Arm", "price_min": "2160", "price_max": "2640"}, {"part_name": "Suspension Overhaul", "price_min": "2880", "price_max": "3520"}]}}]}]}