{
    "value": "Lexus",
    "data-make-id": "901",
    "model_list": [
        {
            "model_org_name": "ES",
            "ex_showroom_price": 5995000,
            "body_type": "sedan",
            "model": "es",
            "model_id": "20611",
            "make_id": "901",
            "make": "lexus",
            "trim_list": [
                {
                    "trim": "300h",
                    "model_org_name": "ES",
                    "ex_showroom_price": 5995000,
                    "body_type": "sedan",
                    "model": "es",
                    "model_id": "20611",
                    "fuel_type": "petrol",
                    "make_id": "901",
                    "trim_id": "318471",
                    "make": "lexus",
                    "trim_org_name": "300H",
                    "data": {
                        "code": "success",
                        "data": {
                            "fuel_type": "petrol",
                            "body_type": "sedan",
                            "vehicle_image": "https://cdn1.acedms.com/uploads/category/lexus/20171215060650000000-444050080406954945.png"
                        },
                        "prices_list": [
                            {
                                "part_name": "Wiper Blades",
                                "price_min": "540",
                                "price_max": "660"
                            },
                            {
                                "part_name": "Front Bumper",
                                "price_min": "2080",
                                "price_max": "2540"
                            },
                            {
                                "part_name": "Front Fender",
                                "price_min": "1720",
                                "price_max": "2100"
                            },
                            {
                                "part_name": "Bonnet",
                                "price_min": "4030",
                                "price_max": "4920"
                            },
                            {
                                "part_name": "Front Door",
                                "price_min": "6150",
                                "price_max": "7520"
                            },
                            {
                                "part_name": "Bootlid",
                                "price_min": "4690",
                                "price_max": "5730"
                            },
                            {
                                "part_name": "Front Windscreen Glass",
                                "price_min": "3130",
                                "price_max": "3830"
                            },
                            {
                                "part_name": "Side Mirrors",
                                "price_min": "1280",
                                "price_max": "1560"
                            },
                            {
                                "part_name": "Front Strut",
                                "price_min": "1600",
                                "price_max": "1950"
                            },
                            {
                                "part_name": "Front Suspension Lower Arm",
                                "price_min": "1650",
                                "price_max": "2020"
                            },
                            {
                                "part_name": "Suspension Overhaul",
                                "price_min": "2430",
                                "price_max": "2970"
                            }
                        ]
                    }
                },
                {
                    "trim": "300h bs6",
                    "model_org_name": "ES",
                    "ex_showroom_price": 5695000,
                    "body_type": "sedan",
                    "model": "es",
                    "model_id": "20611",
                    "fuel_type": "petrol",
                    "make_id": "901",
                    "trim_id": "582841",
                    "make": "lexus",
                    "trim_org_name": "300H BS6",
                    "data": {
                        "code": "success",
                        "data": {
                            "fuel_type": "petrol",
                            "body_type": "sedan",
                            "vehicle_image": "https://cdn1.acedms.com/uploads/category/lexus/20171215060650000000-444050080406954945.png"
                        }
                    }
                },
                {
                    "trim": "300h exquisite bs6",
                    "model_org_name": "ES",
                    "ex_showroom_price": 5190000,
                    "body_type": "sedan",
                    "model": "es",
                    "model_id": "20611",
                    "fuel_type": "petrol",
                    "make_id": "901",
                    "trim_id": "582831",
                    "make": "lexus",
                    "trim_org_name": "300H EXQUISITE BS6",
                    "data": {
                        "code": "success",
                        "data": {
                            "fuel_type": "petrol",
                            "body_type": "sedan",
                            "vehicle_image": "https://cdn1.acedms.com/uploads/category/lexus/20171215060650000000-444050080406954945.png"
                        }
                    }
                }
            ]
        },
        {
            "model_org_name": "LS",
            "ex_showroom_price": 1900000,
            "body_type": "sedan",
            "model": "ls",
            "model_id": "8741",
            "make_id": "901",
            "make": "lexus",
            "trim_list": [
                {
                    "trim": "460",
                    "model_org_name": "LS",
                    "ex_showroom_price": 1900000,
                    "body_type": "sedan",
                    "model": "ls",
                    "model_id": "8741",
                    "fuel_type": "petrol",
                    "make_id": "901",
                    "trim_id": "285691",
                    "make": "lexus",
                    "trim_org_name": "460",
                    "data": {
                        "code": "success",
                        "data": {
                            "fuel_type": "petrol",
                            "body_type": "sedan",
                            "vehicle_image": "https://cdn1.acedms.com/uploads/category/lexus/20180117072423000000-4521468265301125121.png"
                        },
                        "prices_list": [
                            {
                                "part_name": "Wiper Blades",
                                "price_min": "540",
                                "price_max": "660"
                            },
                            {
                                "part_name": "Front Bumper",
                                "price_min": "2080",
                                "price_max": "2540"
                            },
                            {
                                "part_name": "Front Fender",
                                "price_min": "1720",
                                "price_max": "2100"
                            },
                            {
                                "part_name": "Bonnet",
                                "price_min": "4030",
                                "price_max": "4920"
                            },
                            {
                                "part_name": "Front Door",
                                "price_min": "6150",
                                "price_max": "7520"
                            },
                            {
                                "part_name": "Bootlid",
                                "price_min": "4690",
                                "price_max": "5730"
                            },
                            {
                                "part_name": "Front Windscreen Glass",
                                "price_min": "3130",
                                "price_max": "3830"
                            },
                            {
                                "part_name": "Side Mirrors",
                                "price_min": "1280",
                                "price_max": "1560"
                            },
                            {
                                "part_name": "Front Strut",
                                "price_min": "1600",
                                "price_max": "1950"
                            },
                            {
                                "part_name": "Front Suspension Lower Arm",
                                "price_min": "1650",
                                "price_max": "2020"
                            },
                            {
                                "part_name": "Suspension Overhaul",
                                "price_min": "2430",
                                "price_max": "2970"
                            }
                        ]
                    }
                },
                {
                    "trim": "600 hl",
                    "model_org_name": "LS",
                    "ex_showroom_price": 6000000,
                    "body_type": "sedan",
                    "model": "ls",
                    "model_id": "8741",
                    "fuel_type": "petrol",
                    "make_id": "901",
                    "trim_id": "285681",
                    "make": "lexus",
                    "trim_org_name": "600 HL",
                    "data": {
                        "code": "success",
                        "data": {
                            "fuel_type": "petrol",
                            "body_type": "sedan",
                            "vehicle_image": "https://cdn1.acedms.com/uploads/category/lexus/20180117072423000000-4521468265301125121.png"
                        }
                    }
                },
                {
                    "trim": "distinct",
                    "model_org_name": "LS",
                    "ex_showroom_price": 19371000,
                    "body_type": "sedan",
                    "model": "ls",
                    "model_id": "8741",
                    "fuel_type": "petrol",
                    "make_id": "901",
                    "trim_id": "516401",
                    "make": "lexus",
                    "trim_org_name": "DISTINCT",
                    "data": {
                        "code": "success",
                        "data": {
                            "fuel_type": "petrol",
                            "body_type": "sedan",
                            "vehicle_image": "https://cdn1.acedms.com/uploads/category/lexus/20180117072423000000-4521468265301125121.png"
                        },
                        "prices_list": [
                            {
                                "part_name": "Wiper Blades",
                                "price_min": "540",
                                "price_max": "660"
                            },
                            {
                                "part_name": "Front Bumper",
                                "price_min": "2080",
                                "price_max": "2540"
                            },
                            {
                                "part_name": "Front Fender",
                                "price_min": "1720",
                                "price_max": "2100"
                            },
                            {
                                "part_name": "Bonnet",
                                "price_min": "4030",
                                "price_max": "4920"
                            },
                            {
                                "part_name": "Front Door",
                                "price_min": "6150",
                                "price_max": "7520"
                            },
                            {
                                "part_name": "Bootlid",
                                "price_min": "4690",
                                "price_max": "5730"
                            },
                            {
                                "part_name": "Front Windscreen Glass",
                                "price_min": "3130",
                                "price_max": "3830"
                            },
                            {
                                "part_name": "Side Mirrors",
                                "price_min": "1280",
                                "price_max": "1560"
                            },
                            {
                                "part_name": "Front Strut",
                                "price_min": "1600",
                                "price_max": "1950"
                            },
                            {
                                "part_name": "Front Suspension Lower Arm",
                                "price_min": "1650",
                                "price_max": "2020"
                            },
                            {
                                "part_name": "Suspension Overhaul",
                                "price_min": "2430",
                                "price_max": "2970"
                            }
                        ]
                    }
                },
                {
                    "trim": "luxury",
                    "model_org_name": "LS",
                    "ex_showroom_price": 18221000,
                    "body_type": "sedan",
                    "model": "ls",
                    "model_id": "8741",
                    "fuel_type": "petrol",
                    "make_id": "901",
                    "trim_id": "516381",
                    "make": "lexus",
                    "trim_org_name": "LUXURY",
                    "data": {
                        "code": "success",
                        "data": {
                            "fuel_type": "petrol",
                            "body_type": "sedan",
                            "vehicle_image": "https://cdn1.acedms.com/uploads/category/lexus/20180117072423000000-4521468265301125121.png"
                        },
                        "prices_list": [
                            {
                                "part_name": "Wiper Blades",
                                "price_min": "540",
                                "price_max": "660"
                            },
                            {
                                "part_name": "Front Bumper",
                                "price_min": "2080",
                                "price_max": "2540"
                            },
                            {
                                "part_name": "Front Fender",
                                "price_min": "1720",
                                "price_max": "2100"
                            },
                            {
                                "part_name": "Bonnet",
                                "price_min": "4030",
                                "price_max": "4920"
                            },
                            {
                                "part_name": "Front Door",
                                "price_min": "6150",
                                "price_max": "7520"
                            },
                            {
                                "part_name": "Bootlid",
                                "price_min": "4690",
                                "price_max": "5730"
                            },
                            {
                                "part_name": "Front Windscreen Glass",
                                "price_min": "3130",
                                "price_max": "3830"
                            },
                            {
                                "part_name": "Side Mirrors",
                                "price_min": "1280",
                                "price_max": "1560"
                            },
                            {
                                "part_name": "Front Strut",
                                "price_min": "1600",
                                "price_max": "1950"
                            },
                            {
                                "part_name": "Front Suspension Lower Arm",
                                "price_min": "1650",
                                "price_max": "2020"
                            },
                            {
                                "part_name": "Suspension Overhaul",
                                "price_min": "2430",
                                "price_max": "2970"
                            }
                        ]
                    }
                },
                {
                    "trim": "ultra luxury",
                    "model_org_name": "LS",
                    "ex_showroom_price": 18736000,
                    "body_type": "sedan",
                    "model": "ls",
                    "model_id": "8741",
                    "fuel_type": "petrol",
                    "make_id": "901",
                    "trim_id": "516391",
                    "make": "lexus",
                    "trim_org_name": "ULTRA LUXURY",
                    "data": {
                        "code": "success",
                        "data": {
                            "fuel_type": "petrol",
                            "body_type": "sedan",
                            "vehicle_image": "https://cdn1.acedms.com/uploads/category/lexus/20180117072423000000-4521468265301125121.png"
                        },
                        "prices_list": [
                            {
                                "part_name": "Wiper Blades",
                                "price_min": "540",
                                "price_max": "660"
                            },
                            {
                                "part_name": "Front Bumper",
                                "price_min": "2080",
                                "price_max": "2540"
                            },
                            {
                                "part_name": "Front Fender",
                                "price_min": "1720",
                                "price_max": "2100"
                            },
                            {
                                "part_name": "Bonnet",
                                "price_min": "4030",
                                "price_max": "4920"
                            },
                            {
                                "part_name": "Front Door",
                                "price_min": "6150",
                                "price_max": "7520"
                            },
                            {
                                "part_name": "Bootlid",
                                "price_min": "4690",
                                "price_max": "5730"
                            },
                            {
                                "part_name": "Front Windscreen Glass",
                                "price_min": "3130",
                                "price_max": "3830"
                            },
                            {
                                "part_name": "Side Mirrors",
                                "price_min": "1280",
                                "price_max": "1560"
                            },
                            {
                                "part_name": "Front Strut",
                                "price_min": "1600",
                                "price_max": "1950"
                            },
                            {
                                "part_name": "Front Suspension Lower Arm",
                                "price_min": "1650",
                                "price_max": "2020"
                            },
                            {
                                "part_name": "Suspension Overhaul",
                                "price_min": "2430",
                                "price_max": "2970"
                            }
                        ]
                    }
                }
            ]
        },
        {
            "model_org_name": "LX",
            "ex_showroom_price": 23290000,
            "body_type": "suv",
            "model": "lx",
            "model_id": "8751",
            "make_id": "901",
            "make": "lexus",
            "trim_list": [
                {
                    "trim": "450d",
                    "model_org_name": "LX",
                    "ex_showroom_price": 23290000,
                    "body_type": "suv",
                    "model": "lx",
                    "model_id": "8751",
                    "fuel_type": "diesel",
                    "make_id": "901",
                    "trim_id": "432411",
                    "make": "lexus",
                    "trim_org_name": "450D",
                    "data": {
                        "code": "success",
                        "data": {
                            "fuel_type": "diesel",
                            "body_type": "suv",
                            "vehicle_image": "https://cdn1.acedms.com/uploads/category/lexus/20171215060908000000-3862704768392091649.png"
                        },
                        "prices_list": [
                            {
                                "part_name": "Wiper Blades",
                                "price_min": "550",
                                "price_max": "670"
                            },
                            {
                                "part_name": "Front Bumper",
                                "price_min": "2830",
                                "price_max": "3460"
                            },
                            {
                                "part_name": "Front Fender",
                                "price_min": "2040",
                                "price_max": "2500"
                            },
                            {
                                "part_name": "Bonnet",
                                "price_min": "6760",
                                "price_max": "8260"
                            },
                            {
                                "part_name": "Front Door",
                                "price_min": "7800",
                                "price_max": "9530"
                            },
                            {
                                "part_name": "Bootlid",
                                "price_min": "8160",
                                "price_max": "9980"
                            },
                            {
                                "part_name": "Front Windscreen Glass",
                                "price_min": "3450",
                                "price_max": "4210"
                            },
                            {
                                "part_name": "Side Mirrors",
                                "price_min": "1530",
                                "price_max": "1870"
                            },
                            {
                                "part_name": "Front Strut",
                                "price_min": "2000",
                                "price_max": "2450"
                            },
                            {
                                "part_name": "Front Suspension Lower Arm",
                                "price_min": "2160",
                                "price_max": "2640"
                            },
                            {
                                "part_name": "Suspension Overhaul",
                                "price_min": "3420",
                                "price_max": "4180"
                            }
                        ]
                    }
                },
                {
                    "trim": "570",
                    "model_org_name": "LX",
                    "ex_showroom_price": 23290000,
                    "body_type": "suv",
                    "model": "lx",
                    "model_id": "8751",
                    "fuel_type": "petrol",
                    "make_id": "901",
                    "trim_id": "581331",
                    "make": "lexus",
                    "trim_org_name": "570",
                    "data": {
                        "code": "success",
                        "data": {
                            "fuel_type": "petrol",
                            "body_type": "suv",
                            "vehicle_image": "https://cdn1.acedms.com/uploads/category/lexus/20171215060908000000-3862704768392091649.png"
                        }
                    }
                }
            ]
        },
        {
            "model_org_name": "NX",
            "ex_showroom_price": 5911000,
            "body_type": "suv",
            "model": "nx",
            "model_id": "39521",
            "make_id": "901",
            "make": "lexus",
            "trim_list": [
                {
                    "trim": "300h exquisite bs6",
                    "model_org_name": "NX",
                    "ex_showroom_price": 5490000,
                    "body_type": "suv",
                    "model": "nx",
                    "model_id": "39521",
                    "fuel_type": "petrol",
                    "make_id": "901",
                    "trim_id": "582861",
                    "make": "lexus",
                    "trim_org_name": "300H EXQUISITE BS6",
                    "data": {
                        "code": "success",
                        "data": {
                            "fuel_type": "petrol",
                            "body_type": "suv",
                            "vehicle_image": "https://cdn1.acedms.com/uploads/category/lexus/20180117101036000000-5562579360619491329.png"
                        }
                    }
                },
                {
                    "trim": "300h f-sport",
                    "model_org_name": "NX",
                    "ex_showroom_price": 5911000,
                    "body_type": "suv",
                    "model": "nx",
                    "model_id": "39521",
                    "fuel_type": "petrol",
                    "make_id": "901",
                    "trim_id": "512991",
                    "make": "lexus",
                    "trim_org_name": "300H F-SPORT",
                    "data": {
                        "code": "success",
                        "data": {
                            "fuel_type": "petrol",
                            "body_type": "suv",
                            "vehicle_image": "https://cdn1.acedms.com/uploads/category/lexus/20180117101036000000-5562579360619491329.png"
                        },
                        "prices_list": [
                            {
                                "part_name": "Wiper Blades",
                                "price_min": "550",
                                "price_max": "670"
                            },
                            {
                                "part_name": "Front Bumper",
                                "price_min": "2830",
                                "price_max": "3460"
                            },
                            {
                                "part_name": "Front Fender",
                                "price_min": "2040",
                                "price_max": "2500"
                            },
                            {
                                "part_name": "Bonnet",
                                "price_min": "6760",
                                "price_max": "8260"
                            },
                            {
                                "part_name": "Front Door",
                                "price_min": "7800",
                                "price_max": "9530"
                            },
                            {
                                "part_name": "Bootlid",
                                "price_min": "8160",
                                "price_max": "9980"
                            },
                            {
                                "part_name": "Front Windscreen Glass",
                                "price_min": "3450",
                                "price_max": "4210"
                            },
                            {
                                "part_name": "Side Mirrors",
                                "price_min": "1530",
                                "price_max": "1870"
                            },
                            {
                                "part_name": "Front Strut",
                                "price_min": "2000",
                                "price_max": "2450"
                            },
                            {
                                "part_name": "Front Suspension Lower Arm",
                                "price_min": "2160",
                                "price_max": "2640"
                            },
                            {
                                "part_name": "Suspension Overhaul",
                                "price_min": "2880",
                                "price_max": "3520"
                            }
                        ]
                    }
                },
                {
                    "trim": "300h luxury",
                    "model_org_name": "NX",
                    "ex_showroom_price": 5671000,
                    "body_type": "suv",
                    "model": "nx",
                    "model_id": "39521",
                    "fuel_type": "petrol",
                    "make_id": "901",
                    "trim_id": "512981",
                    "make": "lexus",
                    "trim_org_name": "300H LUXURY",
                    "data": {
                        "code": "success",
                        "data": {
                            "fuel_type": "petrol",
                            "body_type": "suv",
                            "vehicle_image": "https://cdn1.acedms.com/uploads/category/lexus/20180117101036000000-5562579360619491329.png"
                        },
                        "prices_list": [
                            {
                                "part_name": "Wiper Blades",
                                "price_min": "550",
                                "price_max": "670"
                            },
                            {
                                "part_name": "Front Bumper",
                                "price_min": "2830",
                                "price_max": "3460"
                            },
                            {
                                "part_name": "Front Fender",
                                "price_min": "2040",
                                "price_max": "2500"
                            },
                            {
                                "part_name": "Bonnet",
                                "price_min": "6760",
                                "price_max": "8260"
                            },
                            {
                                "part_name": "Front Door",
                                "price_min": "7800",
                                "price_max": "9530"
                            },
                            {
                                "part_name": "Bootlid",
                                "price_min": "8160",
                                "price_max": "9980"
                            },
                            {
                                "part_name": "Front Windscreen Glass",
                                "price_min": "3450",
                                "price_max": "4210"
                            },
                            {
                                "part_name": "Side Mirrors",
                                "price_min": "1530",
                                "price_max": "1870"
                            },
                            {
                                "part_name": "Front Strut",
                                "price_min": "2000",
                                "price_max": "2450"
                            },
                            {
                                "part_name": "Front Suspension Lower Arm",
                                "price_min": "2160",
                                "price_max": "2640"
                            },
                            {
                                "part_name": "Suspension Overhaul",
                                "price_min": "2880",
                                "price_max": "3520"
                            }
                        ]
                    }
                }
            ]
        },
        {
            "model_org_name": "RX",
            "ex_showroom_price": 13200000,
            "body_type": "suv",
            "model": "rx",
            "model_id": "20621",
            "make_id": "901",
            "make": "lexus",
            "trim_list": [
                {
                    "trim": "450h luxury",
                    "model_org_name": "RX",
                    "ex_showroom_price": 12931000,
                    "body_type": "suv",
                    "model": "rx",
                    "model_id": "20621",
                    "fuel_type": "petrol",
                    "make_id": "901",
                    "trim_id": "478411",
                    "make": "lexus",
                    "trim_org_name": "450H LUXURY",
                    "data": {
                        "code": "success",
                        "data": {
                            "fuel_type": "petrol",
                            "body_type": "suv",
                            "vehicle_image": "https://cdn1.acedms.com/uploads/category/lexus/20171215060357000000-7610459025445547009.png"
                        },
                        "prices_list": [
                            {
                                "part_name": "Wiper Blades",
                                "price_min": "550",
                                "price_max": "670"
                            },
                            {
                                "part_name": "Front Bumper",
                                "price_min": "2830",
                                "price_max": "3460"
                            },
                            {
                                "part_name": "Front Fender",
                                "price_min": "2040",
                                "price_max": "2500"
                            },
                            {
                                "part_name": "Bonnet",
                                "price_min": "6760",
                                "price_max": "8260"
                            },
                            {
                                "part_name": "Front Door",
                                "price_min": "7800",
                                "price_max": "9530"
                            },
                            {
                                "part_name": "Bootlid",
                                "price_min": "8160",
                                "price_max": "9980"
                            },
                            {
                                "part_name": "Front Windscreen Glass",
                                "price_min": "3450",
                                "price_max": "4210"
                            },
                            {
                                "part_name": "Side Mirrors",
                                "price_min": "1530",
                                "price_max": "1870"
                            },
                            {
                                "part_name": "Front Strut",
                                "price_min": "2000",
                                "price_max": "2450"
                            },
                            {
                                "part_name": "Front Suspension Lower Arm",
                                "price_min": "2160",
                                "price_max": "2640"
                            },
                            {
                                "part_name": "Suspension Overhaul",
                                "price_min": "2880",
                                "price_max": "3520"
                            }
                        ]
                    }
                },
                {
                    "trim": "450hl bs6",
                    "model_org_name": "RX",
                    "ex_showroom_price": 9900000,
                    "body_type": "suv",
                    "model": "rx",
                    "model_id": "20621",
                    "fuel_type": "petrol",
                    "make_id": "901",
                    "trim_id": "582851",
                    "make": "lexus",
                    "trim_org_name": "450HL BS6",
                    "data": {
                        "code": "success",
                        "data": {
                            "fuel_type": "petrol",
                            "body_type": "suv",
                            "vehicle_image": "https://cdn1.acedms.com/uploads/category/lexus/20171215060357000000-7610459025445547009.png"
                        }
                    }
                },
                {
                    "trim": "f sport",
                    "model_org_name": "RX",
                    "ex_showroom_price": 13200000,
                    "body_type": "suv",
                    "model": "rx",
                    "model_id": "20621",
                    "fuel_type": "petrol",
                    "make_id": "901",
                    "trim_id": "478421",
                    "make": "lexus",
                    "trim_org_name": "F SPORT",
                    "data": {
                        "code": "success",
                        "data": {
                            "fuel_type": "petrol",
                            "body_type": "suv",
                            "vehicle_image": "https://cdn1.acedms.com/uploads/category/lexus/20171215060357000000-7610459025445547009.png"
                        },
                        "prices_list": [
                            {
                                "part_name": "Wiper Blades",
                                "price_min": "550",
                                "price_max": "670"
                            },
                            {
                                "part_name": "Front Bumper",
                                "price_min": "2830",
                                "price_max": "3460"
                            },
                            {
                                "part_name": "Front Fender",
                                "price_min": "2040",
                                "price_max": "2500"
                            },
                            {
                                "part_name": "Bonnet",
                                "price_min": "6760",
                                "price_max": "8260"
                            },
                            {
                                "part_name": "Front Door",
                                "price_min": "7800",
                                "price_max": "9530"
                            },
                            {
                                "part_name": "Bootlid",
                                "price_min": "8160",
                                "price_max": "9980"
                            },
                            {
                                "part_name": "Front Windscreen Glass",
                                "price_min": "3450",
                                "price_max": "4210"
                            },
                            {
                                "part_name": "Side Mirrors",
                                "price_min": "1530",
                                "price_max": "1870"
                            },
                            {
                                "part_name": "Front Strut",
                                "price_min": "2000",
                                "price_max": "2450"
                            },
                            {
                                "part_name": "Front Suspension Lower Arm",
                                "price_min": "2160",
                                "price_max": "2640"
                            },
                            {
                                "part_name": "Suspension Overhaul",
                                "price_min": "2880",
                                "price_max": "3520"
                            }
                        ]
                    }
                }
            ]
        }
    ]
}