{"value": "Mahindra Ssangyong", "data-make-id": "1011", "model_list": [{"model_org_name": "Rexton", "ex_showroom_price": 2514398, "body_type": "suv", "model": "rexton", "model_id": "8961", "make_id": "1011", "make": "mahindra ssangyong", "trim_list": [{"trim": "facelift", "model_org_name": "Rexton", "ex_showroom_price": 3500000, "body_type": "suv", "model": "rexton", "model_id": "8961", "fuel_type": "diesel", "make_id": "1011", "trim_id": "", "make": "mahindra ssangyong", "trim_org_name": ""}, {"trim": "rx5", "model_org_name": "Rexton", "ex_showroom_price": 2105905, "body_type": "suv", "model": "rexton", "model_id": "8961", "fuel_type": "diesel", "make_id": "1011", "trim_id": "44661", "make": "mahindra ssangyong", "trim_org_name": "RX5", "data": {"code": "success", "data": {"fuel_type": "diesel", "body_type": "suv", "vehicle_image": "https://cdn1.acedms.com/uploads/category/mahindra-ssangyong/20171211080504000000-7751806665868998657.png"}, "prices_list": [{"part_name": "Wiper Blades", "price_min": "550", "price_max": "670"}, {"part_name": "Front Bumper", "price_min": "2830", "price_max": "3460"}, {"part_name": "Front Fender", "price_min": "2040", "price_max": "2500"}, {"part_name": "Bonnet", "price_min": "6760", "price_max": "8260"}, {"part_name": "Front Door", "price_min": "7800", "price_max": "9530"}, {"part_name": "Bootlid", "price_min": "8160", "price_max": "9980"}, {"part_name": "Front Windscreen Glass", "price_min": "3450", "price_max": "4210"}, {"part_name": "Side Mirrors", "price_min": "1530", "price_max": "1870"}, {"part_name": "Front Strut", "price_min": "2000", "price_max": "2450"}, {"part_name": "Front Suspension Lower Arm", "price_min": "2160", "price_max": "2640"}, {"part_name": "Suspension Overhaul", "price_min": "3420", "price_max": "4180"}]}}, {"trim": "rx6", "model_org_name": "Rexton", "ex_showroom_price": 2376226, "body_type": "suv", "model": "rexton", "model_id": "8961", "fuel_type": "diesel", "make_id": "1011", "trim_id": "44651", "make": "mahindra ssangyong", "trim_org_name": "RX6", "data": {"code": "success", "data": {"fuel_type": "diesel", "body_type": "suv", "vehicle_image": "https://cdn1.acedms.com/uploads/category/mahindra-ssangyong/20171211080504000000-7751806665868998657.png"}, "prices_list": [{"part_name": "Wiper Blades", "price_min": "550", "price_max": "670"}, {"part_name": "Front Bumper", "price_min": "2830", "price_max": "3460"}, {"part_name": "Front Fender", "price_min": "2040", "price_max": "2500"}, {"part_name": "Bonnet", "price_min": "6760", "price_max": "8260"}, {"part_name": "Front Door", "price_min": "7800", "price_max": "9530"}, {"part_name": "Bootlid", "price_min": "8160", "price_max": "9980"}, {"part_name": "Front Windscreen Glass", "price_min": "3450", "price_max": "4210"}, {"part_name": "Side Mirrors", "price_min": "1530", "price_max": "1870"}, {"part_name": "Front Strut", "price_min": "2000", "price_max": "2450"}, {"part_name": "Front Suspension Lower Arm", "price_min": "2160", "price_max": "2640"}, {"part_name": "Suspension Overhaul", "price_min": "3420", "price_max": "4180"}]}}, {"trim": "rx7", "model_org_name": "Rexton", "ex_showroom_price": 2514398, "body_type": "suv", "model": "rexton", "model_id": "8961", "fuel_type": "diesel", "make_id": "1011", "trim_id": "44641", "make": "mahindra ssangyong", "trim_org_name": "RX7", "data": {"code": "success", "data": {"fuel_type": "diesel", "body_type": "suv", "vehicle_image": "https://cdn1.acedms.com/uploads/category/mahindra-ssangyong/20171211080504000000-7751806665868998657.png"}, "prices_list": [{"part_name": "Wiper Blades", "price_min": "550", "price_max": "670"}, {"part_name": "Front Bumper", "price_min": "2830", "price_max": "3460"}, {"part_name": "Front Fender", "price_min": "2040", "price_max": "2500"}, {"part_name": "Bonnet", "price_min": "6760", "price_max": "8260"}, {"part_name": "Front Door", "price_min": "7800", "price_max": "9530"}, {"part_name": "Bootlid", "price_min": "8160", "price_max": "9980"}, {"part_name": "Front Windscreen Glass", "price_min": "3450", "price_max": "4210"}, {"part_name": "Side Mirrors", "price_min": "1530", "price_max": "1870"}, {"part_name": "Front Strut", "price_min": "2000", "price_max": "2450"}, {"part_name": "Front Suspension Lower Arm", "price_min": "2160", "price_max": "2640"}, {"part_name": "Suspension Overhaul", "price_min": "3420", "price_max": "4180"}]}}]}, {"model_org_name": "Tivoli", "ex_showroom_price": 1000000, "body_type": "suv", "model": "tivoli", "model_id": "44491", "make_id": "1011", "make": "mahindra ssangyong", "trim_list": [{"trim": "diesel", "model_org_name": "Tivoli", "ex_showroom_price": 1000000, "body_type": "suv", "model": "tivoli", "model_id": "44491", "fuel_type": "diesel", "make_id": "1011", "trim_id": "523881", "make": "mahindra ssangyong", "trim_org_name": "DIESEL", "data": {"code": "success", "data": {"fuel_type": "diesel", "body_type": "suv", "vehicle_image": ""}, "prices_list": [{"part_name": "Wiper Blades", "price_min": "550", "price_max": "670"}, {"part_name": "Front Bumper", "price_min": "2830", "price_max": "3460"}, {"part_name": "Front Fender", "price_min": "2040", "price_max": "2500"}, {"part_name": "Bonnet", "price_min": "6760", "price_max": "8260"}, {"part_name": "Front Door", "price_min": "7800", "price_max": "9530"}, {"part_name": "Bootlid", "price_min": "8160", "price_max": "9980"}, {"part_name": "Front Windscreen Glass", "price_min": "3450", "price_max": "4210"}, {"part_name": "Side Mirrors", "price_min": "1530", "price_max": "1870"}, {"part_name": "Front Strut", "price_min": "2000", "price_max": "2450"}, {"part_name": "Front Suspension Lower Arm", "price_min": "2160", "price_max": "2640"}, {"part_name": "Suspension Overhaul", "price_min": "3420", "price_max": "4180"}]}}]}]}