{"value": "Mahindra Renault", "data-make-id": "1751", "model_list": [{"model_org_name": "Logan", "ex_showroom_price": 486500, "body_type": "sedan", "model": "logan", "model_id": "19341", "make_id": "1751", "make": "mahindra renault", "trim_list": [{"trim": "dle", "model_org_name": "Logan", "ex_showroom_price": 498500, "body_type": "sedan", "model": "logan", "model_id": "15581", "fuel_type": "diesel", "make_id": "81", "trim_id": "206631", "make": "mahindra", "trim_org_name": "DLE", "data": {"code": "failed", "message": "Fuel Type not found!"}}, {"trim": "dls", "model_org_name": "Logan", "ex_showroom_price": 467100, "body_type": "sedan", "model": "logan", "model_id": "15581", "fuel_type": "diesel", "make_id": "81", "trim_id": "206641", "make": "mahindra", "trim_org_name": "DLS", "data": {"code": "failed", "message": "Fuel Type not found!"}}, {"trim": "gle", "model_org_name": "Logan", "ex_showroom_price": 474500, "body_type": "sedan", "model": "logan", "model_id": "15581", "fuel_type": "petrol", "make_id": "81", "trim_id": "206611", "make": "mahindra", "trim_org_name": "GLE", "data": {"code": "failed", "message": "Fuel Type not found!"}}, {"trim": "gle 1.4", "model_org_name": "Logan", "ex_showroom_price": 440600, "body_type": "sedan", "model": "logan", "model_id": "15581", "fuel_type": "petrol", "make_id": "81", "trim_id": "206661", "make": "mahindra", "trim_org_name": "GLE 1.4", "data": {"code": "failed", "message": "Fuel Type not found!"}}, {"trim": "gls", "model_org_name": "Logan", "ex_showroom_price": 535000, "body_type": "sedan", "model": "logan", "model_id": "15581", "fuel_type": "petrol", "make_id": "81", "trim_id": "206651", "make": "mahindra", "trim_org_name": "GLS", "data": {"code": "failed", "message": "Fuel Type not found!"}}, {"trim": "tourer glx", "model_org_name": "Logan", "ex_showroom_price": 530400, "body_type": "sedan", "model": "logan", "model_id": "15581", "fuel_type": "petrol", "make_id": "81", "trim_id": "206621", "make": "mahindra", "trim_org_name": "TOURER GLX", "data": {"code": "failed", "message": "Fuel Type not found!"}}]}]}