{"value": "Maybach", "data-make-id": "1071", "model_list": [{"model_org_name": "57 S", "ex_showroom_price": 49955000, "body_type": "sedan", "model": "57 s", "model_id": "9671", "make_id": "1071", "make": "maybach", "trim_list": [{"trim": "57 s", "model_org_name": "57 S", "ex_showroom_price": 49955000, "body_type": "sedan", "model": "57 s", "model_id": "9671", "fuel_type": "petrol", "make_id": "1071", "trim_id": "51051", "make": "maybach", "trim_org_name": "57 S", "data": {"code": "success", "data": {"fuel_type": "petrol", "body_type": "sedan", "vehicle_image": "https://cdn1.acedms.com/photos/stock/2016-09-09/9d3e0cba6c42664af67d67c320779f8e.jpeg"}, "prices_list": [{"part_name": "Wiper Blades", "price_min": "540", "price_max": "660"}, {"part_name": "Front Bumper", "price_min": "2080", "price_max": "2540"}, {"part_name": "Front Fender", "price_min": "1720", "price_max": "2100"}, {"part_name": "Bonnet", "price_min": "4030", "price_max": "4920"}, {"part_name": "Front Door", "price_min": "6150", "price_max": "7520"}, {"part_name": "Bootlid", "price_min": "4690", "price_max": "5730"}, {"part_name": "Front Windscreen Glass", "price_min": "3130", "price_max": "3830"}, {"part_name": "Side Mirrors", "price_min": "1280", "price_max": "1560"}, {"part_name": "Front Strut", "price_min": "1600", "price_max": "1950"}, {"part_name": "Front Suspension Lower Arm", "price_min": "1650", "price_max": "2020"}, {"part_name": "Suspension Overhaul", "price_min": "2430", "price_max": "2970"}]}}]}]}