{"value": "MG", "data-make-id": "3791", "model_list": [{"model_org_name": "Baojun 530", "ex_showroom_price": 1400000, "body_type": "suv", "model": "baojun 530", "model_id": "49131", "make_id": "3791", "make": "mg", "trim_list": [{"trim": "petrol", "model_org_name": "Baojun 530", "ex_showroom_price": 1400000, "body_type": "suv", "model": "baojun 530", "model_id": "49131", "fuel_type": "petrol", "make_id": "3791", "trim_id": "536361", "make": "mg", "trim_org_name": "PETROL", "data": {"code": "success", "data": {"fuel_type": "petrol", "body_type": "suv", "vehicle_image": "https://cdn1.acedms.com/uploads/category/MG/20190308045046000000-5751459558368634881.jpg"}}}]}, {"model_org_name": "G10", "ex_showroom_price": 2500000, "body_type": "suv", "model": "g10", "model_id": "69141", "make_id": "3791", "make": "mg", "trim_list": [{"trim": "petrol", "model_org_name": "G10", "ex_showroom_price": 2500000, "body_type": "suv", "model": "g10", "model_id": "69141", "fuel_type": "petrol", "make_id": "3791", "trim_id": "577711", "make": "mg", "trim_org_name": "PETROL", "data": {"code": "success", "data": {"fuel_type": "petrol", "body_type": "suv", "vehicle_image": "https://cdn1.acedms.com/uploads/category/MG/20200213070333000000-469808149208972929.jpg"}}}]}, {"model_org_name": "Gloster", "ex_showroom_price": 3538000, "body_type": "suv", "model": "gloster", "model_id": "68931", "make_id": "3791", "make": "mg", "trim_list": [{"trim": "savvy 2.0 twin turbo 6 str 4wd", "model_org_name": "Gloster", "ex_showroom_price": 3538000, "body_type": "suv", "model": "gloster", "model_id": "68931", "fuel_type": "diesel", "make_id": "3791", "trim_id": "584907", "make": "mg", "trim_org_name": "SAVVY 2.0 TWIN TURBO 6 STR 4WD", "data": {"code": "success", "data": {"fuel_type": "diesel", "body_type": "suv", "vehicle_image": "https://cdn1.acedms.com/uploads/category/MG/20201009120809000000-6338569056209021953.jpg"}}}, {"trim": "sharp 2.0 twin turbo 6 str 4wd", "model_org_name": "Gloster", "ex_showroom_price": 3398000, "body_type": "suv", "model": "gloster", "model_id": "68931", "fuel_type": "diesel", "make_id": "3791", "trim_id": "584906", "make": "mg", "trim_org_name": "SHARP 2.0 TWIN TURBO 6 STR 4WD", "data": {"code": "success", "data": {"fuel_type": "diesel", "body_type": "suv", "vehicle_image": "https://cdn1.acedms.com/uploads/category/MG/20201009120809000000-6338569056209021953.jpg"}}}, {"trim": "sharp 2.0 twin turbo 7 str 4wd", "model_org_name": "Gloster", "ex_showroom_price": 3368000, "body_type": "suv", "model": "gloster", "model_id": "68931", "fuel_type": "diesel", "make_id": "3791", "trim_id": "584905", "make": "mg", "trim_org_name": "SHARP 2.0 TWIN TURBO 7 STR 4WD", "data": {"code": "success", "data": {"fuel_type": "diesel", "body_type": "suv", "vehicle_image": "https://cdn1.acedms.com/uploads/category/MG/20201009120809000000-6338569056209021953.jpg"}}}, {"trim": "smart 2.0 turbo 6 str", "model_org_name": "Gloster", "ex_showroom_price": 3098000, "body_type": "suv", "model": "gloster", "model_id": "68931", "fuel_type": "diesel", "make_id": "3791", "trim_id": "584904", "make": "mg", "trim_org_name": "SMART 2.0 TURBO 6 STR", "data": {"code": "success", "data": {"fuel_type": "diesel", "body_type": "suv", "vehicle_image": "https://cdn1.acedms.com/uploads/category/MG/20201009120809000000-6338569056209021953.jpg"}}}, {"trim": "super 2.0 turbo 7 str", "model_org_name": "Gloster", "ex_showroom_price": 2898000, "body_type": "suv", "model": "gloster", "model_id": "68931", "fuel_type": "diesel", "make_id": "3791", "trim_id": "577251", "make": "mg", "trim_org_name": "SUPER 2.0 TURBO 7 STR", "data": {"code": "success", "data": {"fuel_type": "diesel", "body_type": "suv", "vehicle_image": "https://cdn1.acedms.com/uploads/category/MG/20201009120809000000-6338569056209021953.jpg"}}}]}, {"model_org_name": "Hector", "ex_showroom_price": 1628000, "body_type": "suv", "model": "hector", "model_id": "55321", "make_id": "3791", "make": "mg", "trim_list": [{"trim": "sharp 1.5 dct petrol", "model_org_name": "Hector", "ex_showroom_price": 1755800, "body_type": "suv", "model": "hector", "model_id": "55321", "fuel_type": "petrol", "make_id": "3791", "trim_id": "565201", "make": "mg", "trim_org_name": "SHARP 1.5 DCT PETROL", "data": {"code": "success", "data": {"fuel_type": "petrol", "body_type": "suv", "vehicle_image": "https://cdn1.acedms.com/uploads/category/MG/20190701050509000000-94891897269331153.jpg"}}}, {"trim": "sharp 1.5 dct petrol dual tone", "model_org_name": "Hector", "ex_showroom_price": 1775800, "body_type": "suv", "model": "hector", "model_id": "55321", "fuel_type": "petrol", "make_id": "3791", "trim_id": "584866", "make": "mg", "trim_org_name": "SHARP 1.5 DCT PETROL DUAL TONE", "data": {"code": "success", "data": {"fuel_type": "petrol", "body_type": "suv", "vehicle_image": "https://cdn1.acedms.com/uploads/category/MG/20190701050509000000-94891897269331153.jpg"}}}, {"trim": "sharp 2.0 diesel", "model_org_name": "Hector", "ex_showroom_price": 1588000, "body_type": "suv", "model": "hector", "model_id": "55321", "fuel_type": "diesel", "make_id": "3791", "trim_id": "565491", "make": "mg", "trim_org_name": "SHARP 2.0 DIESEL", "data": {"code": "success", "data": {"fuel_type": "diesel", "body_type": "suv", "vehicle_image": "https://cdn1.acedms.com/uploads/category/MG/20190701050509000000-94891897269331153.jpg"}}}, {"trim": "sharp 2.0 diesel dual tone", "model_org_name": "Hector", "ex_showroom_price": 1808800, "body_type": "suv", "model": "hector", "model_id": "55321", "fuel_type": "diesel", "make_id": "3791", "trim_id": "584870", "make": "mg", "trim_org_name": "SHARP 2.0 DIESEL DUAL TONE", "data": {"code": "success", "data": {"fuel_type": "diesel", "body_type": "suv", "vehicle_image": "https://cdn1.acedms.com/uploads/category/MG/20190701050509000000-94891897269331153.jpg"}}}, {"trim": "sharp hybrid 1.5 petrol", "model_org_name": "Hector", "ex_showroom_price": 1628000, "body_type": "suv", "model": "hector", "model_id": "55321", "fuel_type": "hybrid", "make_id": "3791", "trim_id": "551191", "make": "mg", "trim_org_name": "SHARP HYBRID 1.5 PETROL", "data": {"code": "success", "data": {"fuel_type": "hybrid", "body_type": "suv", "vehicle_image": "https://cdn1.acedms.com/uploads/category/MG/20190701050509000000-94891897269331153.jpg"}}}, {"trim": "sharp hybrid 1.5 petrol dual tone", "model_org_name": "Hector", "ex_showroom_price": 1683800, "body_type": "suv", "model": "hector", "model_id": "55321", "fuel_type": "hybrid", "make_id": "3791", "trim_id": "584867", "make": "mg", "trim_org_name": "SHARP HYBRID 1.5 PETROL DUAL TONE", "data": {"code": "success", "data": {"fuel_type": "hybrid", "body_type": "suv", "vehicle_image": "https://cdn1.acedms.com/uploads/category/MG/20190701050509000000-94891897269331153.jpg"}}}, {"trim": "smart 1.5 dct petrol", "model_org_name": "Hector", "ex_showroom_price": 1568000, "body_type": "suv", "model": "hector", "model_id": "55321", "fuel_type": "petrol", "make_id": "3791", "trim_id": "565221", "make": "mg", "trim_org_name": "SMART 1.5 DCT PETROL", "data": {"code": "success", "data": {"fuel_type": "petrol", "body_type": "suv", "vehicle_image": "https://cdn1.acedms.com/uploads/category/MG/20190701050509000000-94891897269331153.jpg"}}}, {"trim": "smart 2.0 diesel", "model_org_name": "Hector", "ex_showroom_price": 1588000, "body_type": "suv", "model": "hector", "model_id": "55321", "fuel_type": "diesel", "make_id": "3791", "trim_id": "553511", "make": "mg", "trim_org_name": "SMART 2.0 DIESEL", "data": {"code": "success", "data": {"fuel_type": "diesel", "body_type": "suv", "vehicle_image": "https://cdn1.acedms.com/uploads/category/MG/20190701050509000000-94891897269331153.jpg"}}}, {"trim": "smart hybrid 1.5 petrol", "model_org_name": "Hector", "ex_showroom_price": 1498000, "body_type": "suv", "model": "hector", "model_id": "55321", "fuel_type": "hybrid", "make_id": "3791", "trim_id": "565211", "make": "mg", "trim_org_name": "SMART HYBRID 1.5 PETROL", "data": {"code": "success", "data": {"fuel_type": "hybrid", "body_type": "suv", "vehicle_image": "https://cdn1.acedms.com/uploads/category/MG/20190701050509000000-94891897269331153.jpg"}}}, {"trim": "special anniversary edition 1.5 petrol", "model_org_name": "Hector", "ex_showroom_price": 1363800, "body_type": "suv", "model": "hector", "model_id": "55321", "fuel_type": "petrol", "make_id": "3791", "trim_id": "584868", "make": "mg", "trim_org_name": "SPECIAL ANNIVERSARY EDITION 1.5 PETROL", "data": {"code": "success", "data": {"fuel_type": "petrol", "body_type": "suv", "vehicle_image": "https://cdn1.acedms.com/uploads/category/MG/20190701050509000000-94891897269331153.jpg"}}}, {"trim": "special anniversary edition 2.0 diesel", "model_org_name": "Hector", "ex_showroom_price": 1499800, "body_type": "suv", "model": "hector", "model_id": "55321", "fuel_type": "diesel", "make_id": "3791", "trim_id": "584869", "make": "mg", "trim_org_name": "SPECIAL ANNIVERSARY EDITION 2.0 DIESEL", "data": {"code": "success", "data": {"fuel_type": "diesel", "body_type": "suv", "vehicle_image": "https://cdn1.acedms.com/uploads/category/MG/20190701050509000000-94891897269331153.jpg"}}}, {"trim": "style 1.5 petrol", "model_org_name": "Hector", "ex_showroom_price": 1248000, "body_type": "suv", "model": "hector", "model_id": "55321", "fuel_type": "petrol", "make_id": "3791", "trim_id": "565241", "make": "mg", "trim_org_name": "STYLE 1.5 PETROL", "data": {"code": "success", "data": {"fuel_type": "petrol", "body_type": "suv", "vehicle_image": "https://cdn1.acedms.com/uploads/category/MG/20190701050509000000-94891897269331153.jpg"}}}, {"trim": "style 2.0 diesel", "model_org_name": "Hector", "ex_showroom_price": 1348000, "body_type": "suv", "model": "hector", "model_id": "55321", "fuel_type": "diesel", "make_id": "3791", "trim_id": "565511", "make": "mg", "trim_org_name": "STYLE 2.0 DIESEL", "data": {"code": "success", "data": {"fuel_type": "diesel", "body_type": "suv", "vehicle_image": "https://cdn1.acedms.com/uploads/category/MG/20190701050509000000-94891897269331153.jpg"}}}, {"trim": "super 1.5 petrol", "model_org_name": "Hector", "ex_showroom_price": 1328000, "body_type": "suv", "model": "hector", "model_id": "55321", "fuel_type": "petrol", "make_id": "3791", "trim_id": "565231", "make": "mg", "trim_org_name": "SUPER 1.5 PETROL", "data": {"code": "success", "data": {"fuel_type": "petrol", "body_type": "suv", "vehicle_image": "https://cdn1.acedms.com/uploads/category/MG/20190701050509000000-94891897269331153.jpg"}}}, {"trim": "super 2.0 diesel", "model_org_name": "Hector", "ex_showroom_price": 1448000, "body_type": "suv", "model": "hector", "model_id": "55321", "fuel_type": "diesel", "make_id": "3791", "trim_id": "565501", "make": "mg", "trim_org_name": "SUPER 2.0 DIESEL", "data": {"code": "success", "data": {"fuel_type": "diesel", "body_type": "suv", "vehicle_image": "https://cdn1.acedms.com/uploads/category/MG/20190701050509000000-94891897269331153.jpg"}}}, {"trim": "super hybrid 1.5 petrol", "model_org_name": "Hector", "ex_showroom_price": 1388000, "body_type": "suv", "model": "hector", "model_id": "55321", "fuel_type": "hybrid", "make_id": "3791", "trim_id": "565261", "make": "mg", "trim_org_name": "SUPER HYBRID 1.5 PETROL", "data": {"code": "success", "data": {"fuel_type": "hybrid", "body_type": "suv", "vehicle_image": "https://cdn1.acedms.com/uploads/category/MG/20190701050509000000-94891897269331153.jpg"}}}]}, {"model_org_name": "Hector Plus", "ex_showroom_price": 1869000, "body_type": "suv", "model": "hector plus", "model_id": "70091", "make_id": "3791", "make": "mg", "trim_list": [{"trim": "sharp 1.5 dct petrol", "model_org_name": "Hector Plus", "ex_showroom_price": 1835000, "body_type": "suv", "model": "hector plus", "model_id": "70091", "fuel_type": "petrol", "make_id": "3791", "trim_id": "584643", "make": "mg", "trim_org_name": "SHARP 1.5 DCT PETROL", "data": {"code": "success", "data": {"fuel_type": "petrol", "body_type": "suv", "vehicle_image": "https://cdn1.acedms.com/uploads/category/MG/20200718044955000000-962050030664074113.png"}}}, {"trim": "sharp 2.0 diesel", "model_org_name": "Hector Plus", "ex_showroom_price": 1869000, "body_type": "suv", "model": "hector plus", "model_id": "70091", "fuel_type": "diesel", "make_id": "3791", "trim_id": "584644", "make": "mg", "trim_org_name": "SHARP 2.0 DIESEL", "data": {"code": "success", "data": {"fuel_type": "diesel", "body_type": "suv", "vehicle_image": "https://cdn1.acedms.com/uploads/category/MG/20200718044955000000-962050030664074113.png"}}}, {"trim": "sharp hybrid 1.5 petrol", "model_org_name": "Hector Plus", "ex_showroom_price": 1738000, "body_type": "suv", "model": "hector plus", "model_id": "70091", "fuel_type": "hybrid", "make_id": "3791", "trim_id": "584641", "make": "mg", "trim_org_name": "SHARP HYBRID 1.5 PETROL", "data": {"code": "success", "data": {"fuel_type": "hybrid", "body_type": "suv", "vehicle_image": "https://cdn1.acedms.com/uploads/category/MG/20200718044955000000-962050030664074113.png"}}}, {"trim": "smart 1.5 dct petrol", "model_org_name": "Hector Plus", "ex_showroom_price": 1669000, "body_type": "suv", "model": "hector plus", "model_id": "70091", "fuel_type": "petrol", "make_id": "3791", "trim_id": "584640", "make": "mg", "trim_org_name": "SMART 1.5 DCT PETROL", "data": {"code": "success", "data": {"fuel_type": "petrol", "body_type": "suv", "vehicle_image": "https://cdn1.acedms.com/uploads/category/MG/20200718044955000000-962050030664074113.png"}}}, {"trim": "smart 2.0 diesel", "model_org_name": "Hector Plus", "ex_showroom_price": 1719000, "body_type": "suv", "model": "hector plus", "model_id": "70091", "fuel_type": "diesel", "make_id": "3791", "trim_id": "584642", "make": "mg", "trim_org_name": "SMART 2.0 DIESEL", "data": {"code": "success", "data": {"fuel_type": "diesel", "body_type": "suv", "vehicle_image": "https://cdn1.acedms.com/uploads/category/MG/20200718044955000000-962050030664074113.png"}}}, {"trim": "style 1.5 petrol", "model_org_name": "Hector Plus", "ex_showroom_price": 1373000, "body_type": "suv", "model": "hector plus", "model_id": "70091", "fuel_type": "petrol", "make_id": "3791", "trim_id": "584637", "make": "mg", "trim_org_name": "STYLE 1.5 PETROL", "data": {"code": "success", "data": {"fuel_type": "petrol", "body_type": "suv", "vehicle_image": "https://cdn1.acedms.com/uploads/category/MG/20200718044955000000-962050030664074113.png"}}}, {"trim": "style 2.0 diesel", "model_org_name": "Hector Plus", "ex_showroom_price": 1489000, "body_type": "suv", "model": "hector plus", "model_id": "70091", "fuel_type": "diesel", "make_id": "3791", "trim_id": "584638", "make": "mg", "trim_org_name": "STYLE 2.0 DIESEL", "data": {"code": "success", "data": {"fuel_type": "diesel", "body_type": "suv", "vehicle_image": "https://cdn1.acedms.com/uploads/category/MG/20200718044955000000-962050030664074113.png"}}}, {"trim": "super 2.0 diesel", "model_org_name": "Hector Plus", "ex_showroom_price": 1564000, "body_type": "suv", "model": "hector plus", "model_id": "70091", "fuel_type": "diesel", "make_id": "3791", "trim_id": "584639", "make": "mg", "trim_org_name": "SUPER 2.0 DIESEL", "data": {"code": "success", "data": {"fuel_type": "diesel", "body_type": "suv", "vehicle_image": "https://cdn1.acedms.com/uploads/category/MG/20200718044955000000-962050030664074113.png"}}}]}, {"model_org_name": "RC6", "ex_showroom_price": 1800000, "body_type": "sedan", "model": "rc6", "model_id": "68991", "make_id": "3791", "make": "mg", "trim_list": [{"trim": "1.5 petrol", "model_org_name": "RC6", "ex_showroom_price": 1800000, "body_type": "sedan", "model": "rc6", "model_id": "68991", "fuel_type": "petrol", "make_id": "3791", "trim_id": "577321", "make": "mg", "trim_org_name": "1.5 PETROL", "data": {"code": "success", "data": {"fuel_type": "petrol", "body_type": "sedan", "vehicle_image": "https://cdn1.acedms.com/uploads/category/MG/20200210065421000000-4383032233418723329.jpg"}}}]}, {"model_org_name": "RX5", "ex_showroom_price": 1400000, "body_type": "sedan", "model": "rx5", "model_id": "49121", "make_id": "3791", "make": "mg", "trim_list": [{"trim": "diesel", "model_org_name": "RX5", "ex_showroom_price": 1400000, "body_type": "sedan", "model": "rx5", "model_id": "49121", "fuel_type": "diesel", "make_id": "3791", "trim_id": "536351", "make": "mg", "trim_org_name": "DIESEL", "data": {"code": "success", "data": {"fuel_type": "diesel", "body_type": "sedan", "vehicle_image": "https://cdn1.acedms.com/uploads/category/MG/20190225090920000000-7470490227497362433."}}}]}]}