{"value": "Mini", "data-make-id": "401", "model_list": [{"model_org_name": "3 DOOR", "ex_showroom_price": 4390000, "body_type": "hatchback", "model": "3 door", "model_id": "9001", "make_id": "401", "make": "mini", "trim_list": [{"trim": "cooper s jcw pro edition", "model_org_name": "3 DOOR", "ex_showroom_price": 4390000, "body_type": "hatchback", "model": "3 door", "model_id": "9001", "fuel_type": "petrol", "make_id": "401", "trim_id": "494701", "make": "mini", "trim_org_name": "COOPER S JCW PRO EDITION", "data": {"code": "success", "data": {"fuel_type": "petrol", "body_type": "hatchback", "vehicle_image": "https://cdn1.acedms.com/uploads/category/mini/20171117074207000000-5690912071083436033.png"}, "prices_list": [{"part_name": "Wiper Blades", "price_min": "420", "price_max": "520"}, {"part_name": "Front Bumper", "price_min": "1480", "price_max": "1810"}, {"part_name": "Front Fender", "price_min": "1290", "price_max": "1580"}, {"part_name": "Bonnet", "price_min": "3260", "price_max": "3990"}, {"part_name": "Front Door", "price_min": "4820", "price_max": "5890"}, {"part_name": "Bootlid", "price_min": "3960", "price_max": "4840"}, {"part_name": "Front Windscreen Glass", "price_min": "2690", "price_max": "3290"}, {"part_name": "Side Mirrors", "price_min": "880", "price_max": "1070"}, {"part_name": "Front Strut", "price_min": "1300", "price_max": "1580"}, {"part_name": "Front Suspension Lower Arm", "price_min": "1230", "price_max": "1500"}, {"part_name": "Suspension Overhaul", "price_min": "2160", "price_max": "2640"}]}}]}, {"model_org_name": "Clubman", "ex_showroom_price": 4120000, "body_type": "hatchback", "model": "clubman", "model_id": "20081", "make_id": "401", "make": "mini", "trim_list": [{"trim": "cooper s", "model_org_name": "Clubman", "ex_showroom_price": 4120000, "body_type": "hatchback", "model": "clubman", "model_id": "20081", "fuel_type": "petrol", "make_id": "401", "trim_id": "211671", "make": "mini", "trim_org_name": "COOPER S", "data": {"code": "success", "data": {"fuel_type": "petrol", "body_type": "hatchback", "vehicle_image": "https://cdn1.acedms.com/uploads/category/mini/20171215064412000000-4896214301517003777.png"}, "prices_list": [{"part_name": "Wiper Blades", "price_min": "420", "price_max": "520"}, {"part_name": "Front Bumper", "price_min": "1480", "price_max": "1810"}, {"part_name": "Front Fender", "price_min": "1290", "price_max": "1580"}, {"part_name": "Bonnet", "price_min": "3260", "price_max": "3990"}, {"part_name": "Front Door", "price_min": "4820", "price_max": "5890"}, {"part_name": "Bootlid", "price_min": "3960", "price_max": "4840"}, {"part_name": "Front Windscreen Glass", "price_min": "2690", "price_max": "3290"}, {"part_name": "Side Mirrors", "price_min": "880", "price_max": "1070"}, {"part_name": "Front Strut", "price_min": "1300", "price_max": "1580"}, {"part_name": "Front Suspension Lower Arm", "price_min": "1230", "price_max": "1500"}, {"part_name": "Suspension Overhaul", "price_min": "2160", "price_max": "2640"}]}}]}, {"model_org_name": "Cooper", "ex_showroom_price": 3190000, "body_type": "hatchback", "model": "cooper", "model_id": "4991", "make_id": "401", "make": "mini", "trim_list": [{"trim": "1.6", "model_org_name": "Cooper", "ex_showroom_price": 3190000, "body_type": "hatchback", "model": "cooper", "model_id": "4991", "fuel_type": "petrol", "make_id": "401", "trim_id": "334551", "make": "mini", "trim_org_name": "1.6"}, {"trim": "d 3 door", "model_org_name": "Cooper", "ex_showroom_price": 2990000, "body_type": "hatchback", "model": "cooper", "model_id": "4991", "fuel_type": "diesel", "make_id": "401", "trim_id": "334561", "make": "mini", "trim_org_name": "D 3 DOOR"}, {"trim": "d 5 door", "model_org_name": "Cooper", "ex_showroom_price": 3600000, "body_type": "hatchback", "model": "cooper", "model_id": "4991", "fuel_type": "diesel", "make_id": "401", "trim_id": "334581", "make": "mini", "trim_org_name": "D 5 DOOR"}, {"trim": "s", "model_org_name": "Cooper", "ex_showroom_price": 3150000, "body_type": "hatchback", "model": "cooper", "model_id": "4991", "fuel_type": "diesel", "make_id": "401", "trim_id": "334571", "make": "mini", "trim_org_name": "S", "data": {"code": "success", "data": {"fuel_type": "diesel", "body_type": "hatchback", "vehicle_image": "https://cdn1.acedms.com/uploads/category/mini/20171215061857000000-2535529985540909569.png"}, "prices_list": [{"part_name": "Wiper Blades", "price_min": "500", "price_max": "610"}, {"part_name": "Front Bumper", "price_min": "1710", "price_max": "2090"}, {"part_name": "Front Fender", "price_min": "1330", "price_max": "1620"}, {"part_name": "Bonnet", "price_min": "3590", "price_max": "4380"}, {"part_name": "Front Door", "price_min": "4960", "price_max": "6060"}, {"part_name": "Bootlid", "price_min": "3970", "price_max": "4850"}, {"part_name": "Front Windscreen Glass", "price_min": "2880", "price_max": "3520"}, {"part_name": "Side Mirrors", "price_min": "1160", "price_max": "1420"}, {"part_name": "Front Strut", "price_min": "1480", "price_max": "1810"}, {"part_name": "Front Suspension Lower Arm", "price_min": "1490", "price_max": "1820"}, {"part_name": "Suspension Overhaul", "price_min": "2160", "price_max": "2640"}]}}, {"trim": "s 3 door", "model_org_name": "Cooper", "ex_showroom_price": 3420000, "body_type": "hatchback", "model": "cooper", "model_id": "4991", "fuel_type": "petrol", "make_id": "401", "trim_id": "534681", "make": "mini", "trim_org_name": "S 3 DOOR"}, {"trim": "s 3 door oxford edition", "model_org_name": "Cooper", "ex_showroom_price": 4106000, "body_type": "hatchback", "model": "cooper", "model_id": "4991", "fuel_type": "petrol", "make_id": "401", "trim_id": "569021", "make": "mini", "trim_org_name": "S 3 DOOR OXFORD EDITION"}]}, {"model_org_name": "Cooper Countryman", "ex_showroom_price": 3280000, "body_type": "hatchback", "model": "cooper countryman", "model_id": "5021", "make_id": "401", "make": "mini", "trim_list": [{"trim": "d", "model_org_name": "Cooper Countryman", "ex_showroom_price": 3280000, "body_type": "hatchback", "model": "cooper countryman", "model_id": "5021", "fuel_type": "diesel", "make_id": "401", "trim_id": "", "make": "mini", "trim_org_name": ""}, {"trim": "d high", "model_org_name": "Cooper Countryman", "ex_showroom_price": 3280000, "body_type": "hatchback", "model": "cooper countryman", "model_id": "5021", "fuel_type": "diesel", "make_id": "401", "trim_id": "334671", "make": "mini", "trim_org_name": "D HIGH", "data": {"code": "success", "data": {"fuel_type": "diesel", "body_type": "hatchback", "vehicle_image": "https://cdn1.acedms.com/uploads/category/mini/20171215062411000000-4027480901468259841.png"}, "prices_list": [{"part_name": "Wiper Blades", "price_min": "500", "price_max": "610"}, {"part_name": "Front Bumper", "price_min": "1710", "price_max": "2090"}, {"part_name": "Front Fender", "price_min": "1330", "price_max": "1620"}, {"part_name": "Bonnet", "price_min": "3590", "price_max": "4380"}, {"part_name": "Front Door", "price_min": "4960", "price_max": "6060"}, {"part_name": "Bootlid", "price_min": "3970", "price_max": "4850"}, {"part_name": "Front Windscreen Glass", "price_min": "2880", "price_max": "3520"}, {"part_name": "Side Mirrors", "price_min": "1160", "price_max": "1420"}, {"part_name": "Front Strut", "price_min": "1480", "price_max": "1810"}, {"part_name": "Front Suspension Lower Arm", "price_min": "1490", "price_max": "1820"}, {"part_name": "Suspension Overhaul", "price_min": "2160", "price_max": "2640"}]}}, {"trim": "s", "model_org_name": "Cooper Countryman", "ex_showroom_price": 3490000, "body_type": "hatchback", "model": "cooper countryman", "model_id": "5021", "fuel_type": "petrol", "make_id": "401", "trim_id": "334681", "make": "mini", "trim_org_name": "S", "data": {"code": "success", "data": {"fuel_type": "petrol", "body_type": "hatchback", "vehicle_image": "https://cdn1.acedms.com/uploads/category/mini/20171215062411000000-4027480901468259841.png"}, "prices_list": [{"part_name": "Wiper Blades", "price_min": "420", "price_max": "520"}, {"part_name": "Front Bumper", "price_min": "1480", "price_max": "1810"}, {"part_name": "Front Fender", "price_min": "1290", "price_max": "1580"}, {"part_name": "Bonnet", "price_min": "3260", "price_max": "3990"}, {"part_name": "Front Door", "price_min": "4820", "price_max": "5890"}, {"part_name": "Bootlid", "price_min": "3960", "price_max": "4840"}, {"part_name": "Front Windscreen Glass", "price_min": "2690", "price_max": "3290"}, {"part_name": "Side Mirrors", "price_min": "880", "price_max": "1070"}, {"part_name": "Front Strut", "price_min": "1300", "price_max": "1580"}, {"part_name": "Front Suspension Lower Arm", "price_min": "1230", "price_max": "1500"}, {"part_name": "Suspension Overhaul", "price_min": "2160", "price_max": "2640"}]}}]}, {"model_org_name": "Countryman", "ex_showroom_price": 4140000, "body_type": "hatchback", "model": "countryman", "model_id": "20441", "make_id": "401", "make": "mini", "trim_list": [{"trim": "cooper d", "model_org_name": "Countryman", "ex_showroom_price": 3650000, "body_type": "hatchback", "model": "countryman", "model_id": "20441", "fuel_type": "diesel", "make_id": "401", "trim_id": "247661", "make": "mini", "trim_org_name": "COOPER D", "data": {"code": "success", "data": {"fuel_type": "diesel", "body_type": "hatchback", "vehicle_image": "https://cdn1.acedms.com/uploads/category/mini/20171215064026000000-2075868971112056833.png"}, "prices_list": [{"part_name": "Wiper Blades", "price_min": "500", "price_max": "610"}, {"part_name": "Front Bumper", "price_min": "1710", "price_max": "2090"}, {"part_name": "Front Fender", "price_min": "1330", "price_max": "1620"}, {"part_name": "Bonnet", "price_min": "3590", "price_max": "4380"}, {"part_name": "Front Door", "price_min": "4960", "price_max": "6060"}, {"part_name": "Bootlid", "price_min": "3970", "price_max": "4850"}, {"part_name": "Front Windscreen Glass", "price_min": "2880", "price_max": "3520"}, {"part_name": "Side Mirrors", "price_min": "1160", "price_max": "1420"}, {"part_name": "Front Strut", "price_min": "1480", "price_max": "1810"}, {"part_name": "Front Suspension Lower Arm", "price_min": "1490", "price_max": "1820"}, {"part_name": "Suspension Overhaul", "price_min": "2160", "price_max": "2640"}]}}, {"trim": "cooper s", "model_org_name": "Countryman", "ex_showroom_price": 3490000, "body_type": "hatchback", "model": "countryman", "model_id": "20441", "fuel_type": "petrol", "make_id": "401", "trim_id": "534651", "make": "mini", "trim_org_name": "COOPER S"}, {"trim": "cooper s jcw inspired", "model_org_name": "Countryman", "ex_showroom_price": 4140000, "body_type": "hatchback", "model": "countryman", "model_id": "20441", "fuel_type": "petrol", "make_id": "401", "trim_id": "534671", "make": "mini", "trim_org_name": "COOPER S JCW INSPIRED"}, {"trim": "cooper sd", "model_org_name": "Countryman", "ex_showroom_price": 3740000, "body_type": "hatchback", "model": "countryman", "model_id": "20441", "fuel_type": "diesel", "make_id": "401", "trim_id": "534661", "make": "mini", "trim_org_name": "COOPER SD"}]}]}