{"value": "Mitsubishi", "data-make-id": "581", "model_list": [{"model_org_name": "Cedia", "ex_showroom_price": 899300, "body_type": "sedan", "model": "cedia", "model_id": "6711", "make_id": "581", "make": "mitsubishi", "trim_list": [{"trim": "elegance", "model_org_name": "Cedia", "ex_showroom_price": 823600, "body_type": "sedan", "model": "cedia", "model_id": "6711", "fuel_type": "petrol", "make_id": "581", "trim_id": "35051", "make": "mitsubishi", "trim_org_name": "ELEGANCE", "data": {"code": "success", "data": {"fuel_type": "petrol", "body_type": "sedan", "vehicle_image": "https://cdn1.acedms.com/uploads/category/mitsubishi/20171106043310000000-1183710738263836673.jpeg"}, "prices_list": [{"part_name": "Wiper Blades", "price_min": "540", "price_max": "660"}, {"part_name": "Front Bumper", "price_min": "2080", "price_max": "2540"}, {"part_name": "Front Fender", "price_min": "1720", "price_max": "2100"}, {"part_name": "Bonnet", "price_min": "4030", "price_max": "4920"}, {"part_name": "Front Door", "price_min": "6150", "price_max": "7520"}, {"part_name": "Bootlid", "price_min": "4690", "price_max": "5730"}, {"part_name": "Front Windscreen Glass", "price_min": "3130", "price_max": "3830"}, {"part_name": "Side Mirrors", "price_min": "1280", "price_max": "1560"}, {"part_name": "Front Strut", "price_min": "1600", "price_max": "1950"}, {"part_name": "Front Suspension Lower Arm", "price_min": "1650", "price_max": "2020"}, {"part_name": "Suspension Overhaul", "price_min": "2430", "price_max": "2970"}]}}, {"trim": "gxi", "model_org_name": "Cedia", "ex_showroom_price": 899300, "body_type": "sedan", "model": "cedia", "model_id": "6711", "fuel_type": "petrol", "make_id": "581", "trim_id": "", "make": "mitsubishi", "trim_org_name": ""}, {"trim": "new sports", "model_org_name": "Cedia", "ex_showroom_price": 1000000, "body_type": "sedan", "model": "cedia", "model_id": "6711", "fuel_type": "petrol", "make_id": "581", "trim_id": "", "make": "mitsubishi", "trim_org_name": ""}, {"trim": "select", "model_org_name": "Cedia", "ex_showroom_price": 879000, "body_type": "sedan", "model": "cedia", "model_id": "6711", "fuel_type": "petrol", "make_id": "581", "trim_id": "34991", "make": "mitsubishi", "trim_org_name": "SELECT", "data": {"code": "success", "data": {"fuel_type": "petrol", "body_type": "sedan", "vehicle_image": "https://cdn1.acedms.com/uploads/category/mitsubishi/20171106043310000000-1183710738263836673.jpeg"}, "prices_list": [{"part_name": "Wiper Blades", "price_min": "540", "price_max": "660"}, {"part_name": "Front Bumper", "price_min": "2080", "price_max": "2540"}, {"part_name": "Front Fender", "price_min": "1720", "price_max": "2100"}, {"part_name": "Bonnet", "price_min": "4030", "price_max": "4920"}, {"part_name": "Front Door", "price_min": "6150", "price_max": "7520"}, {"part_name": "Bootlid", "price_min": "4690", "price_max": "5730"}, {"part_name": "Front Windscreen Glass", "price_min": "3130", "price_max": "3830"}, {"part_name": "Side Mirrors", "price_min": "1280", "price_max": "1560"}, {"part_name": "Front Strut", "price_min": "1600", "price_max": "1950"}, {"part_name": "Front Suspension Lower Arm", "price_min": "1650", "price_max": "2020"}, {"part_name": "Suspension Overhaul", "price_min": "2430", "price_max": "2970"}]}}, {"trim": "select alpg", "model_org_name": "Cedia", "ex_showroom_price": 930500, "body_type": "sedan", "model": "cedia", "model_id": "6711", "fuel_type": "petrol", "make_id": "581", "trim_id": "35001", "make": "mitsubishi", "trim_org_name": "SELECT ALPG", "data": {"code": "success", "data": {"fuel_type": "petrol", "body_type": "sedan", "vehicle_image": "https://cdn1.acedms.com/uploads/category/mitsubishi/20171106043310000000-1183710738263836673.jpeg"}, "prices_list": [{"part_name": "Wiper Blades", "price_min": "540", "price_max": "660"}, {"part_name": "Front Bumper", "price_min": "2080", "price_max": "2540"}, {"part_name": "Front Fender", "price_min": "1720", "price_max": "2100"}, {"part_name": "Bonnet", "price_min": "4030", "price_max": "4920"}, {"part_name": "Front Door", "price_min": "6150", "price_max": "7520"}, {"part_name": "Bootlid", "price_min": "4690", "price_max": "5730"}, {"part_name": "Front Windscreen Glass", "price_min": "3130", "price_max": "3830"}, {"part_name": "Side Mirrors", "price_min": "1280", "price_max": "1560"}, {"part_name": "Front Strut", "price_min": "1600", "price_max": "1950"}, {"part_name": "Front Suspension Lower Arm", "price_min": "1650", "price_max": "2020"}, {"part_name": "Suspension Overhaul", "price_min": "2430", "price_max": "2970"}]}}, {"trim": "spirit", "model_org_name": "Cedia", "ex_showroom_price": 1021700, "body_type": "sedan", "model": "cedia", "model_id": "6711", "fuel_type": "petrol", "make_id": "581", "trim_id": "35011", "make": "mitsubishi", "trim_org_name": "SPIRIT", "data": {"code": "success", "data": {"fuel_type": "petrol", "body_type": "sedan", "vehicle_image": "https://cdn1.acedms.com/uploads/category/mitsubishi/20171106043310000000-1183710738263836673.jpeg"}, "prices_list": [{"part_name": "Wiper Blades", "price_min": "540", "price_max": "660"}, {"part_name": "Front Bumper", "price_min": "2080", "price_max": "2540"}, {"part_name": "Front Fender", "price_min": "1720", "price_max": "2100"}, {"part_name": "Bonnet", "price_min": "4030", "price_max": "4920"}, {"part_name": "Front Door", "price_min": "6150", "price_max": "7520"}, {"part_name": "Bootlid", "price_min": "4690", "price_max": "5730"}, {"part_name": "Front Windscreen Glass", "price_min": "3130", "price_max": "3830"}, {"part_name": "Side Mirrors", "price_min": "1280", "price_max": "1560"}, {"part_name": "Front Strut", "price_min": "1600", "price_max": "1950"}, {"part_name": "Front Suspension Lower Arm", "price_min": "1650", "price_max": "2020"}, {"part_name": "Suspension Overhaul", "price_min": "2430", "price_max": "2970"}]}}, {"trim": "sports", "model_org_name": "Cedia", "ex_showroom_price": 950200, "body_type": "sedan", "model": "cedia", "model_id": "6711", "fuel_type": "petrol", "make_id": "581", "trim_id": "35041", "make": "mitsubishi", "trim_org_name": "Sports", "data": {"code": "success", "data": {"fuel_type": "petrol", "body_type": "sedan", "vehicle_image": "https://cdn1.acedms.com/uploads/category/mitsubishi/20171106043310000000-1183710738263836673.jpeg"}, "prices_list": [{"part_name": "Wiper Blades", "price_min": "540", "price_max": "660"}, {"part_name": "Front Bumper", "price_min": "2080", "price_max": "2540"}, {"part_name": "Front Fender", "price_min": "1720", "price_max": "2100"}, {"part_name": "Bonnet", "price_min": "4030", "price_max": "4920"}, {"part_name": "Front Door", "price_min": "6150", "price_max": "7520"}, {"part_name": "Bootlid", "price_min": "4690", "price_max": "5730"}, {"part_name": "Front Windscreen Glass", "price_min": "3130", "price_max": "3830"}, {"part_name": "Side Mirrors", "price_min": "1280", "price_max": "1560"}, {"part_name": "Front Strut", "price_min": "1600", "price_max": "1950"}, {"part_name": "Front Suspension Lower Arm", "price_min": "1650", "price_max": "2020"}, {"part_name": "Suspension Overhaul", "price_min": "2430", "price_max": "2970"}]}}]}, {"model_org_name": "Diamante", "ex_showroom_price": 854600, "body_type": "sedan", "model": "diamante", "model_id": "6681", "make_id": "581", "make": "mitsubishi", "trim_list": [{"trim": "2.5v", "model_org_name": "Diamante", "ex_showroom_price": 854600, "body_type": "sedan", "model": "diamante", "model_id": "6681", "fuel_type": "diesel", "make_id": "581", "trim_id": "34851", "make": "mitsubishi", "trim_org_name": "2.5V", "data": {"code": "success", "data": {"fuel_type": "diesel", "body_type": "sedan", "vehicle_image": "https://cdn1.acedms.com/uploads/category/mitsubishi/20171106044023000000-7621297149196876801.jpg"}, "prices_list": [{"part_name": "Wiper Blades", "price_min": "550", "price_max": "670"}, {"part_name": "Front Bumper", "price_min": "2030", "price_max": "2480"}, {"part_name": "Front Fender", "price_min": "1660", "price_max": "2030"}, {"part_name": "Bonnet", "price_min": "3980", "price_max": "4860"}, {"part_name": "Front Door", "price_min": "5980", "price_max": "7310"}, {"part_name": "Bootlid", "price_min": "4530", "price_max": "5540"}, {"part_name": "Front Windscreen Glass", "price_min": "3180", "price_max": "3880"}, {"part_name": "Side Mirrors", "price_min": "1370", "price_max": "1680"}, {"part_name": "Front Strut", "price_min": "1600", "price_max": "1960"}, {"part_name": "Front Suspension Lower Arm", "price_min": "1560", "price_max": "1900"}, {"part_name": "Suspension Overhaul", "price_min": "2700", "price_max": "3300"}]}}]}, {"model_org_name": "Eclipse Cross", "ex_showroom_price": 1800000, "body_type": "suv", "model": "eclipse cross", "model_id": "49381", "make_id": "581", "make": "mitsubishi", "trim_list": [{"trim": "diesel", "model_org_name": "Eclipse Cross", "ex_showroom_price": 1800000, "body_type": "suv", "model": "eclipse cross", "model_id": "49381", "fuel_type": "diesel", "make_id": "581", "trim_id": "536701", "make": "mitsubishi", "trim_org_name": "DIESEL"}]}, {"model_org_name": "Lancer", "ex_showroom_price": 620000, "body_type": "sedan", "model": "lancer", "model_id": "6741", "make_id": "581", "make": "mitsubishi", "trim_list": [{"trim": "1.5 cne", "model_org_name": "Lancer", "ex_showroom_price": 568000, "body_type": "sedan", "model": "lancer", "model_id": "6741", "fuel_type": "petrol", "make_id": "581", "trim_id": "314871", "make": "mitsubishi", "trim_org_name": "1.5 CNE", "data": {"code": "success", "data": {"fuel_type": "petrol", "body_type": "sedan", "vehicle_image": "https://cdn1.acedms.com/uploads/category/mitsubishi/20171106042626000000-5902378300880582657.jpg"}, "prices_list": [{"part_name": "Wiper Blades", "price_min": "540", "price_max": "660"}, {"part_name": "Front Bumper", "price_min": "2080", "price_max": "2540"}, {"part_name": "Front Fender", "price_min": "1720", "price_max": "2100"}, {"part_name": "Bonnet", "price_min": "4030", "price_max": "4920"}, {"part_name": "Front Door", "price_min": "6150", "price_max": "7520"}, {"part_name": "Bootlid", "price_min": "4690", "price_max": "5730"}, {"part_name": "Front Windscreen Glass", "price_min": "3130", "price_max": "3830"}, {"part_name": "Side Mirrors", "price_min": "1280", "price_max": "1560"}, {"part_name": "Front Strut", "price_min": "1600", "price_max": "1950"}, {"part_name": "Front Suspension Lower Arm", "price_min": "1650", "price_max": "2020"}, {"part_name": "Suspension Overhaul", "price_min": "2430", "price_max": "2970"}]}}, {"trim": "1.8 invex", "model_org_name": "Lancer", "ex_showroom_price": 723000, "body_type": "sedan", "model": "lancer", "model_id": "6741", "fuel_type": "petrol", "make_id": "581", "trim_id": "314831", "make": "mitsubishi", "trim_org_name": "1.8 INVEX", "data": {"code": "success", "data": {"fuel_type": "petrol", "body_type": "sedan", "vehicle_image": "https://cdn1.acedms.com/uploads/category/mitsubishi/20171106042626000000-5902378300880582657.jpg"}, "prices_list": [{"part_name": "Wiper Blades", "price_min": "540", "price_max": "660"}, {"part_name": "Front Bumper", "price_min": "2080", "price_max": "2540"}, {"part_name": "Front Fender", "price_min": "1720", "price_max": "2100"}, {"part_name": "Bonnet", "price_min": "4030", "price_max": "4920"}, {"part_name": "Front Door", "price_min": "6150", "price_max": "7520"}, {"part_name": "Bootlid", "price_min": "4690", "price_max": "5730"}, {"part_name": "Front Windscreen Glass", "price_min": "3130", "price_max": "3830"}, {"part_name": "Side Mirrors", "price_min": "1280", "price_max": "1560"}, {"part_name": "Front Strut", "price_min": "1600", "price_max": "1950"}, {"part_name": "Front Suspension Lower Arm", "price_min": "1650", "price_max": "2020"}, {"part_name": "Suspension Overhaul", "price_min": "2430", "price_max": "2970"}]}}, {"trim": "exel 1.5", "model_org_name": "Lancer", "ex_showroom_price": 666500, "body_type": "sedan", "model": "lancer", "model_id": "6741", "fuel_type": "petrol", "make_id": "581", "trim_id": "314641", "make": "mitsubishi", "trim_org_name": "EXEL 1.5", "data": {"code": "success", "data": {"fuel_type": "petrol", "body_type": "sedan", "vehicle_image": "https://cdn1.acedms.com/uploads/category/mitsubishi/20171106042626000000-5902378300880582657.jpg"}, "prices_list": [{"part_name": "Wiper Blades", "price_min": "540", "price_max": "660"}, {"part_name": "Front Bumper", "price_min": "2080", "price_max": "2540"}, {"part_name": "Front Fender", "price_min": "1720", "price_max": "2100"}, {"part_name": "Bonnet", "price_min": "4030", "price_max": "4920"}, {"part_name": "Front Door", "price_min": "6150", "price_max": "7520"}, {"part_name": "Bootlid", "price_min": "4690", "price_max": "5730"}, {"part_name": "Front Windscreen Glass", "price_min": "3130", "price_max": "3830"}, {"part_name": "Side Mirrors", "price_min": "1280", "price_max": "1560"}, {"part_name": "Front Strut", "price_min": "1600", "price_max": "1950"}, {"part_name": "Front Suspension Lower Arm", "price_min": "1650", "price_max": "2020"}, {"part_name": "Suspension Overhaul", "price_min": "2430", "price_max": "2970"}]}}, {"trim": "gld 2.0", "model_org_name": "Lancer", "ex_showroom_price": 700200, "body_type": "sedan", "model": "lancer", "model_id": "6741", "fuel_type": "petrol", "make_id": "581", "trim_id": "314661", "make": "mitsubishi", "trim_org_name": "GLD 2.0", "data": {"code": "success", "data": {"fuel_type": "diesel", "body_type": "sedan", "vehicle_image": "https://cdn1.acedms.com/uploads/category/mitsubishi/20171106042626000000-5902378300880582657.jpg"}, "prices_list": [{"part_name": "Wiper Blades", "price_min": "550", "price_max": "670"}, {"part_name": "Front Bumper", "price_min": "2030", "price_max": "2480"}, {"part_name": "Front Fender", "price_min": "1660", "price_max": "2030"}, {"part_name": "Bonnet", "price_min": "3980", "price_max": "4860"}, {"part_name": "Front Door", "price_min": "5980", "price_max": "7310"}, {"part_name": "Bootlid", "price_min": "4530", "price_max": "5540"}, {"part_name": "Front Windscreen Glass", "price_min": "3180", "price_max": "3880"}, {"part_name": "Side Mirrors", "price_min": "1370", "price_max": "1680"}, {"part_name": "Front Strut", "price_min": "1600", "price_max": "1960"}, {"part_name": "Front Suspension Lower Arm", "price_min": "1560", "price_max": "1900"}, {"part_name": "Suspension Overhaul", "price_min": "2700", "price_max": "3300"}]}}, {"trim": "glxd 2.0", "model_org_name": "Lancer", "ex_showroom_price": 729600, "body_type": "sedan", "model": "lancer", "model_id": "6741", "fuel_type": "diesel", "make_id": "581", "trim_id": "314681", "make": "mitsubishi", "trim_org_name": "GLXD 2.0", "data": {"code": "success", "data": {"fuel_type": "diesel", "body_type": "sedan", "vehicle_image": "https://cdn1.acedms.com/uploads/category/mitsubishi/20171106042626000000-5902378300880582657.jpg"}, "prices_list": [{"part_name": "Wiper Blades", "price_min": "550", "price_max": "670"}, {"part_name": "Front Bumper", "price_min": "2030", "price_max": "2480"}, {"part_name": "Front Fender", "price_min": "1660", "price_max": "2030"}, {"part_name": "Bonnet", "price_min": "3980", "price_max": "4860"}, {"part_name": "Front Door", "price_min": "5980", "price_max": "7310"}, {"part_name": "Bootlid", "price_min": "4530", "price_max": "5540"}, {"part_name": "Front Windscreen Glass", "price_min": "3180", "price_max": "3880"}, {"part_name": "Side Mirrors", "price_min": "1370", "price_max": "1680"}, {"part_name": "Front Strut", "price_min": "1600", "price_max": "1960"}, {"part_name": "Front Suspension Lower Arm", "price_min": "1560", "price_max": "1900"}, {"part_name": "Suspension Overhaul", "price_min": "2700", "price_max": "3300"}]}}, {"trim": "glxi 1.5", "model_org_name": "Lancer", "ex_showroom_price": 634300, "body_type": "sedan", "model": "lancer", "model_id": "6741", "fuel_type": "petrol", "make_id": "581", "trim_id": "314691", "make": "mitsubishi", "trim_org_name": "GLXI 1.5", "data": {"code": "success", "data": {"fuel_type": "petrol", "body_type": "sedan", "vehicle_image": "https://cdn1.acedms.com/uploads/category/mitsubishi/20171106042626000000-5902378300880582657.jpg"}, "prices_list": [{"part_name": "Wiper Blades", "price_min": "540", "price_max": "660"}, {"part_name": "Front Bumper", "price_min": "2080", "price_max": "2540"}, {"part_name": "Front Fender", "price_min": "1720", "price_max": "2100"}, {"part_name": "Bonnet", "price_min": "4030", "price_max": "4920"}, {"part_name": "Front Door", "price_min": "6150", "price_max": "7520"}, {"part_name": "Bootlid", "price_min": "4690", "price_max": "5730"}, {"part_name": "Front Windscreen Glass", "price_min": "3130", "price_max": "3830"}, {"part_name": "Side Mirrors", "price_min": "1280", "price_max": "1560"}, {"part_name": "Front Strut", "price_min": "1600", "price_max": "1950"}, {"part_name": "Front Suspension Lower Arm", "price_min": "1650", "price_max": "2020"}, {"part_name": "Suspension Overhaul", "price_min": "2430", "price_max": "2970"}]}}, {"trim": "lei 1.5", "model_org_name": "Lancer", "ex_showroom_price": 679500, "body_type": "sedan", "model": "lancer", "model_id": "6741", "fuel_type": "petrol", "make_id": "581", "trim_id": "314711", "make": "mitsubishi", "trim_org_name": "LEI 1.5", "data": {"code": "success", "data": {"fuel_type": "petrol", "body_type": "sedan", "vehicle_image": "https://cdn1.acedms.com/uploads/category/mitsubishi/20171106042626000000-5902378300880582657.jpg"}, "prices_list": [{"part_name": "Wiper Blades", "price_min": "540", "price_max": "660"}, {"part_name": "Front Bumper", "price_min": "2080", "price_max": "2540"}, {"part_name": "Front Fender", "price_min": "1720", "price_max": "2100"}, {"part_name": "Bonnet", "price_min": "4030", "price_max": "4920"}, {"part_name": "Front Door", "price_min": "6150", "price_max": "7520"}, {"part_name": "Bootlid", "price_min": "4690", "price_max": "5730"}, {"part_name": "Front Windscreen Glass", "price_min": "3130", "price_max": "3830"}, {"part_name": "Side Mirrors", "price_min": "1280", "price_max": "1560"}, {"part_name": "Front Strut", "price_min": "1600", "price_max": "1950"}, {"part_name": "Front Suspension Lower Arm", "price_min": "1650", "price_max": "2020"}, {"part_name": "Suspension Overhaul", "price_min": "2430", "price_max": "2970"}]}}, {"trim": "lei 1.8", "model_org_name": "Lancer", "ex_showroom_price": 667200, "body_type": "sedan", "model": "lancer", "model_id": "6741", "fuel_type": "petrol", "make_id": "581", "trim_id": "314721", "make": "mitsubishi", "trim_org_name": "LEI 1.8", "data": {"code": "success", "data": {"fuel_type": "petrol", "body_type": "sedan", "vehicle_image": "https://cdn1.acedms.com/uploads/category/mitsubishi/20171106042626000000-5902378300880582657.jpg"}, "prices_list": [{"part_name": "Wiper Blades", "price_min": "540", "price_max": "660"}, {"part_name": "Front Bumper", "price_min": "2080", "price_max": "2540"}, {"part_name": "Front Fender", "price_min": "1720", "price_max": "2100"}, {"part_name": "Bonnet", "price_min": "4030", "price_max": "4920"}, {"part_name": "Front Door", "price_min": "6150", "price_max": "7520"}, {"part_name": "Bootlid", "price_min": "4690", "price_max": "5730"}, {"part_name": "Front Windscreen Glass", "price_min": "3130", "price_max": "3830"}, {"part_name": "Side Mirrors", "price_min": "1280", "price_max": "1560"}, {"part_name": "Front Strut", "price_min": "1600", "price_max": "1950"}, {"part_name": "Front Suspension Lower Arm", "price_min": "1650", "price_max": "2020"}, {"part_name": "Suspension Overhaul", "price_min": "2430", "price_max": "2970"}]}}, {"trim": "lxd", "model_org_name": "Lancer", "ex_showroom_price": 747200, "body_type": "sedan", "model": "lancer", "model_id": "6741", "fuel_type": "diesel", "make_id": "581", "trim_id": "314631", "make": "mitsubishi", "trim_org_name": "LXD", "data": {"code": "success", "data": {"fuel_type": "diesel", "body_type": "sedan", "vehicle_image": "https://cdn1.acedms.com/uploads/category/mitsubishi/20171106042626000000-5902378300880582657.jpg"}, "prices_list": [{"part_name": "Wiper Blades", "price_min": "550", "price_max": "670"}, {"part_name": "Front Bumper", "price_min": "2030", "price_max": "2480"}, {"part_name": "Front Fender", "price_min": "1660", "price_max": "2030"}, {"part_name": "Bonnet", "price_min": "3980", "price_max": "4860"}, {"part_name": "Front Door", "price_min": "5980", "price_max": "7310"}, {"part_name": "Bootlid", "price_min": "4530", "price_max": "5540"}, {"part_name": "Front Windscreen Glass", "price_min": "3180", "price_max": "3880"}, {"part_name": "Side Mirrors", "price_min": "1370", "price_max": "1680"}, {"part_name": "Front Strut", "price_min": "1600", "price_max": "1960"}, {"part_name": "Front Suspension Lower Arm", "price_min": "1560", "price_max": "1900"}, {"part_name": "Suspension Overhaul", "price_min": "2700", "price_max": "3300"}]}}, {"trim": "lxd 2.0", "model_org_name": "Lancer", "ex_showroom_price": 779200, "body_type": "sedan", "model": "lancer", "model_id": "6741", "fuel_type": "diesel", "make_id": "581", "trim_id": "314811", "make": "mitsubishi", "trim_org_name": "LXD 2.0", "data": {"code": "success", "data": {"fuel_type": "diesel", "body_type": "sedan", "vehicle_image": "https://cdn1.acedms.com/uploads/category/mitsubishi/20171106042626000000-5902378300880582657.jpg"}, "prices_list": [{"part_name": "Wiper Blades", "price_min": "550", "price_max": "670"}, {"part_name": "Front Bumper", "price_min": "2030", "price_max": "2480"}, {"part_name": "Front Fender", "price_min": "1660", "price_max": "2030"}, {"part_name": "Bonnet", "price_min": "3980", "price_max": "4860"}, {"part_name": "Front Door", "price_min": "5980", "price_max": "7310"}, {"part_name": "Bootlid", "price_min": "4530", "price_max": "5540"}, {"part_name": "Front Windscreen Glass", "price_min": "3180", "price_max": "3880"}, {"part_name": "Side Mirrors", "price_min": "1370", "price_max": "1680"}, {"part_name": "Front Strut", "price_min": "1600", "price_max": "1960"}, {"part_name": "Front Suspension Lower Arm", "price_min": "1560", "price_max": "1900"}, {"part_name": "Suspension Overhaul", "price_min": "2700", "price_max": "3300"}]}}, {"trim": "lxi", "model_org_name": "Lancer", "ex_showroom_price": 733700, "body_type": "sedan", "model": "lancer", "model_id": "6741", "fuel_type": "petrol", "make_id": "581", "trim_id": "", "make": "mitsubishi", "trim_org_name": ""}, {"trim": "lxi 1.5", "model_org_name": "Lancer", "ex_showroom_price": 620000, "body_type": "sedan", "model": "lancer", "model_id": "6741", "fuel_type": "petrol", "make_id": "581", "trim_id": "314801", "make": "mitsubishi", "trim_org_name": "LXI 1.5", "data": {"code": "success", "data": {"fuel_type": "diesel", "body_type": "sedan", "vehicle_image": "https://cdn1.acedms.com/uploads/category/mitsubishi/20171106042626000000-5902378300880582657.jpg"}, "prices_list": [{"part_name": "Wiper Blades", "price_min": "550", "price_max": "670"}, {"part_name": "Front Bumper", "price_min": "2030", "price_max": "2480"}, {"part_name": "Front Fender", "price_min": "1660", "price_max": "2030"}, {"part_name": "Bonnet", "price_min": "3980", "price_max": "4860"}, {"part_name": "Front Door", "price_min": "5980", "price_max": "7310"}, {"part_name": "Bootlid", "price_min": "4530", "price_max": "5540"}, {"part_name": "Front Windscreen Glass", "price_min": "3180", "price_max": "3880"}, {"part_name": "Side Mirrors", "price_min": "1370", "price_max": "1680"}, {"part_name": "Front Strut", "price_min": "1600", "price_max": "1960"}, {"part_name": "Front Suspension Lower Arm", "price_min": "1560", "price_max": "1900"}, {"part_name": "Suspension Overhaul", "price_min": "2700", "price_max": "3300"}]}}, {"trim": "lxi 1.8", "model_org_name": "Lancer", "ex_showroom_price": 612300, "body_type": "sedan", "model": "lancer", "model_id": "6741", "fuel_type": "petrol", "make_id": "581", "trim_id": "314821", "make": "mitsubishi", "trim_org_name": "LXI 1.8", "data": {"code": "success", "data": {"fuel_type": "petrol", "body_type": "sedan", "vehicle_image": "https://cdn1.acedms.com/uploads/category/mitsubishi/20171106042626000000-5902378300880582657.jpg"}, "prices_list": [{"part_name": "Wiper Blades", "price_min": "540", "price_max": "660"}, {"part_name": "Front Bumper", "price_min": "2080", "price_max": "2540"}, {"part_name": "Front Fender", "price_min": "1720", "price_max": "2100"}, {"part_name": "Bonnet", "price_min": "4030", "price_max": "4920"}, {"part_name": "Front Door", "price_min": "6150", "price_max": "7520"}, {"part_name": "Bootlid", "price_min": "4690", "price_max": "5730"}, {"part_name": "Front Windscreen Glass", "price_min": "3130", "price_max": "3830"}, {"part_name": "Side Mirrors", "price_min": "1280", "price_max": "1560"}, {"part_name": "Front Strut", "price_min": "1600", "price_max": "1950"}, {"part_name": "Front Suspension Lower Arm", "price_min": "1650", "price_max": "2020"}, {"part_name": "Suspension Overhaul", "price_min": "2430", "price_max": "2970"}]}}, {"trim": "sfxd 2.0", "model_org_name": "Lancer", "ex_showroom_price": 662100, "body_type": "sedan", "model": "lancer", "model_id": "6741", "fuel_type": "diesel", "make_id": "581", "trim_id": "314851", "make": "mitsubishi", "trim_org_name": "SFXD 2.0", "data": {"code": "success", "data": {"fuel_type": "diesel", "body_type": "sedan", "vehicle_image": "https://cdn1.acedms.com/uploads/category/mitsubishi/20171106042626000000-5902378300880582657.jpg"}, "prices_list": [{"part_name": "Wiper Blades", "price_min": "550", "price_max": "670"}, {"part_name": "Front Bumper", "price_min": "2030", "price_max": "2480"}, {"part_name": "Front Fender", "price_min": "1660", "price_max": "2030"}, {"part_name": "Bonnet", "price_min": "3980", "price_max": "4860"}, {"part_name": "Front Door", "price_min": "5980", "price_max": "7310"}, {"part_name": "Bootlid", "price_min": "4530", "price_max": "5540"}, {"part_name": "Front Windscreen Glass", "price_min": "3180", "price_max": "3880"}, {"part_name": "Side Mirrors", "price_min": "1370", "price_max": "1680"}, {"part_name": "Front Strut", "price_min": "1600", "price_max": "1960"}, {"part_name": "Front Suspension Lower Arm", "price_min": "1560", "price_max": "1900"}, {"part_name": "Suspension Overhaul", "price_min": "2700", "price_max": "3300"}]}}, {"trim": "sfxi 1.5", "model_org_name": "Lancer", "ex_showroom_price": 685600, "body_type": "sedan", "model": "lancer", "model_id": "6741", "fuel_type": "petrol", "make_id": "581", "trim_id": "314731", "make": "mitsubishi", "trim_org_name": "SFXI 1.5", "data": {"code": "success", "data": {"fuel_type": "petrol", "body_type": "sedan", "vehicle_image": "https://cdn1.acedms.com/uploads/category/mitsubishi/20171106042626000000-5902378300880582657.jpg"}, "prices_list": [{"part_name": "Wiper Blades", "price_min": "540", "price_max": "660"}, {"part_name": "Front Bumper", "price_min": "2080", "price_max": "2540"}, {"part_name": "Front Fender", "price_min": "1720", "price_max": "2100"}, {"part_name": "Bonnet", "price_min": "4030", "price_max": "4920"}, {"part_name": "Front Door", "price_min": "6150", "price_max": "7520"}, {"part_name": "Bootlid", "price_min": "4690", "price_max": "5730"}, {"part_name": "Front Windscreen Glass", "price_min": "3130", "price_max": "3830"}, {"part_name": "Side Mirrors", "price_min": "1280", "price_max": "1560"}, {"part_name": "Front Strut", "price_min": "1600", "price_max": "1950"}, {"part_name": "Front Suspension Lower Arm", "price_min": "1650", "price_max": "2020"}, {"part_name": "Suspension Overhaul", "price_min": "2430", "price_max": "2970"}]}}, {"trim": "sfxi 1.8", "model_org_name": "Lancer", "ex_showroom_price": 720400, "body_type": "sedan", "model": "lancer", "model_id": "6741", "fuel_type": "petrol", "make_id": "581", "trim_id": "314741", "make": "mitsubishi", "trim_org_name": "SFXI 1.8", "data": {"code": "success", "data": {"fuel_type": "petrol", "body_type": "sedan", "vehicle_image": "https://cdn1.acedms.com/uploads/category/mitsubishi/20171106042626000000-5902378300880582657.jpg"}, "prices_list": [{"part_name": "Wiper Blades", "price_min": "540", "price_max": "660"}, {"part_name": "Front Bumper", "price_min": "2080", "price_max": "2540"}, {"part_name": "Front Fender", "price_min": "1720", "price_max": "2100"}, {"part_name": "Bonnet", "price_min": "4030", "price_max": "4920"}, {"part_name": "Front Door", "price_min": "6150", "price_max": "7520"}, {"part_name": "Bootlid", "price_min": "4690", "price_max": "5730"}, {"part_name": "Front Windscreen Glass", "price_min": "3130", "price_max": "3830"}, {"part_name": "Side Mirrors", "price_min": "1280", "price_max": "1560"}, {"part_name": "Front Strut", "price_min": "1600", "price_max": "1950"}, {"part_name": "Front Suspension Lower Arm", "price_min": "1650", "price_max": "2020"}, {"part_name": "Suspension Overhaul", "price_min": "2430", "price_max": "2970"}]}}, {"trim": "slxd 2.0", "model_org_name": "Lancer", "ex_showroom_price": 645300, "body_type": "sedan", "model": "lancer", "model_id": "6741", "fuel_type": "diesel", "make_id": "581", "trim_id": "314751", "make": "mitsubishi", "trim_org_name": "SLXD 2.0", "data": {"code": "success", "data": {"fuel_type": "diesel", "body_type": "sedan", "vehicle_image": "https://cdn1.acedms.com/uploads/category/mitsubishi/20171106042626000000-5902378300880582657.jpg"}, "prices_list": [{"part_name": "Wiper Blades", "price_min": "550", "price_max": "670"}, {"part_name": "Front Bumper", "price_min": "2030", "price_max": "2480"}, {"part_name": "Front Fender", "price_min": "1660", "price_max": "2030"}, {"part_name": "Bonnet", "price_min": "3980", "price_max": "4860"}, {"part_name": "Front Door", "price_min": "5980", "price_max": "7310"}, {"part_name": "Bootlid", "price_min": "4530", "price_max": "5540"}, {"part_name": "Front Windscreen Glass", "price_min": "3180", "price_max": "3880"}, {"part_name": "Side Mirrors", "price_min": "1370", "price_max": "1680"}, {"part_name": "Front Strut", "price_min": "1600", "price_max": "1960"}, {"part_name": "Front Suspension Lower Arm", "price_min": "1560", "price_max": "1900"}, {"part_name": "Suspension Overhaul", "price_min": "2700", "price_max": "3300"}]}}, {"trim": "slxi 1.5", "model_org_name": "Lancer", "ex_showroom_price": 693600, "body_type": "sedan", "model": "lancer", "model_id": "6741", "fuel_type": "petrol", "make_id": "581", "trim_id": "314761", "make": "mitsubishi", "trim_org_name": "SLXI 1.5", "data": {"code": "success", "data": {"fuel_type": "petrol", "body_type": "sedan", "vehicle_image": "https://cdn1.acedms.com/uploads/category/mitsubishi/20171106042626000000-5902378300880582657.jpg"}, "prices_list": [{"part_name": "Wiper Blades", "price_min": "540", "price_max": "660"}, {"part_name": "Front Bumper", "price_min": "2080", "price_max": "2540"}, {"part_name": "Front Fender", "price_min": "1720", "price_max": "2100"}, {"part_name": "Bonnet", "price_min": "4030", "price_max": "4920"}, {"part_name": "Front Door", "price_min": "6150", "price_max": "7520"}, {"part_name": "Bootlid", "price_min": "4690", "price_max": "5730"}, {"part_name": "Front Windscreen Glass", "price_min": "3130", "price_max": "3830"}, {"part_name": "Side Mirrors", "price_min": "1280", "price_max": "1560"}, {"part_name": "Front Strut", "price_min": "1600", "price_max": "1950"}, {"part_name": "Front Suspension Lower Arm", "price_min": "1650", "price_max": "2020"}, {"part_name": "Suspension Overhaul", "price_min": "2430", "price_max": "2970"}]}}, {"trim": "xli 1.8", "model_org_name": "Lancer", "ex_showroom_price": 594400, "body_type": "sedan", "model": "lancer", "model_id": "6741", "fuel_type": "petrol", "make_id": "581", "trim_id": "314791", "make": "mitsubishi", "trim_org_name": "XLI 1.8", "data": {"code": "success", "data": {"fuel_type": "petrol", "body_type": "sedan", "vehicle_image": "https://cdn1.acedms.com/uploads/category/mitsubishi/20171106042626000000-5902378300880582657.jpg"}, "prices_list": [{"part_name": "Wiper Blades", "price_min": "540", "price_max": "660"}, {"part_name": "Front Bumper", "price_min": "2080", "price_max": "2540"}, {"part_name": "Front Fender", "price_min": "1720", "price_max": "2100"}, {"part_name": "Bonnet", "price_min": "4030", "price_max": "4920"}, {"part_name": "Front Door", "price_min": "6150", "price_max": "7520"}, {"part_name": "Bootlid", "price_min": "4690", "price_max": "5730"}, {"part_name": "Front Windscreen Glass", "price_min": "3130", "price_max": "3830"}, {"part_name": "Side Mirrors", "price_min": "1280", "price_max": "1560"}, {"part_name": "Front Strut", "price_min": "1600", "price_max": "1950"}, {"part_name": "Front Suspension Lower Arm", "price_min": "1650", "price_max": "2020"}, {"part_name": "Suspension Overhaul", "price_min": "2430", "price_max": "2970"}]}}]}, {"model_org_name": "LANCER EVOLUTION", "ex_showroom_price": 4482500, "body_type": "sedan", "model": "lancer evolution", "model_id": "6731", "make_id": "581", "make": "mitsubishi", "trim_list": [{"trim": "x", "model_org_name": "LANCER EVOLUTION", "ex_showroom_price": 4482500, "body_type": "sedan", "model": "lancer evolution", "model_id": "6731", "fuel_type": "petrol", "make_id": "581", "trim_id": "35121", "make": "mitsubishi", "trim_org_name": "X", "data": {"code": "success", "data": {"fuel_type": "petrol", "body_type": "sedan", "vehicle_image": "https://cdn1.acedms.com/uploads/category/mitsubishi/20171106044217000000-6003947264055949313.png"}, "prices_list": [{"part_name": "Wiper Blades", "price_min": "540", "price_max": "660"}, {"part_name": "Front Bumper", "price_min": "2080", "price_max": "2540"}, {"part_name": "Front Fender", "price_min": "1720", "price_max": "2100"}, {"part_name": "Bonnet", "price_min": "4030", "price_max": "4920"}, {"part_name": "Front Door", "price_min": "6150", "price_max": "7520"}, {"part_name": "Bootlid", "price_min": "4690", "price_max": "5730"}, {"part_name": "Front Windscreen Glass", "price_min": "3130", "price_max": "3830"}, {"part_name": "Side Mirrors", "price_min": "1280", "price_max": "1560"}, {"part_name": "Front Strut", "price_min": "1600", "price_max": "1950"}, {"part_name": "Front Suspension Lower Arm", "price_min": "1650", "price_max": "2020"}, {"part_name": "Suspension Overhaul", "price_min": "2430", "price_max": "2970"}]}}]}, {"model_org_name": "Montero", "ex_showroom_price": 2785500, "body_type": "suv", "model": "montero", "model_id": "6751", "make_id": "581", "make": "mitsubishi", "trim_list": [{"trim": "3.2 di-d at", "model_org_name": "Montero", "ex_showroom_price": 6862560, "body_type": "suv", "model": "montero", "model_id": "6751", "fuel_type": "diesel", "make_id": "581", "trim_id": "481541", "make": "mitsubishi", "trim_org_name": "3.2 DI-D AT", "data": {"code": "success", "data": {"fuel_type": "diesel", "body_type": "suv", "vehicle_image": "https://cdn1.acedms.com/uploads/category/mitsubishi/20171215074157000000-3761463398246264833.png"}, "prices_list": [{"part_name": "Wiper Blades", "price_min": "550", "price_max": "670"}, {"part_name": "Front Bumper", "price_min": "2830", "price_max": "3460"}, {"part_name": "Front Fender", "price_min": "2040", "price_max": "2500"}, {"part_name": "Bonnet", "price_min": "6760", "price_max": "8260"}, {"part_name": "Front Door", "price_min": "7800", "price_max": "9530"}, {"part_name": "Bootlid", "price_min": "8160", "price_max": "9980"}, {"part_name": "Front Windscreen Glass", "price_min": "3450", "price_max": "4210"}, {"part_name": "Side Mirrors", "price_min": "1530", "price_max": "1870"}, {"part_name": "Front Strut", "price_min": "2000", "price_max": "2450"}, {"part_name": "Front Suspension Lower Arm", "price_min": "2160", "price_max": "2640"}, {"part_name": "Suspension Overhaul", "price_min": "3420", "price_max": "4180"}]}}, {"trim": "3.2 gls", "model_org_name": "Montero", "ex_showroom_price": 3312100, "body_type": "suv", "model": "montero", "model_id": "6751", "fuel_type": "diesel", "make_id": "581", "trim_id": "481491", "make": "mitsubishi", "trim_org_name": "3.2 GLS"}, {"trim": "3.2 mt", "model_org_name": "Montero", "ex_showroom_price": 2785500, "body_type": "suv", "model": "montero", "model_id": "6751", "fuel_type": "diesel", "make_id": "581", "trim_id": "481481", "make": "mitsubishi", "trim_org_name": "3.2 MT", "data": {"code": "success", "data": {"fuel_type": "diesel", "body_type": "suv", "vehicle_image": "https://cdn1.acedms.com/uploads/category/mitsubishi/20171215074157000000-3761463398246264833.png"}, "prices_list": [{"part_name": "Wiper Blades", "price_min": "550", "price_max": "670"}, {"part_name": "Front Bumper", "price_min": "2830", "price_max": "3460"}, {"part_name": "Front Fender", "price_min": "2040", "price_max": "2500"}, {"part_name": "Bonnet", "price_min": "6760", "price_max": "8260"}, {"part_name": "Front Door", "price_min": "7800", "price_max": "9530"}, {"part_name": "Bootlid", "price_min": "8160", "price_max": "9980"}, {"part_name": "Front Windscreen Glass", "price_min": "3450", "price_max": "4210"}, {"part_name": "Side Mirrors", "price_min": "1530", "price_max": "1870"}, {"part_name": "Front Strut", "price_min": "2000", "price_max": "2450"}, {"part_name": "Front Suspension Lower Arm", "price_min": "2160", "price_max": "2640"}, {"part_name": "Suspension Overhaul", "price_min": "3420", "price_max": "4180"}]}}]}, {"model_org_name": "Outlander", "ex_showroom_price": 3226950, "body_type": "suv", "model": "outlander", "model_id": "6701", "make_id": "581", "make": "mitsubishi", "trim_list": [{"trim": "2.4 4x4 at", "model_org_name": "Outlander", "ex_showroom_price": 3226950, "body_type": "suv", "model": "outlander", "model_id": "6701", "fuel_type": "petrol", "make_id": "581", "trim_id": "569011", "make": "mitsubishi", "trim_org_name": "2.4 4X4 AT"}, {"trim": "2.4 at", "model_org_name": "Outlander", "ex_showroom_price": 2043300, "body_type": "suv", "model": "outlander", "model_id": "6701", "fuel_type": "petrol", "make_id": "581", "trim_id": "34961", "make": "mitsubishi", "trim_org_name": "2.4 AT", "data": {"code": "success", "data": {"fuel_type": "petrol", "body_type": "suv", "vehicle_image": "https://cdn1.acedms.com/uploads/category/mitsubishi/20171215073442000000-414836625541281729.png"}, "prices_list": [{"part_name": "Wiper Blades", "price_min": "550", "price_max": "670"}, {"part_name": "Front Bumper", "price_min": "2830", "price_max": "3460"}, {"part_name": "Front Fender", "price_min": "2040", "price_max": "2500"}, {"part_name": "Bonnet", "price_min": "6760", "price_max": "8260"}, {"part_name": "Front Door", "price_min": "7800", "price_max": "9530"}, {"part_name": "Bootlid", "price_min": "8160", "price_max": "9980"}, {"part_name": "Front Windscreen Glass", "price_min": "3450", "price_max": "4210"}, {"part_name": "Side Mirrors", "price_min": "1530", "price_max": "1870"}, {"part_name": "Front Strut", "price_min": "2000", "price_max": "2450"}, {"part_name": "Front Suspension Lower Arm", "price_min": "2160", "price_max": "2640"}, {"part_name": "Suspension Overhaul", "price_min": "2880", "price_max": "3520"}]}}, {"trim": "2.4 chrome ltd", "model_org_name": "Outlander", "ex_showroom_price": 2005300, "body_type": "suv", "model": "outlander", "model_id": "6701", "fuel_type": "petrol", "make_id": "581", "trim_id": "34941", "make": "mitsubishi", "trim_org_name": "2.4 CHROME LTD"}, {"trim": "2.4 mivec", "model_org_name": "Outlander", "ex_showroom_price": 2055600, "body_type": "suv", "model": "outlander", "model_id": "6701", "fuel_type": "petrol", "make_id": "581", "trim_id": "34951", "make": "mitsubishi", "trim_org_name": "2.4 MIVEC"}]}, {"model_org_name": "Pajero", "ex_showroom_price": 2390000, "body_type": "suv", "model": "pajero", "model_id": "6721", "make_id": "581", "make": "mitsubishi", "trim_list": [{"trim": "4x4 lhd", "model_org_name": "Pajero", "ex_showroom_price": 2367100, "body_type": "suv", "model": "pajero", "model_id": "6721", "fuel_type": "diesel", "make_id": "581", "trim_id": "35091", "make": "mitsubishi", "trim_org_name": "4X4 LHD", "data": {"code": "success", "data": {"fuel_type": "diesel", "body_type": "suv", "vehicle_image": "https://cdn1.acedms.com/uploads/category/mitsubishi/20171106041853000000-3875962261273056257.jpg"}, "prices_list": [{"part_name": "Wiper Blades", "price_min": "550", "price_max": "670"}, {"part_name": "Front Bumper", "price_min": "2830", "price_max": "3460"}, {"part_name": "Front Fender", "price_min": "2040", "price_max": "2500"}, {"part_name": "Bonnet", "price_min": "6760", "price_max": "8260"}, {"part_name": "Front Door", "price_min": "7800", "price_max": "9530"}, {"part_name": "Bootlid", "price_min": "8160", "price_max": "9980"}, {"part_name": "Front Windscreen Glass", "price_min": "3450", "price_max": "4210"}, {"part_name": "Side Mirrors", "price_min": "1530", "price_max": "1870"}, {"part_name": "Front Strut", "price_min": "2000", "price_max": "2450"}, {"part_name": "Front Suspension Lower Arm", "price_min": "2160", "price_max": "2640"}, {"part_name": "Suspension Overhaul", "price_min": "3420", "price_max": "4180"}]}}, {"trim": "gl 2.8", "model_org_name": "Pajero", "ex_showroom_price": 2390000, "body_type": "suv", "model": "pajero", "model_id": "6721", "fuel_type": "diesel", "make_id": "581", "trim_id": "35111", "make": "mitsubishi", "trim_org_name": "GL 2.8", "data": {"code": "success", "data": {"fuel_type": "diesel", "body_type": "suv", "vehicle_image": "https://cdn1.acedms.com/uploads/category/mitsubishi/20171106041853000000-3875962261273056257.jpg"}, "prices_list": [{"part_name": "Wiper Blades", "price_min": "550", "price_max": "670"}, {"part_name": "Front Bumper", "price_min": "2830", "price_max": "3460"}, {"part_name": "Front Fender", "price_min": "2040", "price_max": "2500"}, {"part_name": "Bonnet", "price_min": "6760", "price_max": "8260"}, {"part_name": "Front Door", "price_min": "7800", "price_max": "9530"}, {"part_name": "Bootlid", "price_min": "8160", "price_max": "9980"}, {"part_name": "Front Windscreen Glass", "price_min": "3450", "price_max": "4210"}, {"part_name": "Side Mirrors", "price_min": "1530", "price_max": "1870"}, {"part_name": "Front Strut", "price_min": "2000", "price_max": "2450"}, {"part_name": "Front Suspension Lower Arm", "price_min": "2160", "price_max": "2640"}, {"part_name": "Suspension Overhaul", "price_min": "3420", "price_max": "4180"}]}}, {"trim": "glx 2.8", "model_org_name": "Pajero", "ex_showroom_price": 2390000, "body_type": "suv", "model": "pajero", "model_id": "6721", "fuel_type": "diesel", "make_id": "581", "trim_id": "35101", "make": "mitsubishi", "trim_org_name": "GLX 2.8", "data": {"code": "success", "data": {"fuel_type": "diesel", "body_type": "suv", "vehicle_image": "https://cdn1.acedms.com/uploads/category/mitsubishi/20171106041853000000-3875962261273056257.jpg"}, "prices_list": [{"part_name": "Wiper Blades", "price_min": "550", "price_max": "670"}, {"part_name": "Front Bumper", "price_min": "2830", "price_max": "3460"}, {"part_name": "Front Fender", "price_min": "2040", "price_max": "2500"}, {"part_name": "Bonnet", "price_min": "6760", "price_max": "8260"}, {"part_name": "Front Door", "price_min": "7800", "price_max": "9530"}, {"part_name": "Bootlid", "price_min": "8160", "price_max": "9980"}, {"part_name": "Front Windscreen Glass", "price_min": "3450", "price_max": "4210"}, {"part_name": "Side Mirrors", "price_min": "1530", "price_max": "1870"}, {"part_name": "Front Strut", "price_min": "2000", "price_max": "2450"}, {"part_name": "Front Suspension Lower Arm", "price_min": "2160", "price_max": "2640"}, {"part_name": "Suspension Overhaul", "price_min": "3420", "price_max": "4180"}]}}, {"trim": "glx 2.8 crz", "model_org_name": "Pajero", "ex_showroom_price": 2485600, "body_type": "suv", "model": "pajero", "model_id": "6721", "fuel_type": "diesel", "make_id": "581", "trim_id": "35071", "make": "mitsubishi", "trim_org_name": "GLX 2.8 CRZ", "data": {"code": "success", "data": {"fuel_type": "diesel", "body_type": "suv", "vehicle_image": "https://cdn1.acedms.com/uploads/category/mitsubishi/20171106041853000000-3875962261273056257.jpg"}, "prices_list": [{"part_name": "Wiper Blades", "price_min": "550", "price_max": "670"}, {"part_name": "Front Bumper", "price_min": "2830", "price_max": "3460"}, {"part_name": "Front Fender", "price_min": "2040", "price_max": "2500"}, {"part_name": "Bonnet", "price_min": "6760", "price_max": "8260"}, {"part_name": "Front Door", "price_min": "7800", "price_max": "9530"}, {"part_name": "Bootlid", "price_min": "8160", "price_max": "9980"}, {"part_name": "Front Windscreen Glass", "price_min": "3450", "price_max": "4210"}, {"part_name": "Side Mirrors", "price_min": "1530", "price_max": "1870"}, {"part_name": "Front Strut", "price_min": "2000", "price_max": "2450"}, {"part_name": "Front Suspension Lower Arm", "price_min": "2160", "price_max": "2640"}, {"part_name": "Suspension Overhaul", "price_min": "3420", "price_max": "4180"}]}}, {"trim": "sfx 2.8", "model_org_name": "Pajero", "ex_showroom_price": 1964400, "body_type": "suv", "model": "pajero", "model_id": "6721", "fuel_type": "diesel", "make_id": "581", "trim_id": "35061", "make": "mitsubishi", "trim_org_name": "SFX 2.8"}]}, {"model_org_name": "Pajero Sport", "ex_showroom_price": 2953240, "body_type": "suv", "model": "pajero sport", "model_id": "6691", "make_id": "581", "make": "mitsubishi", "trim_list": [{"trim": "2.5 at", "model_org_name": "Pajero Sport", "ex_showroom_price": 3373000, "body_type": "suv", "model": "pajero sport", "model_id": "6691", "fuel_type": "diesel", "make_id": "581", "trim_id": "240661", "make": "mitsubishi", "trim_org_name": "2.5 AT", "data": {"code": "success", "data": {"fuel_type": "diesel", "body_type": "suv", "vehicle_image": "https://cdn1.acedms.com/uploads/category/mitsubishi/20171215073238000000-1278501566443741953.png"}, "prices_list": [{"part_name": "Wiper Blades", "price_min": "550", "price_max": "670"}, {"part_name": "Front Bumper", "price_min": "2830", "price_max": "3460"}, {"part_name": "Front Fender", "price_min": "2040", "price_max": "2500"}, {"part_name": "Bonnet", "price_min": "6760", "price_max": "8260"}, {"part_name": "Front Door", "price_min": "7800", "price_max": "9530"}, {"part_name": "Bootlid", "price_min": "8160", "price_max": "9980"}, {"part_name": "Front Windscreen Glass", "price_min": "3450", "price_max": "4210"}, {"part_name": "Side Mirrors", "price_min": "1530", "price_max": "1870"}, {"part_name": "Front Strut", "price_min": "2000", "price_max": "2450"}, {"part_name": "Front Suspension Lower Arm", "price_min": "2160", "price_max": "2640"}, {"part_name": "Suspension Overhaul", "price_min": "3420", "price_max": "4180"}]}}, {"trim": "2.5 mt", "model_org_name": "Pajero Sport", "ex_showroom_price": 3515000, "body_type": "suv", "model": "pajero sport", "model_id": "6691", "fuel_type": "diesel", "make_id": "581", "trim_id": "240641", "make": "mitsubishi", "trim_org_name": "2.5 MT", "data": {"code": "success", "data": {"fuel_type": "diesel", "body_type": "suv", "vehicle_image": "https://cdn1.acedms.com/uploads/category/mitsubishi/20171215073238000000-1278501566443741953.png"}, "prices_list": [{"part_name": "Wiper Blades", "price_min": "550", "price_max": "670"}, {"part_name": "Front Bumper", "price_min": "2830", "price_max": "3460"}, {"part_name": "Front Fender", "price_min": "2040", "price_max": "2500"}, {"part_name": "Bonnet", "price_min": "6760", "price_max": "8260"}, {"part_name": "Front Door", "price_min": "7800", "price_max": "9530"}, {"part_name": "Bootlid", "price_min": "8160", "price_max": "9980"}, {"part_name": "Front Windscreen Glass", "price_min": "3450", "price_max": "4210"}, {"part_name": "Side Mirrors", "price_min": "1530", "price_max": "1870"}, {"part_name": "Front Strut", "price_min": "2000", "price_max": "2450"}, {"part_name": "Front Suspension Lower Arm", "price_min": "2160", "price_max": "2640"}, {"part_name": "Suspension Overhaul", "price_min": "3420", "price_max": "4180"}]}}, {"trim": "2.8 sfx bsiv dual tone", "model_org_name": "Pajero Sport", "ex_showroom_price": 1964400, "body_type": "suv", "model": "pajero sport", "model_id": "6691", "fuel_type": "diesel", "make_id": "581", "trim_id": "490841", "make": "mitsubishi", "trim_org_name": "2.8 SFX BSIV DUAL TONE", "data": {"code": "success", "data": {"fuel_type": "diesel", "body_type": "suv", "vehicle_image": "https://cdn1.acedms.com/uploads/category/mitsubishi/20171215073238000000-1278501566443741953.png"}, "prices_list": [{"part_name": "Wiper Blades", "price_min": "550", "price_max": "670"}, {"part_name": "Front Bumper", "price_min": "2830", "price_max": "3460"}, {"part_name": "Front Fender", "price_min": "2040", "price_max": "2500"}, {"part_name": "Bonnet", "price_min": "6760", "price_max": "8260"}, {"part_name": "Front Door", "price_min": "7800", "price_max": "9530"}, {"part_name": "Bootlid", "price_min": "8160", "price_max": "9980"}, {"part_name": "Front Windscreen Glass", "price_min": "3450", "price_max": "4210"}, {"part_name": "Side Mirrors", "price_min": "1530", "price_max": "1870"}, {"part_name": "Front Strut", "price_min": "2000", "price_max": "2450"}, {"part_name": "Front Suspension Lower Arm", "price_min": "2160", "price_max": "2640"}, {"part_name": "Suspension Overhaul", "price_min": "3420", "price_max": "4180"}]}}, {"trim": "4x4 mt", "model_org_name": "Pajero Sport", "ex_showroom_price": 2233800, "body_type": "suv", "model": "pajero sport", "model_id": "6691", "fuel_type": "diesel", "make_id": "581", "trim_id": "240651", "make": "mitsubishi", "trim_org_name": "4X4 MT", "data": {"code": "success", "data": {"fuel_type": "diesel", "body_type": "suv", "vehicle_image": "https://cdn1.acedms.com/uploads/category/mitsubishi/20171215073238000000-1278501566443741953.png"}, "prices_list": [{"part_name": "Wiper Blades", "price_min": "550", "price_max": "670"}, {"part_name": "Front Bumper", "price_min": "2830", "price_max": "3460"}, {"part_name": "Front Fender", "price_min": "2040", "price_max": "2500"}, {"part_name": "Bonnet", "price_min": "6760", "price_max": "8260"}, {"part_name": "Front Door", "price_min": "7800", "price_max": "9530"}, {"part_name": "Bootlid", "price_min": "8160", "price_max": "9980"}, {"part_name": "Front Windscreen Glass", "price_min": "3450", "price_max": "4210"}, {"part_name": "Side Mirrors", "price_min": "1530", "price_max": "1870"}, {"part_name": "Front Strut", "price_min": "2000", "price_max": "2450"}, {"part_name": "Front Suspension Lower Arm", "price_min": "2160", "price_max": "2640"}, {"part_name": "Suspension Overhaul", "price_min": "3420", "price_max": "4180"}]}}, {"trim": "facelift", "model_org_name": "Pajero Sport", "ex_showroom_price": 2500000, "body_type": "suv", "model": "pajero sport", "model_id": "6691", "fuel_type": "diesel", "make_id": "581", "trim_id": "536681", "make": "mitsubishi", "trim_org_name": "FACELIFT"}, {"trim": "limited edition", "model_org_name": "Pajero Sport", "ex_showroom_price": 2953240, "body_type": "suv", "model": "pajero sport", "model_id": "6691", "fuel_type": "diesel", "make_id": "581", "trim_id": "240671", "make": "mitsubishi", "trim_org_name": "LIMITED EDITION", "data": {"code": "success", "data": {"fuel_type": "diesel", "body_type": "suv", "vehicle_image": "https://cdn1.acedms.com/uploads/category/mitsubishi/20171215073238000000-1278501566443741953.png"}, "prices_list": [{"part_name": "Wiper Blades", "price_min": "550", "price_max": "670"}, {"part_name": "Front Bumper", "price_min": "2830", "price_max": "3460"}, {"part_name": "Front Fender", "price_min": "2040", "price_max": "2500"}, {"part_name": "Bonnet", "price_min": "6760", "price_max": "8260"}, {"part_name": "Front Door", "price_min": "7800", "price_max": "9530"}, {"part_name": "Bootlid", "price_min": "8160", "price_max": "9980"}, {"part_name": "Front Windscreen Glass", "price_min": "3450", "price_max": "4210"}, {"part_name": "Side Mirrors", "price_min": "1530", "price_max": "1870"}, {"part_name": "Front Strut", "price_min": "2000", "price_max": "2450"}, {"part_name": "Front Suspension Lower Arm", "price_min": "2160", "price_max": "2640"}, {"part_name": "Suspension Overhaul", "price_min": "3420", "price_max": "4180"}]}}, {"trim": "select plus at", "model_org_name": "Pajero Sport", "ex_showroom_price": 2952500, "body_type": "suv", "model": "pajero sport", "model_id": "6691", "fuel_type": "diesel", "make_id": "581", "trim_id": "568991", "make": "mitsubishi", "trim_org_name": "SELECT PLUS AT"}, {"trim": "select plus mt", "model_org_name": "Pajero Sport", "ex_showroom_price": 2992800, "body_type": "suv", "model": "pajero sport", "model_id": "6691", "fuel_type": "diesel", "make_id": "581", "trim_id": "569001", "make": "mitsubishi", "trim_org_name": "SELECT PLUS MT"}]}, {"model_org_name": "Xpander", "ex_showroom_price": 1000000, "body_type": "muv", "model": "xpander", "model_id": "49371", "make_id": "581", "make": "mitsubishi", "trim_list": [{"trim": "diesel", "model_org_name": "Xpander", "ex_showroom_price": 1000000, "body_type": "muv", "model": "xpander", "model_id": "49371", "fuel_type": "diesel", "make_id": "581", "trim_id": "536691", "make": "mitsubishi", "trim_org_name": "DIESEL"}]}]}