{"value": "Nissan", "data-make-id": "411", "model_list": [{"model_org_name": "EM2", "ex_showroom_price": 850000, "body_type": "suv", "model": "em2", "model_id": "70072", "make_id": "411", "make": "nissan", "trim_list": [{"trim": "petrol", "model_org_name": "EM2", "ex_showroom_price": 850000, "body_type": "suv", "model": "em2", "model_id": "70072", "fuel_type": "petrol", "make_id": "411", "trim_id": "584420", "make": "nissan", "trim_org_name": "PETROL"}]}, {"model_org_name": "Evalia", "ex_showroom_price": 968000, "body_type": "van", "model": "evalia", "model_id": "5041", "make_id": "411", "make": "nissan", "trim_list": [{"trim": "sv", "model_org_name": "Evalia", "ex_showroom_price": 1222000, "body_type": "van", "model": "evalia", "model_id": "5041", "fuel_type": "diesel", "make_id": "411", "trim_id": "49061", "make": "nissan", "trim_org_name": "SV"}, {"trim": "xe", "model_org_name": "Evalia", "ex_showroom_price": 914000, "body_type": "van", "model": "evalia", "model_id": "5041", "fuel_type": "diesel", "make_id": "411", "trim_id": "27251", "make": "nissan", "trim_org_name": "XE"}, {"trim": "xe plus", "model_org_name": "Evalia", "ex_showroom_price": 968000, "body_type": "van", "model": "evalia", "model_id": "5041", "fuel_type": "diesel", "make_id": "411", "trim_id": "27261", "make": "nissan", "trim_org_name": "XE PLUS"}, {"trim": "xl", "model_org_name": "Evalia", "ex_showroom_price": 993000, "body_type": "van", "model": "evalia", "model_id": "5041", "fuel_type": "diesel", "make_id": "411", "trim_id": "27271", "make": "nissan", "trim_org_name": "XL"}, {"trim": "xl option", "model_org_name": "Evalia", "ex_showroom_price": 1078000, "body_type": "van", "model": "evalia", "model_id": "5041", "fuel_type": "diesel", "make_id": "411", "trim_id": "27291", "make": "nissan", "trim_org_name": "XL OPTION"}, {"trim": "xv", "model_org_name": "Evalia", "ex_showroom_price": 1122000, "body_type": "van", "model": "evalia", "model_id": "5041", "fuel_type": "diesel", "make_id": "411", "trim_id": "27281", "make": "nissan", "trim_org_name": "XV"}, {"trim": "xv option", "model_org_name": "Evalia", "ex_showroom_price": 1104000, "body_type": "van", "model": "evalia", "model_id": "5041", "fuel_type": "diesel", "make_id": "411", "trim_id": "27301", "make": "nissan", "trim_org_name": "XV OPTION"}]}, {"model_org_name": "Kicks", "ex_showroom_price": 1389990, "body_type": "suv", "model": "kicks", "model_id": "42461", "make_id": "411", "make": "nissan", "trim_list": [{"trim": "xe 1.5 diesel", "model_org_name": "Kicks", "ex_showroom_price": 1600000, "body_type": "suv", "model": "kicks", "model_id": "42461", "fuel_type": "diesel", "make_id": "411", "trim_id": "584311", "make": "nissan", "trim_org_name": "XE 1.5 DIESEL"}, {"trim": "xl 1.5 bs6", "model_org_name": "Kicks", "ex_showroom_price": 949990, "body_type": "suv", "model": "kicks", "model_id": "42461", "fuel_type": "petrol", "make_id": "411", "trim_id": "584730", "make": "nissan", "trim_org_name": "XL 1.5 BS6"}, {"trim": "xl 1.5 diesel", "model_org_name": "Kicks", "ex_showroom_price": 1313000, "body_type": "suv", "model": "kicks", "model_id": "42461", "fuel_type": "diesel", "make_id": "411", "trim_id": "518061", "make": "nissan", "trim_org_name": "XL 1.5 DIESEL", "data": {"code": "success", "data": {"fuel_type": "diesel", "body_type": "suv", "vehicle_image": "https://cdn1.acedms.com/uploads/category/nissan/20190204070706000000-6158098911888990209.jpg"}, "prices_list": [{"part_name": "Wiper Blades", "price_min": "550", "price_max": "670"}, {"part_name": "Front Bumper", "price_min": "2830", "price_max": "3460"}, {"part_name": "Front Fender", "price_min": "2040", "price_max": "2500"}, {"part_name": "Bonnet", "price_min": "6760", "price_max": "8260"}, {"part_name": "Front Door", "price_min": "7800", "price_max": "9530"}, {"part_name": "Bootlid", "price_min": "8160", "price_max": "9980"}, {"part_name": "Front Windscreen Glass", "price_min": "3450", "price_max": "4210"}, {"part_name": "Side Mirrors", "price_min": "1530", "price_max": "1870"}, {"part_name": "Front Strut", "price_min": "2000", "price_max": "2450"}, {"part_name": "Front Suspension Lower Arm", "price_min": "2160", "price_max": "2640"}, {"part_name": "Suspension Overhaul", "price_min": "3420", "price_max": "4180"}]}}, {"trim": "xl 1.5 petrol", "model_org_name": "Kicks", "ex_showroom_price": 1071000, "body_type": "suv", "model": "kicks", "model_id": "42461", "fuel_type": "petrol", "make_id": "411", "trim_id": "518111", "make": "nissan", "trim_org_name": "XL 1.5 PETROL", "data": {"code": "success", "data": {"fuel_type": "petrol", "body_type": "suv", "vehicle_image": "https://cdn1.acedms.com/uploads/category/nissan/20190204070706000000-6158098911888990209.jpg"}, "prices_list": [{"part_name": "Wiper Blades", "price_min": "550", "price_max": "670"}, {"part_name": "Front Bumper", "price_min": "2830", "price_max": "3460"}, {"part_name": "Front Fender", "price_min": "2040", "price_max": "2500"}, {"part_name": "Bonnet", "price_min": "6760", "price_max": "8260"}, {"part_name": "Front Door", "price_min": "7800", "price_max": "9530"}, {"part_name": "Bootlid", "price_min": "8160", "price_max": "9980"}, {"part_name": "Front Windscreen Glass", "price_min": "3450", "price_max": "4210"}, {"part_name": "Side Mirrors", "price_min": "1530", "price_max": "1870"}, {"part_name": "Front Strut", "price_min": "2000", "price_max": "2450"}, {"part_name": "Front Suspension Lower Arm", "price_min": "2160", "price_max": "2640"}, {"part_name": "Suspension Overhaul", "price_min": "2880", "price_max": "3520"}]}}, {"trim": "xv 1.5 bs6", "model_org_name": "Kicks", "ex_showroom_price": 999990, "body_type": "suv", "model": "kicks", "model_id": "42461", "fuel_type": "petrol", "make_id": "411", "trim_id": "584731", "make": "nissan", "trim_org_name": "XV 1.5 BS6"}, {"trim": "xv 1.5 diesel", "model_org_name": "Kicks", "ex_showroom_price": 1478000, "body_type": "suv", "model": "kicks", "model_id": "42461", "fuel_type": "diesel", "make_id": "411", "trim_id": "518091", "make": "nissan", "trim_org_name": "XV 1.5 DIESEL", "data": {"code": "success", "data": {"fuel_type": "diesel", "body_type": "suv", "vehicle_image": "https://cdn1.acedms.com/uploads/category/nissan/20190204070706000000-6158098911888990209.jpg"}, "prices_list": [{"part_name": "Wiper Blades", "price_min": "550", "price_max": "670"}, {"part_name": "Front Bumper", "price_min": "2830", "price_max": "3460"}, {"part_name": "Front Fender", "price_min": "2040", "price_max": "2500"}, {"part_name": "Bonnet", "price_min": "6760", "price_max": "8260"}, {"part_name": "Front Door", "price_min": "7800", "price_max": "9530"}, {"part_name": "Bootlid", "price_min": "8160", "price_max": "9980"}, {"part_name": "Front Windscreen Glass", "price_min": "3450", "price_max": "4210"}, {"part_name": "Side Mirrors", "price_min": "1530", "price_max": "1870"}, {"part_name": "Front Strut", "price_min": "2000", "price_max": "2450"}, {"part_name": "Front Suspension Lower Arm", "price_min": "2160", "price_max": "2640"}, {"part_name": "Suspension Overhaul", "price_min": "3420", "price_max": "4180"}]}}, {"trim": "xv 1.5 petrol", "model_org_name": "Kicks", "ex_showroom_price": 1269000, "body_type": "suv", "model": "kicks", "model_id": "42461", "fuel_type": "petrol", "make_id": "411", "trim_id": "518141", "make": "nissan", "trim_org_name": "XV 1.5 PETROL", "data": {"code": "success", "data": {"fuel_type": "petrol", "body_type": "suv", "vehicle_image": "https://cdn1.acedms.com/uploads/category/nissan/20190204070706000000-6158098911888990209.jpg"}, "prices_list": [{"part_name": "Wiper Blades", "price_min": "550", "price_max": "670"}, {"part_name": "Front Bumper", "price_min": "2830", "price_max": "3460"}, {"part_name": "Front Fender", "price_min": "2040", "price_max": "2500"}, {"part_name": "Bonnet", "price_min": "6760", "price_max": "8260"}, {"part_name": "Front Door", "price_min": "7800", "price_max": "9530"}, {"part_name": "Bootlid", "price_min": "8160", "price_max": "9980"}, {"part_name": "Front Windscreen Glass", "price_min": "3450", "price_max": "4210"}, {"part_name": "Side Mirrors", "price_min": "1530", "price_max": "1870"}, {"part_name": "Front Strut", "price_min": "2000", "price_max": "2450"}, {"part_name": "Front Suspension Lower Arm", "price_min": "2160", "price_max": "2640"}, {"part_name": "Suspension Overhaul", "price_min": "2880", "price_max": "3520"}]}}, {"trim": "xv pre (o) 1.5 diesel", "model_org_name": "Kicks", "ex_showroom_price": 1465000, "body_type": "suv", "model": "kicks", "model_id": "42461", "fuel_type": "diesel", "make_id": "411", "trim_id": "518081", "make": "nissan", "trim_org_name": "XV PRE (O) 1.5 DIESEL", "data": {"code": "success", "data": {"fuel_type": "diesel", "body_type": "suv", "vehicle_image": "https://cdn1.acedms.com/uploads/category/nissan/20190204070706000000-6158098911888990209.jpg"}, "prices_list": [{"part_name": "Wiper Blades", "price_min": "550", "price_max": "670"}, {"part_name": "Front Bumper", "price_min": "2830", "price_max": "3460"}, {"part_name": "Front Fender", "price_min": "2040", "price_max": "2500"}, {"part_name": "Bonnet", "price_min": "6760", "price_max": "8260"}, {"part_name": "Front Door", "price_min": "7800", "price_max": "9530"}, {"part_name": "Bootlid", "price_min": "8160", "price_max": "9980"}, {"part_name": "Front Windscreen Glass", "price_min": "3450", "price_max": "4210"}, {"part_name": "Side Mirrors", "price_min": "1530", "price_max": "1870"}, {"part_name": "Front Strut", "price_min": "2000", "price_max": "2450"}, {"part_name": "Front Suspension Lower Arm", "price_min": "2160", "price_max": "2640"}, {"part_name": "Suspension Overhaul", "price_min": "3420", "price_max": "4180"}]}}, {"trim": "xv pre 1.5 diesel", "model_org_name": "Kicks", "ex_showroom_price": 1615000, "body_type": "suv", "model": "kicks", "model_id": "42461", "fuel_type": "diesel", "make_id": "411", "trim_id": "518131", "make": "nissan", "trim_org_name": "XV PRE 1.5 DIESEL", "data": {"code": "success", "data": {"fuel_type": "diesel", "body_type": "suv", "vehicle_image": "https://cdn1.acedms.com/uploads/category/nissan/20190204070706000000-6158098911888990209.jpg"}, "prices_list": [{"part_name": "Wiper Blades", "price_min": "550", "price_max": "670"}, {"part_name": "Front Bumper", "price_min": "2830", "price_max": "3460"}, {"part_name": "Front Fender", "price_min": "2040", "price_max": "2500"}, {"part_name": "Bonnet", "price_min": "6760", "price_max": "8260"}, {"part_name": "Front Door", "price_min": "7800", "price_max": "9530"}, {"part_name": "Bootlid", "price_min": "8160", "price_max": "9980"}, {"part_name": "Front Windscreen Glass", "price_min": "3450", "price_max": "4210"}, {"part_name": "Side Mirrors", "price_min": "1530", "price_max": "1870"}, {"part_name": "Front Strut", "price_min": "2000", "price_max": "2450"}, {"part_name": "Front Suspension Lower Arm", "price_min": "2160", "price_max": "2640"}, {"part_name": "Suspension Overhaul", "price_min": "3420", "price_max": "4180"}]}}, {"trim": "xv premium (o) turbo 1.3 bs6", "model_org_name": "Kicks", "ex_showroom_price": 1369990, "body_type": "suv", "model": "kicks", "model_id": "42461", "fuel_type": "petrol", "make_id": "411", "trim_id": "584735", "make": "nissan", "trim_org_name": "XV Premium (O) Turbo 1.3 BS6"}, {"trim": "xv premium (o) turbo 1.3 dual tone bs6", "model_org_name": "Kicks", "ex_showroom_price": 1389990, "body_type": "suv", "model": "kicks", "model_id": "42461", "fuel_type": "petrol", "make_id": "411", "trim_id": "584736", "make": "nissan", "trim_org_name": "XV Premium (O) Turbo 1.3 Dual Tone BS6"}, {"trim": "xv premium turbo 1.3 bs6", "model_org_name": "Kicks", "ex_showroom_price": 1264990, "body_type": "suv", "model": "kicks", "model_id": "42461", "fuel_type": "petrol", "make_id": "411", "trim_id": "584733", "make": "nissan", "trim_org_name": "XV Premium Turbo 1.3 BS6"}, {"trim": "xv premium turbo 1.3 cvt bs6", "model_org_name": "Kicks", "ex_showroom_price": 1414990, "body_type": "suv", "model": "kicks", "model_id": "42461", "fuel_type": "petrol", "make_id": "411", "trim_id": "584737", "make": "nissan", "trim_org_name": "XV Premium Turbo 1.3 CVT BS6"}, {"trim": "xv turbo 1.3 bs6", "model_org_name": "Kicks", "ex_showroom_price": 1184990, "body_type": "suv", "model": "kicks", "model_id": "42461", "fuel_type": "petrol", "make_id": "411", "trim_id": "584732", "make": "nissan", "trim_org_name": "XV Turbo 1.3 BS6"}, {"trim": "xv turbo 1.3 cvt bs6", "model_org_name": "Kicks", "ex_showroom_price": 1344990, "body_type": "suv", "model": "kicks", "model_id": "42461", "fuel_type": "petrol", "make_id": "411", "trim_id": "584734", "make": "nissan", "trim_org_name": "XV Turbo 1.3 CVT BS6"}]}, {"model_org_name": "Magnite", "ex_showroom_price": 550000, "body_type": "suv", "model": "magnite", "model_id": "70105", "make_id": "411", "make": "nissan", "trim_list": [{"trim": "petrol", "model_org_name": "Magnite", "ex_showroom_price": 550000, "body_type": "suv", "model": "magnite", "model_id": "70105", "fuel_type": "petrol", "make_id": "411", "trim_id": "584755", "make": "nissan", "trim_org_name": "PETROL"}]}, {"model_org_name": "Micra", "ex_showroom_price": 600000, "body_type": "hatchback", "model": "micra", "model_id": "5061", "make_id": "411", "make": "nissan", "trim_list": [{"trim": "dci xl comfort", "model_org_name": "Micra", "ex_showroom_price": 728000, "body_type": "hatchback", "model": "micra", "model_id": "5061", "fuel_type": "diesel", "make_id": "411", "trim_id": "481811", "make": "nissan", "trim_org_name": "DCI XL COMFORT", "data": {"code": "success", "data": {"fuel_type": "diesel", "body_type": "hatchback", "vehicle_image": "https://cdn1.acedms.com/uploads/category/nissan/20180920130731000000-4025570219390886913.jpg"}, "prices_list": [{"part_name": "Wiper Blades", "price_min": "500", "price_max": "610"}, {"part_name": "Front Bumper", "price_min": "1710", "price_max": "2090"}, {"part_name": "Front Fender", "price_min": "1330", "price_max": "1620"}, {"part_name": "Bonnet", "price_min": "3590", "price_max": "4380"}, {"part_name": "Front Door", "price_min": "4960", "price_max": "6060"}, {"part_name": "Bootlid", "price_min": "3970", "price_max": "4850"}, {"part_name": "Front Windscreen Glass", "price_min": "2880", "price_max": "3520"}, {"part_name": "Side Mirrors", "price_min": "1160", "price_max": "1420"}, {"part_name": "Front Strut", "price_min": "1480", "price_max": "1810"}, {"part_name": "Front Suspension Lower Arm", "price_min": "1490", "price_max": "1820"}, {"part_name": "Suspension Overhaul", "price_min": "2160", "price_max": "2640"}]}}, {"trim": "fashion edition", "model_org_name": "Micra", "ex_showroom_price": 609000, "body_type": "hatchback", "model": "micra", "model_id": "5061", "fuel_type": "petrol", "make_id": "411", "trim_id": "515761", "make": "nissan", "trim_org_name": "FASHION EDITION", "data": {"code": "success", "data": {"fuel_type": "petrol", "body_type": "hatchback", "vehicle_image": "https://cdn1.acedms.com/uploads/category/nissan/20180920130731000000-4025570219390886913.jpg"}, "prices_list": [{"part_name": "Wiper Blades", "price_min": "420", "price_max": "520"}, {"part_name": "Front Bumper", "price_min": "1480", "price_max": "1810"}, {"part_name": "Front Fender", "price_min": "1290", "price_max": "1580"}, {"part_name": "Bonnet", "price_min": "3260", "price_max": "3990"}, {"part_name": "Front Door", "price_min": "4820", "price_max": "5890"}, {"part_name": "Bootlid", "price_min": "3960", "price_max": "4840"}, {"part_name": "Front Windscreen Glass", "price_min": "2690", "price_max": "3290"}, {"part_name": "Side Mirrors", "price_min": "880", "price_max": "1070"}, {"part_name": "Front Strut", "price_min": "1300", "price_max": "1580"}, {"part_name": "Front Suspension Lower Arm", "price_min": "1230", "price_max": "1500"}, {"part_name": "Suspension Overhaul", "price_min": "2160", "price_max": "2640"}]}}, {"trim": "xe diesel", "model_org_name": "Micra", "ex_showroom_price": 575000, "body_type": "hatchback", "model": "micra", "model_id": "5061", "fuel_type": "diesel", "make_id": "411", "trim_id": "481661", "make": "nissan", "trim_org_name": "XE DIESEL", "data": {"code": "success", "data": {"fuel_type": "diesel", "body_type": "hatchback", "vehicle_image": "https://cdn1.acedms.com/uploads/category/nissan/20180920130731000000-4025570219390886913.jpg"}, "prices_list": [{"part_name": "Wiper Blades", "price_min": "500", "price_max": "610"}, {"part_name": "Front Bumper", "price_min": "1710", "price_max": "2090"}, {"part_name": "Front Fender", "price_min": "1330", "price_max": "1620"}, {"part_name": "Bonnet", "price_min": "3590", "price_max": "4380"}, {"part_name": "Front Door", "price_min": "4960", "price_max": "6060"}, {"part_name": "Bootlid", "price_min": "3970", "price_max": "4850"}, {"part_name": "Front Windscreen Glass", "price_min": "2880", "price_max": "3520"}, {"part_name": "Side Mirrors", "price_min": "1160", "price_max": "1420"}, {"part_name": "Front Strut", "price_min": "1480", "price_max": "1810"}, {"part_name": "Front Suspension Lower Arm", "price_min": "1490", "price_max": "1820"}, {"part_name": "Suspension Overhaul", "price_min": "2160", "price_max": "2640"}]}}, {"trim": "xe petrol", "model_org_name": "Micra", "ex_showroom_price": 520000, "body_type": "hatchback", "model": "micra", "model_id": "5061", "fuel_type": "petrol", "make_id": "411", "trim_id": "481551", "make": "nissan", "trim_org_name": "XE PETROL", "data": {"code": "success", "data": {"fuel_type": "petrol", "body_type": "hatchback", "vehicle_image": "https://cdn1.acedms.com/uploads/category/nissan/20180920130731000000-4025570219390886913.jpg"}, "prices_list": [{"part_name": "Wiper Blades", "price_min": "420", "price_max": "520"}, {"part_name": "Front Bumper", "price_min": "1480", "price_max": "1810"}, {"part_name": "Front Fender", "price_min": "1290", "price_max": "1580"}, {"part_name": "Bonnet", "price_min": "3260", "price_max": "3990"}, {"part_name": "Front Door", "price_min": "4820", "price_max": "5890"}, {"part_name": "Bootlid", "price_min": "3960", "price_max": "4840"}, {"part_name": "Front Windscreen Glass", "price_min": "2690", "price_max": "3290"}, {"part_name": "Side Mirrors", "price_min": "880", "price_max": "1070"}, {"part_name": "Front Strut", "price_min": "1300", "price_max": "1580"}, {"part_name": "Front Suspension Lower Arm", "price_min": "1230", "price_max": "1500"}, {"part_name": "Suspension Overhaul", "price_min": "2160", "price_max": "2640"}]}}, {"trim": "xe plus petrol", "model_org_name": "Micra", "ex_showroom_price": 471200, "body_type": "hatchback", "model": "micra", "model_id": "5061", "fuel_type": "petrol", "make_id": "411", "trim_id": "481591", "make": "nissan", "trim_org_name": "XE PLUS PETROL", "data": {"code": "success", "data": {"fuel_type": "petrol", "body_type": "hatchback", "vehicle_image": "https://cdn1.acedms.com/uploads/category/nissan/20180920130731000000-4025570219390886913.jpg"}, "prices_list": [{"part_name": "Wiper Blades", "price_min": "420", "price_max": "520"}, {"part_name": "Front Bumper", "price_min": "1480", "price_max": "1810"}, {"part_name": "Front Fender", "price_min": "1290", "price_max": "1580"}, {"part_name": "Bonnet", "price_min": "3260", "price_max": "3990"}, {"part_name": "Front Door", "price_min": "4820", "price_max": "5890"}, {"part_name": "Bootlid", "price_min": "3960", "price_max": "4840"}, {"part_name": "Front Windscreen Glass", "price_min": "2690", "price_max": "3290"}, {"part_name": "Side Mirrors", "price_min": "880", "price_max": "1070"}, {"part_name": "Front Strut", "price_min": "1300", "price_max": "1580"}, {"part_name": "Front Suspension Lower Arm", "price_min": "1230", "price_max": "1500"}, {"part_name": "Suspension Overhaul", "price_min": "2160", "price_max": "2640"}]}}, {"trim": "xl (o) cvt", "model_org_name": "Micra", "ex_showroom_price": 762000, "body_type": "hatchback", "model": "micra", "model_id": "5061", "fuel_type": "petrol", "make_id": "411", "trim_id": "534821", "make": "nissan", "trim_org_name": "XL (O) CVT"}, {"trim": "xl (o) diesel", "model_org_name": "Micra", "ex_showroom_price": 708700, "body_type": "hatchback", "model": "micra", "model_id": "5061", "fuel_type": "diesel", "make_id": "411", "trim_id": "481691", "make": "nissan", "trim_org_name": "XL (O) DIESEL", "data": {"code": "success", "data": {"fuel_type": "diesel", "body_type": "hatchback", "vehicle_image": "https://cdn1.acedms.com/uploads/category/nissan/20180920130731000000-4025570219390886913.jpg"}, "prices_list": [{"part_name": "Wiper Blades", "price_min": "500", "price_max": "610"}, {"part_name": "Front Bumper", "price_min": "1710", "price_max": "2090"}, {"part_name": "Front Fender", "price_min": "1330", "price_max": "1620"}, {"part_name": "Bonnet", "price_min": "3590", "price_max": "4380"}, {"part_name": "Front Door", "price_min": "4960", "price_max": "6060"}, {"part_name": "Bootlid", "price_min": "3970", "price_max": "4850"}, {"part_name": "Front Windscreen Glass", "price_min": "2880", "price_max": "3520"}, {"part_name": "Side Mirrors", "price_min": "1160", "price_max": "1420"}, {"part_name": "Front Strut", "price_min": "1480", "price_max": "1810"}, {"part_name": "Front Suspension Lower Arm", "price_min": "1490", "price_max": "1820"}, {"part_name": "Suspension Overhaul", "price_min": "2160", "price_max": "2640"}]}}, {"trim": "xl cvt", "model_org_name": "Micra", "ex_showroom_price": 599000, "body_type": "hatchback", "model": "micra", "model_id": "5061", "fuel_type": "petrol", "make_id": "411", "trim_id": "481681", "make": "nissan", "trim_org_name": "XL CVT", "data": {"code": "success", "data": {"fuel_type": "petrol", "body_type": "hatchback", "vehicle_image": "https://cdn1.acedms.com/uploads/category/nissan/20180920130731000000-4025570219390886913.jpg"}, "prices_list": [{"part_name": "Wiper Blades", "price_min": "420", "price_max": "520"}, {"part_name": "Front Bumper", "price_min": "1480", "price_max": "1810"}, {"part_name": "Front Fender", "price_min": "1290", "price_max": "1580"}, {"part_name": "Bonnet", "price_min": "3260", "price_max": "3990"}, {"part_name": "Front Door", "price_min": "4820", "price_max": "5890"}, {"part_name": "Bootlid", "price_min": "3960", "price_max": "4840"}, {"part_name": "Front Windscreen Glass", "price_min": "2690", "price_max": "3290"}, {"part_name": "Side Mirrors", "price_min": "880", "price_max": "1070"}, {"part_name": "Front Strut", "price_min": "1300", "price_max": "1580"}, {"part_name": "Front Suspension Lower Arm", "price_min": "1230", "price_max": "1500"}, {"part_name": "Suspension Overhaul", "price_min": "2160", "price_max": "2640"}]}}, {"trim": "xl diesel", "model_org_name": "Micra", "ex_showroom_price": 653800, "body_type": "hatchback", "model": "micra", "model_id": "5061", "fuel_type": "diesel", "make_id": "411", "trim_id": "481671", "make": "nissan", "trim_org_name": "XL DIESEL", "data": {"code": "success", "data": {"fuel_type": "diesel", "body_type": "hatchback", "vehicle_image": "https://cdn1.acedms.com/uploads/category/nissan/20180920130731000000-4025570219390886913.jpg"}, "prices_list": [{"part_name": "Wiper Blades", "price_min": "500", "price_max": "610"}, {"part_name": "Front Bumper", "price_min": "1710", "price_max": "2090"}, {"part_name": "Front Fender", "price_min": "1330", "price_max": "1620"}, {"part_name": "Bonnet", "price_min": "3590", "price_max": "4380"}, {"part_name": "Front Door", "price_min": "4960", "price_max": "6060"}, {"part_name": "Bootlid", "price_min": "3970", "price_max": "4850"}, {"part_name": "Front Windscreen Glass", "price_min": "2880", "price_max": "3520"}, {"part_name": "Side Mirrors", "price_min": "1160", "price_max": "1420"}, {"part_name": "Front Strut", "price_min": "1480", "price_max": "1810"}, {"part_name": "Front Suspension Lower Arm", "price_min": "1490", "price_max": "1820"}, {"part_name": "Suspension Overhaul", "price_min": "2160", "price_max": "2640"}]}}, {"trim": "xl optional", "model_org_name": "Micra", "ex_showroom_price": 492500, "body_type": "hatchback", "model": "micra", "model_id": "5061", "fuel_type": "petrol", "make_id": "411", "trim_id": "481761", "make": "nissan", "trim_org_name": "XL OPTIONAL"}, {"trim": "xl petrol", "model_org_name": "Micra", "ex_showroom_price": 473500, "body_type": "hatchback", "model": "micra", "model_id": "5061", "fuel_type": "petrol", "make_id": "411", "trim_id": "481561", "make": "nissan", "trim_org_name": "XL PETROL", "data": {"code": "success", "data": {"fuel_type": "petrol", "body_type": "hatchback", "vehicle_image": "https://cdn1.acedms.com/uploads/category/nissan/20180920130731000000-4025570219390886913.jpg"}, "prices_list": [{"part_name": "Wiper Blades", "price_min": "420", "price_max": "520"}, {"part_name": "Front Bumper", "price_min": "1480", "price_max": "1810"}, {"part_name": "Front Fender", "price_min": "1290", "price_max": "1580"}, {"part_name": "Bonnet", "price_min": "3260", "price_max": "3990"}, {"part_name": "Front Door", "price_min": "4820", "price_max": "5890"}, {"part_name": "Bootlid", "price_min": "3960", "price_max": "4840"}, {"part_name": "Front Windscreen Glass", "price_min": "2690", "price_max": "3290"}, {"part_name": "Side Mirrors", "price_min": "880", "price_max": "1070"}, {"part_name": "Front Strut", "price_min": "1300", "price_max": "1580"}, {"part_name": "Front Suspension Lower Arm", "price_min": "1230", "price_max": "1500"}, {"part_name": "Suspension Overhaul", "price_min": "2160", "price_max": "2640"}]}}, {"trim": "xv cvt", "model_org_name": "Micra", "ex_showroom_price": 892000, "body_type": "hatchback", "model": "micra", "model_id": "5061", "fuel_type": "petrol", "make_id": "411", "trim_id": "481631", "make": "nissan", "trim_org_name": "XV CVT", "data": {"code": "success", "data": {"fuel_type": "petrol", "body_type": "hatchback", "vehicle_image": "https://cdn1.acedms.com/uploads/category/nissan/20180920130731000000-4025570219390886913.jpg"}, "prices_list": [{"part_name": "Wiper Blades", "price_min": "420", "price_max": "520"}, {"part_name": "Front Bumper", "price_min": "1480", "price_max": "1810"}, {"part_name": "Front Fender", "price_min": "1290", "price_max": "1580"}, {"part_name": "Bonnet", "price_min": "3260", "price_max": "3990"}, {"part_name": "Front Door", "price_min": "4820", "price_max": "5890"}, {"part_name": "Bootlid", "price_min": "3960", "price_max": "4840"}, {"part_name": "Front Windscreen Glass", "price_min": "2690", "price_max": "3290"}, {"part_name": "Side Mirrors", "price_min": "880", "price_max": "1070"}, {"part_name": "Front Strut", "price_min": "1300", "price_max": "1580"}, {"part_name": "Front Suspension Lower Arm", "price_min": "1230", "price_max": "1500"}, {"part_name": "Suspension Overhaul", "price_min": "2160", "price_max": "2640"}]}}, {"trim": "xv diesel", "model_org_name": "Micra", "ex_showroom_price": 590500, "body_type": "hatchback", "model": "micra", "model_id": "5061", "fuel_type": "diesel", "make_id": "411", "trim_id": "481791", "make": "nissan", "trim_org_name": "XV DIESEL"}, {"trim": "xv petrol", "model_org_name": "Micra", "ex_showroom_price": 600000, "body_type": "hatchback", "model": "micra", "model_id": "5061", "fuel_type": "petrol", "make_id": "411", "trim_id": "481571", "make": "nissan", "trim_org_name": "XV PETROL", "data": {"code": "success", "data": {"fuel_type": "petrol", "body_type": "hatchback", "vehicle_image": "https://cdn1.acedms.com/uploads/category/nissan/20180920130731000000-4025570219390886913.jpg"}, "prices_list": [{"part_name": "Wiper Blades", "price_min": "420", "price_max": "520"}, {"part_name": "Front Bumper", "price_min": "1480", "price_max": "1810"}, {"part_name": "Front Fender", "price_min": "1290", "price_max": "1580"}, {"part_name": "Bonnet", "price_min": "3260", "price_max": "3990"}, {"part_name": "Front Door", "price_min": "4820", "price_max": "5890"}, {"part_name": "Bootlid", "price_min": "3960", "price_max": "4840"}, {"part_name": "Front Windscreen Glass", "price_min": "2690", "price_max": "3290"}, {"part_name": "Side Mirrors", "price_min": "880", "price_max": "1070"}, {"part_name": "Front Strut", "price_min": "1300", "price_max": "1580"}, {"part_name": "Front Suspension Lower Arm", "price_min": "1230", "price_max": "1500"}, {"part_name": "Suspension Overhaul", "price_min": "2160", "price_max": "2640"}]}}, {"trim": "xv premium diesel", "model_org_name": "Micra", "ex_showroom_price": 663900, "body_type": "hatchback", "model": "micra", "model_id": "5061", "fuel_type": "diesel", "make_id": "411", "trim_id": "481611", "make": "nissan", "trim_org_name": "XV PREMIUM DIESEL", "data": {"code": "success", "data": {"fuel_type": "diesel", "body_type": "hatchback", "vehicle_image": "https://cdn1.acedms.com/uploads/category/nissan/20180920130731000000-4025570219390886913.jpg"}, "prices_list": [{"part_name": "Wiper Blades", "price_min": "500", "price_max": "610"}, {"part_name": "Front Bumper", "price_min": "1710", "price_max": "2090"}, {"part_name": "Front Fender", "price_min": "1330", "price_max": "1620"}, {"part_name": "Bonnet", "price_min": "3590", "price_max": "4380"}, {"part_name": "Front Door", "price_min": "4960", "price_max": "6060"}, {"part_name": "Bootlid", "price_min": "3970", "price_max": "4850"}, {"part_name": "Front Windscreen Glass", "price_min": "2880", "price_max": "3520"}, {"part_name": "Side Mirrors", "price_min": "1160", "price_max": "1420"}, {"part_name": "Front Strut", "price_min": "1480", "price_max": "1810"}, {"part_name": "Front Suspension Lower Arm", "price_min": "1490", "price_max": "1820"}, {"part_name": "Suspension Overhaul", "price_min": "2160", "price_max": "2640"}]}}, {"trim": "xv primo", "model_org_name": "Micra", "ex_showroom_price": 600000, "body_type": "hatchback", "model": "micra", "model_id": "5061", "fuel_type": "petrol", "make_id": "411", "trim_id": "574141", "make": "nissan", "trim_org_name": "XV PRIMO"}, {"trim": "xv primo diesel", "model_org_name": "Micra", "ex_showroom_price": 600000, "body_type": "hatchback", "model": "micra", "model_id": "5061", "fuel_type": "diesel", "make_id": "411", "trim_id": "584635", "make": "nissan", "trim_org_name": "XV PRIMO DIESEL"}]}, {"model_org_name": "Micra Active", "ex_showroom_price": 533700, "body_type": "hatchback", "model": "micra active", "model_id": "5031", "make_id": "411", "make": "nissan", "trim_list": [{"trim": "xl", "model_org_name": "Micra Active", "ex_showroom_price": 600000, "body_type": "hatchback", "model": "micra active", "model_id": "5031", "fuel_type": "petrol", "make_id": "411", "trim_id": "27201", "make": "nissan", "trim_org_name": "XL"}, {"trim": "xl o", "model_org_name": "Micra Active", "ex_showroom_price": 641000, "body_type": "hatchback", "model": "micra active", "model_id": "5031", "fuel_type": "petrol", "make_id": "411", "trim_id": "534901", "make": "nissan", "trim_org_name": "XL O"}, {"trim": "xv", "model_org_name": "Micra Active", "ex_showroom_price": 681000, "body_type": "hatchback", "model": "micra active", "model_id": "5031", "fuel_type": "petrol", "make_id": "411", "trim_id": "27211", "make": "nissan", "trim_org_name": "XV", "data": {"code": "success", "data": {"fuel_type": "petrol", "body_type": "hatchback", "vehicle_image": "https://cdn1.acedms.com/uploads/category/nissan/20180920131016000000-5234220419994292225.jpg"}, "prices_list": [{"part_name": "Wiper Blades", "price_min": "420", "price_max": "520"}, {"part_name": "Front Bumper", "price_min": "1480", "price_max": "1810"}, {"part_name": "Front Fender", "price_min": "1290", "price_max": "1580"}, {"part_name": "Bonnet", "price_min": "3260", "price_max": "3990"}, {"part_name": "Front Door", "price_min": "4820", "price_max": "5890"}, {"part_name": "Bootlid", "price_min": "3960", "price_max": "4840"}, {"part_name": "Front Windscreen Glass", "price_min": "2690", "price_max": "3290"}, {"part_name": "Side Mirrors", "price_min": "880", "price_max": "1070"}, {"part_name": "Front Strut", "price_min": "1300", "price_max": "1580"}, {"part_name": "Front Suspension Lower Arm", "price_min": "1230", "price_max": "1500"}, {"part_name": "Suspension Overhaul", "price_min": "2160", "price_max": "2640"}]}}, {"trim": "xv s", "model_org_name": "Micra Active", "ex_showroom_price": 533700, "body_type": "hatchback", "model": "micra active", "model_id": "5031", "fuel_type": "petrol", "make_id": "411", "trim_id": "27231", "make": "nissan", "trim_org_name": "XV S", "data": {"code": "success", "data": {"fuel_type": "petrol", "body_type": "hatchback", "vehicle_image": "https://cdn1.acedms.com/uploads/category/nissan/20180920131016000000-5234220419994292225.jpg"}, "prices_list": [{"part_name": "Wiper Blades", "price_min": "420", "price_max": "520"}, {"part_name": "Front Bumper", "price_min": "1480", "price_max": "1810"}, {"part_name": "Front Fender", "price_min": "1290", "price_max": "1580"}, {"part_name": "Bonnet", "price_min": "3260", "price_max": "3990"}, {"part_name": "Front Door", "price_min": "4820", "price_max": "5890"}, {"part_name": "Bootlid", "price_min": "3960", "price_max": "4840"}, {"part_name": "Front Windscreen Glass", "price_min": "2690", "price_max": "3290"}, {"part_name": "Side Mirrors", "price_min": "880", "price_max": "1070"}, {"part_name": "Front Strut", "price_min": "1300", "price_max": "1580"}, {"part_name": "Front Suspension Lower Arm", "price_min": "1230", "price_max": "1500"}, {"part_name": "Suspension Overhaul", "price_min": "2160", "price_max": "2640"}]}}, {"trim": "xv safety pack", "model_org_name": "Micra Active", "ex_showroom_price": 550269, "body_type": "hatchback", "model": "micra active", "model_id": "5031", "fuel_type": "petrol", "make_id": "411", "trim_id": "27241", "make": "nissan", "trim_org_name": "XV SAFETY PACK", "data": {"code": "success", "data": {"fuel_type": "petrol", "body_type": "hatchback", "vehicle_image": "https://cdn1.acedms.com/uploads/category/nissan/20180920131016000000-5234220419994292225.jpg"}, "prices_list": [{"part_name": "Wiper Blades", "price_min": "420", "price_max": "520"}, {"part_name": "Front Bumper", "price_min": "1480", "price_max": "1810"}, {"part_name": "Front Fender", "price_min": "1290", "price_max": "1580"}, {"part_name": "Bonnet", "price_min": "3260", "price_max": "3990"}, {"part_name": "Front Door", "price_min": "4820", "price_max": "5890"}, {"part_name": "Bootlid", "price_min": "3960", "price_max": "4840"}, {"part_name": "Front Windscreen Glass", "price_min": "2690", "price_max": "3290"}, {"part_name": "Side Mirrors", "price_min": "880", "price_max": "1070"}, {"part_name": "Front Strut", "price_min": "1300", "price_max": "1580"}, {"part_name": "Front Suspension Lower Arm", "price_min": "1230", "price_max": "1500"}, {"part_name": "Suspension Overhaul", "price_min": "2160", "price_max": "2640"}]}}]}, {"model_org_name": "Sunny", "ex_showroom_price": 1142000, "body_type": "sedan", "model": "sunny", "model_id": "5051", "make_id": "411", "make": "nissan", "trim_list": [{"trim": "xe", "model_org_name": "Sunny", "ex_showroom_price": 699000, "body_type": "sedan", "model": "sunny", "model_id": "5051", "fuel_type": "petrol", "make_id": "411", "trim_id": "", "make": "nissan", "trim_org_name": ""}, {"trim": "xe diesel", "model_org_name": "Sunny", "ex_showroom_price": 993000, "body_type": "sedan", "model": "sunny", "model_id": "5051", "fuel_type": "diesel", "make_id": "411", "trim_id": "238201", "make": "nissan", "trim_org_name": "XE DIESEL", "data": {"code": "success", "data": {"fuel_type": "diesel", "body_type": "sedan", "vehicle_image": "https://cdn1.acedms.com/uploads/category/nissan/20171215065051000000-7029965833437790209.png"}, "prices_list": [{"part_name": "Wiper Blades", "price_min": "550", "price_max": "670"}, {"part_name": "Front Bumper", "price_min": "2030", "price_max": "2480"}, {"part_name": "Front Fender", "price_min": "1660", "price_max": "2030"}, {"part_name": "Bonnet", "price_min": "3980", "price_max": "4860"}, {"part_name": "Front Door", "price_min": "5980", "price_max": "7310"}, {"part_name": "Bootlid", "price_min": "4530", "price_max": "5540"}, {"part_name": "Front Windscreen Glass", "price_min": "3180", "price_max": "3880"}, {"part_name": "Side Mirrors", "price_min": "1370", "price_max": "1680"}, {"part_name": "Front Strut", "price_min": "1600", "price_max": "1960"}, {"part_name": "Front Suspension Lower Arm", "price_min": "1560", "price_max": "1900"}, {"part_name": "Suspension Overhaul", "price_min": "2700", "price_max": "3300"}]}}, {"trim": "xe petrol", "model_org_name": "Sunny", "ex_showroom_price": 797000, "body_type": "sedan", "model": "sunny", "model_id": "5051", "fuel_type": "petrol", "make_id": "411", "trim_id": "238001", "make": "nissan", "trim_org_name": "XE PETROL"}, {"trim": "xl cvt at", "model_org_name": "Sunny", "ex_showroom_price": 809000, "body_type": "sedan", "model": "sunny", "model_id": "5051", "fuel_type": "diesel", "make_id": "411", "trim_id": "238091", "make": "nissan", "trim_org_name": "XL CVT AT", "data": {"code": "success", "data": {"fuel_type": "petrol", "body_type": "sedan", "vehicle_image": "https://cdn1.acedms.com/uploads/category/nissan/20171215065051000000-7029965833437790209.png"}, "prices_list": [{"part_name": "Wiper Blades", "price_min": "540", "price_max": "660"}, {"part_name": "Front Bumper", "price_min": "2080", "price_max": "2540"}, {"part_name": "Front Fender", "price_min": "1720", "price_max": "2100"}, {"part_name": "Bonnet", "price_min": "4030", "price_max": "4920"}, {"part_name": "Front Door", "price_min": "6150", "price_max": "7520"}, {"part_name": "Bootlid", "price_min": "4690", "price_max": "5730"}, {"part_name": "Front Windscreen Glass", "price_min": "3130", "price_max": "3830"}, {"part_name": "Side Mirrors", "price_min": "1280", "price_max": "1560"}, {"part_name": "Front Strut", "price_min": "1600", "price_max": "1950"}, {"part_name": "Front Suspension Lower Arm", "price_min": "1650", "price_max": "2020"}, {"part_name": "Suspension Overhaul", "price_min": "2430", "price_max": "2970"}]}}, {"trim": "xl diesel", "model_org_name": "Sunny", "ex_showroom_price": 1051000, "body_type": "sedan", "model": "sunny", "model_id": "5051", "fuel_type": "diesel", "make_id": "411", "trim_id": "238071", "make": "nissan", "trim_org_name": "XL DIESEL", "data": {"code": "success", "data": {"fuel_type": "diesel", "body_type": "sedan", "vehicle_image": "https://cdn1.acedms.com/uploads/category/nissan/20171215065051000000-7029965833437790209.png"}, "prices_list": [{"part_name": "Wiper Blades", "price_min": "550", "price_max": "670"}, {"part_name": "Front Bumper", "price_min": "2030", "price_max": "2480"}, {"part_name": "Front Fender", "price_min": "1660", "price_max": "2030"}, {"part_name": "Bonnet", "price_min": "3980", "price_max": "4860"}, {"part_name": "Front Door", "price_min": "5980", "price_max": "7310"}, {"part_name": "Bootlid", "price_min": "4530", "price_max": "5540"}, {"part_name": "Front Windscreen Glass", "price_min": "3180", "price_max": "3880"}, {"part_name": "Side Mirrors", "price_min": "1370", "price_max": "1680"}, {"part_name": "Front Strut", "price_min": "1600", "price_max": "1960"}, {"part_name": "Front Suspension Lower Arm", "price_min": "1560", "price_max": "1900"}, {"part_name": "Suspension Overhaul", "price_min": "2700", "price_max": "3300"}]}}, {"trim": "xl petrol", "model_org_name": "Sunny", "ex_showroom_price": 942000, "body_type": "sedan", "model": "sunny", "model_id": "5051", "fuel_type": "petrol", "make_id": "411", "trim_id": "238021", "make": "nissan", "trim_org_name": "XL PETROL", "data": {"code": "success", "data": {"fuel_type": "petrol", "body_type": "sedan", "vehicle_image": "https://cdn1.acedms.com/uploads/category/nissan/20171215065051000000-7029965833437790209.png"}, "prices_list": [{"part_name": "Wiper Blades", "price_min": "540", "price_max": "660"}, {"part_name": "Front Bumper", "price_min": "2080", "price_max": "2540"}, {"part_name": "Front Fender", "price_min": "1720", "price_max": "2100"}, {"part_name": "Bonnet", "price_min": "4030", "price_max": "4920"}, {"part_name": "Front Door", "price_min": "6150", "price_max": "7520"}, {"part_name": "Bootlid", "price_min": "4690", "price_max": "5730"}, {"part_name": "Front Windscreen Glass", "price_min": "3130", "price_max": "3830"}, {"part_name": "Side Mirrors", "price_min": "1280", "price_max": "1560"}, {"part_name": "Front Strut", "price_min": "1600", "price_max": "1950"}, {"part_name": "Front Suspension Lower Arm", "price_min": "1650", "price_max": "2020"}, {"part_name": "Suspension Overhaul", "price_min": "2430", "price_max": "2970"}]}}, {"trim": "xv cvt", "model_org_name": "Sunny", "ex_showroom_price": 1115000, "body_type": "sedan", "model": "sunny", "model_id": "5051", "fuel_type": "petrol", "make_id": "411", "trim_id": "238131", "make": "nissan", "trim_org_name": "XV CVT", "data": {"code": "success", "data": {"fuel_type": "petrol", "body_type": "sedan", "vehicle_image": "https://cdn1.acedms.com/uploads/category/nissan/20171215065051000000-7029965833437790209.png"}, "prices_list": [{"part_name": "Wiper Blades", "price_min": "540", "price_max": "660"}, {"part_name": "Front Bumper", "price_min": "2080", "price_max": "2540"}, {"part_name": "Front Fender", "price_min": "1720", "price_max": "2100"}, {"part_name": "Bonnet", "price_min": "4030", "price_max": "4920"}, {"part_name": "Front Door", "price_min": "6150", "price_max": "7520"}, {"part_name": "Bootlid", "price_min": "4690", "price_max": "5730"}, {"part_name": "Front Windscreen Glass", "price_min": "3130", "price_max": "3830"}, {"part_name": "Side Mirrors", "price_min": "1280", "price_max": "1560"}, {"part_name": "Front Strut", "price_min": "1600", "price_max": "1950"}, {"part_name": "Front Suspension Lower Arm", "price_min": "1650", "price_max": "2020"}, {"part_name": "Suspension Overhaul", "price_min": "2430", "price_max": "2970"}]}}, {"trim": "xv d premium leather", "model_org_name": "Sunny", "ex_showroom_price": 896000, "body_type": "sedan", "model": "sunny", "model_id": "5051", "fuel_type": "diesel", "make_id": "411", "trim_id": "238161", "make": "nissan", "trim_org_name": "XV D PREMIUM LEATHER", "data": {"code": "success", "data": {"fuel_type": "diesel", "body_type": "sedan", "vehicle_image": "https://cdn1.acedms.com/uploads/category/nissan/20171215065051000000-7029965833437790209.png"}, "prices_list": [{"part_name": "Wiper Blades", "price_min": "550", "price_max": "670"}, {"part_name": "Front Bumper", "price_min": "2030", "price_max": "2480"}, {"part_name": "Front Fender", "price_min": "1660", "price_max": "2030"}, {"part_name": "Bonnet", "price_min": "3980", "price_max": "4860"}, {"part_name": "Front Door", "price_min": "5980", "price_max": "7310"}, {"part_name": "Bootlid", "price_min": "4530", "price_max": "5540"}, {"part_name": "Front Windscreen Glass", "price_min": "3180", "price_max": "3880"}, {"part_name": "Side Mirrors", "price_min": "1370", "price_max": "1680"}, {"part_name": "Front Strut", "price_min": "1600", "price_max": "1960"}, {"part_name": "Front Suspension Lower Arm", "price_min": "1560", "price_max": "1900"}, {"part_name": "Suspension Overhaul", "price_min": "2700", "price_max": "3300"}]}}, {"trim": "xv d premium safety", "model_org_name": "Sunny", "ex_showroom_price": 1082011, "body_type": "sedan", "model": "sunny", "model_id": "5051", "fuel_type": "diesel", "make_id": "411", "trim_id": "238141", "make": "nissan", "trim_org_name": "XV D PREMIUM SAFETY", "data": {"code": "success", "data": {"fuel_type": "diesel", "body_type": "sedan", "vehicle_image": "https://cdn1.acedms.com/uploads/category/nissan/20171215065051000000-7029965833437790209.png"}, "prices_list": [{"part_name": "Wiper Blades", "price_min": "550", "price_max": "670"}, {"part_name": "Front Bumper", "price_min": "2030", "price_max": "2480"}, {"part_name": "Front Fender", "price_min": "1660", "price_max": "2030"}, {"part_name": "Bonnet", "price_min": "3980", "price_max": "4860"}, {"part_name": "Front Door", "price_min": "5980", "price_max": "7310"}, {"part_name": "Bootlid", "price_min": "4530", "price_max": "5540"}, {"part_name": "Front Windscreen Glass", "price_min": "3180", "price_max": "3880"}, {"part_name": "Side Mirrors", "price_min": "1370", "price_max": "1680"}, {"part_name": "Front Strut", "price_min": "1600", "price_max": "1960"}, {"part_name": "Front Suspension Lower Arm", "price_min": "1560", "price_max": "1900"}, {"part_name": "Suspension Overhaul", "price_min": "2700", "price_max": "3300"}]}}, {"trim": "xv diesel", "model_org_name": "Sunny", "ex_showroom_price": 1142000, "body_type": "sedan", "model": "sunny", "model_id": "5051", "fuel_type": "diesel", "make_id": "411", "trim_id": "238081", "make": "nissan", "trim_org_name": "XV DIESEL", "data": {"code": "success", "data": {"fuel_type": "diesel", "body_type": "sedan", "vehicle_image": "https://cdn1.acedms.com/uploads/category/nissan/20171215065051000000-7029965833437790209.png"}, "prices_list": [{"part_name": "Wiper Blades", "price_min": "550", "price_max": "670"}, {"part_name": "Front Bumper", "price_min": "2030", "price_max": "2480"}, {"part_name": "Front Fender", "price_min": "1660", "price_max": "2030"}, {"part_name": "Bonnet", "price_min": "3980", "price_max": "4860"}, {"part_name": "Front Door", "price_min": "5980", "price_max": "7310"}, {"part_name": "Bootlid", "price_min": "4530", "price_max": "5540"}, {"part_name": "Front Windscreen Glass", "price_min": "3180", "price_max": "3880"}, {"part_name": "Side Mirrors", "price_min": "1370", "price_max": "1680"}, {"part_name": "Front Strut", "price_min": "1600", "price_max": "1960"}, {"part_name": "Front Suspension Lower Arm", "price_min": "1560", "price_max": "1900"}, {"part_name": "Suspension Overhaul", "price_min": "2700", "price_max": "3300"}]}}, {"trim": "xv petrol", "model_org_name": "Sunny", "ex_showroom_price": 1052011, "body_type": "sedan", "model": "sunny", "model_id": "5051", "fuel_type": "petrol", "make_id": "411", "trim_id": "238061", "make": "nissan", "trim_org_name": "XV PETROL", "data": {"code": "success", "data": {"fuel_type": "petrol", "body_type": "sedan", "vehicle_image": "https://cdn1.acedms.com/uploads/category/nissan/20171215065051000000-7029965833437790209.png"}, "prices_list": [{"part_name": "Wiper Blades", "price_min": "540", "price_max": "660"}, {"part_name": "Front Bumper", "price_min": "2080", "price_max": "2540"}, {"part_name": "Front Fender", "price_min": "1720", "price_max": "2100"}, {"part_name": "Bonnet", "price_min": "4030", "price_max": "4920"}, {"part_name": "Front Door", "price_min": "6150", "price_max": "7520"}, {"part_name": "Bootlid", "price_min": "4690", "price_max": "5730"}, {"part_name": "Front Windscreen Glass", "price_min": "3130", "price_max": "3830"}, {"part_name": "Side Mirrors", "price_min": "1280", "price_max": "1560"}, {"part_name": "Front Strut", "price_min": "1600", "price_max": "1950"}, {"part_name": "Front Suspension Lower Arm", "price_min": "1650", "price_max": "2020"}, {"part_name": "Suspension Overhaul", "price_min": "2430", "price_max": "2970"}]}}]}, {"model_org_name": "Teana", "ex_showroom_price": 2628500, "body_type": "sedan", "model": "teana", "model_id": "5071", "make_id": "411", "make": "nissan", "trim_list": [{"trim": "230jm", "model_org_name": "Teana", "ex_showroom_price": 2047700, "body_type": "sedan", "model": "teana", "model_id": "5071", "fuel_type": "petrol", "make_id": "411", "trim_id": "27651", "make": "nissan", "trim_org_name": "230JM", "data": {"code": "success", "data": {"fuel_type": "petrol", "body_type": "sedan", "vehicle_image": "https://cdn1.acedms.com/uploads/category/nissan/20171215072137000000-4593803789076229633.png"}, "prices_list": [{"part_name": "Wiper Blades", "price_min": "540", "price_max": "660"}, {"part_name": "Front Bumper", "price_min": "2080", "price_max": "2540"}, {"part_name": "Front Fender", "price_min": "1720", "price_max": "2100"}, {"part_name": "Bonnet", "price_min": "4030", "price_max": "4920"}, {"part_name": "Front Door", "price_min": "6150", "price_max": "7520"}, {"part_name": "Bootlid", "price_min": "4690", "price_max": "5730"}, {"part_name": "Front Windscreen Glass", "price_min": "3130", "price_max": "3830"}, {"part_name": "Side Mirrors", "price_min": "1280", "price_max": "1560"}, {"part_name": "Front Strut", "price_min": "1600", "price_max": "1950"}, {"part_name": "Front Suspension Lower Arm", "price_min": "1650", "price_max": "2020"}, {"part_name": "Suspension Overhaul", "price_min": "2430", "price_max": "2970"}]}}, {"trim": "250 xl", "model_org_name": "Teana", "ex_showroom_price": 2116900, "body_type": "sedan", "model": "teana", "model_id": "5071", "fuel_type": "petrol", "make_id": "411", "trim_id": "27661", "make": "nissan", "trim_org_name": "250 XL", "data": {"code": "success", "data": {"fuel_type": "petrol", "body_type": "sedan", "vehicle_image": "https://cdn1.acedms.com/uploads/category/nissan/20171215072137000000-4593803789076229633.png"}, "prices_list": [{"part_name": "Wiper Blades", "price_min": "540", "price_max": "660"}, {"part_name": "Front Bumper", "price_min": "2080", "price_max": "2540"}, {"part_name": "Front Fender", "price_min": "1720", "price_max": "2100"}, {"part_name": "Bonnet", "price_min": "4030", "price_max": "4920"}, {"part_name": "Front Door", "price_min": "6150", "price_max": "7520"}, {"part_name": "Bootlid", "price_min": "4690", "price_max": "5730"}, {"part_name": "Front Windscreen Glass", "price_min": "3130", "price_max": "3830"}, {"part_name": "Side Mirrors", "price_min": "1280", "price_max": "1560"}, {"part_name": "Front Strut", "price_min": "1600", "price_max": "1950"}, {"part_name": "Front Suspension Lower Arm", "price_min": "1650", "price_max": "2020"}, {"part_name": "Suspension Overhaul", "price_min": "2430", "price_max": "2970"}]}}, {"trim": "250 xv", "model_org_name": "Teana", "ex_showroom_price": 2628500, "body_type": "sedan", "model": "teana", "model_id": "5071", "fuel_type": "petrol", "make_id": "411", "trim_id": "27671", "make": "nissan", "trim_org_name": "250 XV", "data": {"code": "success", "data": {"fuel_type": "petrol", "body_type": "sedan", "vehicle_image": "https://cdn1.acedms.com/uploads/category/nissan/20171215072137000000-4593803789076229633.png"}, "prices_list": [{"part_name": "Wiper Blades", "price_min": "540", "price_max": "660"}, {"part_name": "Front Bumper", "price_min": "2080", "price_max": "2540"}, {"part_name": "Front Fender", "price_min": "1720", "price_max": "2100"}, {"part_name": "Bonnet", "price_min": "4030", "price_max": "4920"}, {"part_name": "Front Door", "price_min": "6150", "price_max": "7520"}, {"part_name": "Bootlid", "price_min": "4690", "price_max": "5730"}, {"part_name": "Front Windscreen Glass", "price_min": "3130", "price_max": "3830"}, {"part_name": "Side Mirrors", "price_min": "1280", "price_max": "1560"}, {"part_name": "Front Strut", "price_min": "1600", "price_max": "1950"}, {"part_name": "Front Suspension Lower Arm", "price_min": "1650", "price_max": "2020"}, {"part_name": "Suspension Overhaul", "price_min": "2430", "price_max": "2970"}]}}, {"trim": "mid", "model_org_name": "Teana", "ex_showroom_price": 2006600, "body_type": "sedan", "model": "teana", "model_id": "5071", "fuel_type": "diesel", "make_id": "411", "trim_id": "27631", "make": "nissan", "trim_org_name": "MID", "data": {"code": "success", "data": {"fuel_type": "diesel", "body_type": "sedan", "vehicle_image": "https://cdn1.acedms.com/uploads/category/nissan/20171215072137000000-4593803789076229633.png"}, "prices_list": [{"part_name": "Wiper Blades", "price_min": "550", "price_max": "670"}, {"part_name": "Front Bumper", "price_min": "2030", "price_max": "2480"}, {"part_name": "Front Fender", "price_min": "1660", "price_max": "2030"}, {"part_name": "Bonnet", "price_min": "3980", "price_max": "4860"}, {"part_name": "Front Door", "price_min": "5980", "price_max": "7310"}, {"part_name": "Bootlid", "price_min": "4530", "price_max": "5540"}, {"part_name": "Front Windscreen Glass", "price_min": "3180", "price_max": "3880"}, {"part_name": "Side Mirrors", "price_min": "1370", "price_max": "1680"}, {"part_name": "Front Strut", "price_min": "1600", "price_max": "1960"}, {"part_name": "Front Suspension Lower Arm", "price_min": "1560", "price_max": "1900"}, {"part_name": "Suspension Overhaul", "price_min": "2700", "price_max": "3300"}]}}, {"trim": "upper", "model_org_name": "Teana", "ex_showroom_price": 2367200, "body_type": "sedan", "model": "teana", "model_id": "5071", "fuel_type": "petrol", "make_id": "411", "trim_id": "27641", "make": "nissan", "trim_org_name": "UPPER", "data": {"code": "success", "data": {"fuel_type": "petrol", "body_type": "sedan", "vehicle_image": "https://cdn1.acedms.com/uploads/category/nissan/20171215072137000000-4593803789076229633.png"}, "prices_list": [{"part_name": "Wiper Blades", "price_min": "540", "price_max": "660"}, {"part_name": "Front Bumper", "price_min": "2080", "price_max": "2540"}, {"part_name": "Front Fender", "price_min": "1720", "price_max": "2100"}, {"part_name": "Bonnet", "price_min": "4030", "price_max": "4920"}, {"part_name": "Front Door", "price_min": "6150", "price_max": "7520"}, {"part_name": "Bootlid", "price_min": "4690", "price_max": "5730"}, {"part_name": "Front Windscreen Glass", "price_min": "3130", "price_max": "3830"}, {"part_name": "Side Mirrors", "price_min": "1280", "price_max": "1560"}, {"part_name": "Front Strut", "price_min": "1600", "price_max": "1950"}, {"part_name": "Front Suspension Lower Arm", "price_min": "1650", "price_max": "2020"}, {"part_name": "Suspension Overhaul", "price_min": "2430", "price_max": "2970"}]}}]}, {"model_org_name": "Terra", "ex_showroom_price": 2000000, "body_type": "suv", "model": "terra", "model_id": "49221", "make_id": "411", "make": "nissan", "trim_list": [{"trim": "diesel", "model_org_name": "Terra", "ex_showroom_price": 2000000, "body_type": "suv", "model": "terra", "model_id": "49221", "fuel_type": "diesel", "make_id": "411", "trim_id": "536471", "make": "nissan", "trim_org_name": "DIESEL"}]}, {"model_org_name": "Terrano", "ex_showroom_price": 1395000, "body_type": "suv", "model": "terrano", "model_id": "5081", "make_id": "411", "make": "nissan", "trim_list": [{"trim": "xe d", "model_org_name": "Terrano", "ex_showroom_price": 1181000, "body_type": "suv", "model": "terrano", "model_id": "5081", "fuel_type": "diesel", "make_id": "411", "trim_id": "459211", "make": "nissan", "trim_org_name": "XE D", "data": {"code": "success", "data": {"fuel_type": "diesel", "body_type": "suv", "vehicle_image": "https://cdn1.acedms.com/uploads/category/nissan/20171215064829000000-1459546503011069441.png"}, "prices_list": [{"part_name": "Wiper Blades", "price_min": "550", "price_max": "670"}, {"part_name": "Front Bumper", "price_min": "2830", "price_max": "3460"}, {"part_name": "Front Fender", "price_min": "2040", "price_max": "2500"}, {"part_name": "Bonnet", "price_min": "6760", "price_max": "8260"}, {"part_name": "Front Door", "price_min": "7800", "price_max": "9530"}, {"part_name": "Bootlid", "price_min": "8160", "price_max": "9980"}, {"part_name": "Front Windscreen Glass", "price_min": "3450", "price_max": "4210"}, {"part_name": "Side Mirrors", "price_min": "1530", "price_max": "1870"}, {"part_name": "Front Strut", "price_min": "2000", "price_max": "2450"}, {"part_name": "Front Suspension Lower Arm", "price_min": "2160", "price_max": "2640"}, {"part_name": "Suspension Overhaul", "price_min": "3420", "price_max": "4180"}]}}, {"trim": "xl d", "model_org_name": "Terrano", "ex_showroom_price": 1043800, "body_type": "suv", "model": "terrano", "model_id": "5081", "fuel_type": "diesel", "make_id": "411", "trim_id": "459141", "make": "nissan", "trim_org_name": "XL D", "data": {"code": "success", "data": {"fuel_type": "diesel", "body_type": "suv", "vehicle_image": "https://cdn1.acedms.com/uploads/category/nissan/20171215064829000000-1459546503011069441.png"}, "prices_list": [{"part_name": "Wiper Blades", "price_min": "550", "price_max": "670"}, {"part_name": "Front Bumper", "price_min": "2830", "price_max": "3460"}, {"part_name": "Front Fender", "price_min": "2040", "price_max": "2500"}, {"part_name": "Bonnet", "price_min": "6760", "price_max": "8260"}, {"part_name": "Front Door", "price_min": "7800", "price_max": "9530"}, {"part_name": "Bootlid", "price_min": "8160", "price_max": "9980"}, {"part_name": "Front Windscreen Glass", "price_min": "3450", "price_max": "4210"}, {"part_name": "Side Mirrors", "price_min": "1530", "price_max": "1870"}, {"part_name": "Front Strut", "price_min": "2000", "price_max": "2450"}, {"part_name": "Front Suspension Lower Arm", "price_min": "2160", "price_max": "2640"}, {"part_name": "Suspension Overhaul", "price_min": "3420", "price_max": "4180"}]}}, {"trim": "xl d opt", "model_org_name": "Terrano", "ex_showroom_price": 1504000, "body_type": "suv", "model": "terrano", "model_id": "5081", "fuel_type": "diesel", "make_id": "411", "trim_id": "459351", "make": "nissan", "trim_org_name": "XL D OPT", "data": {"code": "success", "data": {"fuel_type": "diesel", "body_type": "suv", "vehicle_image": "https://cdn1.acedms.com/uploads/category/nissan/20171215064829000000-1459546503011069441.png"}, "prices_list": [{"part_name": "Wiper Blades", "price_min": "550", "price_max": "670"}, {"part_name": "Front Bumper", "price_min": "2830", "price_max": "3460"}, {"part_name": "Front Fender", "price_min": "2040", "price_max": "2500"}, {"part_name": "Bonnet", "price_min": "6760", "price_max": "8260"}, {"part_name": "Front Door", "price_min": "7800", "price_max": "9530"}, {"part_name": "Bootlid", "price_min": "8160", "price_max": "9980"}, {"part_name": "Front Windscreen Glass", "price_min": "3450", "price_max": "4210"}, {"part_name": "Side Mirrors", "price_min": "1530", "price_max": "1870"}, {"part_name": "Front Strut", "price_min": "2000", "price_max": "2450"}, {"part_name": "Front Suspension Lower Arm", "price_min": "2160", "price_max": "2640"}, {"part_name": "Suspension Overhaul", "price_min": "3420", "price_max": "4180"}]}}, {"trim": "xl d plus", "model_org_name": "Terrano", "ex_showroom_price": 1178000, "body_type": "suv", "model": "terrano", "model_id": "5081", "fuel_type": "diesel", "make_id": "411", "trim_id": "459131", "make": "nissan", "trim_org_name": "XL D PLUS", "data": {"code": "success", "data": {"fuel_type": "diesel", "body_type": "suv", "vehicle_image": "https://cdn1.acedms.com/uploads/category/nissan/20171215064829000000-1459546503011069441.png"}, "prices_list": [{"part_name": "Wiper Blades", "price_min": "550", "price_max": "670"}, {"part_name": "Front Bumper", "price_min": "2830", "price_max": "3460"}, {"part_name": "Front Fender", "price_min": "2040", "price_max": "2500"}, {"part_name": "Bonnet", "price_min": "6760", "price_max": "8260"}, {"part_name": "Front Door", "price_min": "7800", "price_max": "9530"}, {"part_name": "Bootlid", "price_min": "8160", "price_max": "9980"}, {"part_name": "Front Windscreen Glass", "price_min": "3450", "price_max": "4210"}, {"part_name": "Side Mirrors", "price_min": "1530", "price_max": "1870"}, {"part_name": "Front Strut", "price_min": "2000", "price_max": "2450"}, {"part_name": "Front Suspension Lower Arm", "price_min": "2160", "price_max": "2640"}, {"part_name": "Suspension Overhaul", "price_min": "3420", "price_max": "4180"}]}}, {"trim": "xl d thp 110 ps", "model_org_name": "Terrano", "ex_showroom_price": 1076300, "body_type": "suv", "model": "terrano", "model_id": "5081", "fuel_type": "diesel", "make_id": "411", "trim_id": "459191", "make": "nissan", "trim_org_name": "XL D THP 110 PS", "data": {"code": "success", "data": {"fuel_type": "diesel", "body_type": "suv", "vehicle_image": "https://cdn1.acedms.com/uploads/category/nissan/20171215064829000000-1459546503011069441.png"}, "prices_list": [{"part_name": "Wiper Blades", "price_min": "550", "price_max": "670"}, {"part_name": "Front Bumper", "price_min": "2830", "price_max": "3460"}, {"part_name": "Front Fender", "price_min": "2040", "price_max": "2500"}, {"part_name": "Bonnet", "price_min": "6760", "price_max": "8260"}, {"part_name": "Front Door", "price_min": "7800", "price_max": "9530"}, {"part_name": "Bootlid", "price_min": "8160", "price_max": "9980"}, {"part_name": "Front Windscreen Glass", "price_min": "3450", "price_max": "4210"}, {"part_name": "Side Mirrors", "price_min": "1530", "price_max": "1870"}, {"part_name": "Front Strut", "price_min": "2000", "price_max": "2450"}, {"part_name": "Front Suspension Lower Arm", "price_min": "2160", "price_max": "2640"}, {"part_name": "Suspension Overhaul", "price_min": "3420", "price_max": "4180"}]}}, {"trim": "xl p", "model_org_name": "Terrano", "ex_showroom_price": 1175000, "body_type": "suv", "model": "terrano", "model_id": "5081", "fuel_type": "petrol", "make_id": "411", "trim_id": "459171", "make": "nissan", "trim_org_name": "XL P", "data": {"code": "success", "data": {"fuel_type": "petrol", "body_type": "suv", "vehicle_image": "https://cdn1.acedms.com/uploads/category/nissan/20171215064829000000-1459546503011069441.png"}, "prices_list": [{"part_name": "Wiper Blades", "price_min": "550", "price_max": "670"}, {"part_name": "Front Bumper", "price_min": "2830", "price_max": "3460"}, {"part_name": "Front Fender", "price_min": "2040", "price_max": "2500"}, {"part_name": "Bonnet", "price_min": "6760", "price_max": "8260"}, {"part_name": "Front Door", "price_min": "7800", "price_max": "9530"}, {"part_name": "Bootlid", "price_min": "8160", "price_max": "9980"}, {"part_name": "Front Windscreen Glass", "price_min": "3450", "price_max": "4210"}, {"part_name": "Side Mirrors", "price_min": "1530", "price_max": "1870"}, {"part_name": "Front Strut", "price_min": "2000", "price_max": "2450"}, {"part_name": "Front Suspension Lower Arm", "price_min": "2160", "price_max": "2640"}, {"part_name": "Suspension Overhaul", "price_min": "2880", "price_max": "3520"}]}}, {"trim": "xl plus 85 ps", "model_org_name": "Terrano", "ex_showroom_price": 1125600, "body_type": "suv", "model": "terrano", "model_id": "5081", "fuel_type": "diesel", "make_id": "411", "trim_id": "459291", "make": "nissan", "trim_org_name": "XL PLUS 85 PS", "data": {"code": "success", "data": {"fuel_type": "diesel", "body_type": "suv", "vehicle_image": "https://cdn1.acedms.com/uploads/category/nissan/20171215064829000000-1459546503011069441.png"}, "prices_list": [{"part_name": "Wiper Blades", "price_min": "550", "price_max": "670"}, {"part_name": "Front Bumper", "price_min": "2830", "price_max": "3460"}, {"part_name": "Front Fender", "price_min": "2040", "price_max": "2500"}, {"part_name": "Bonnet", "price_min": "6760", "price_max": "8260"}, {"part_name": "Front Door", "price_min": "7800", "price_max": "9530"}, {"part_name": "Bootlid", "price_min": "8160", "price_max": "9980"}, {"part_name": "Front Windscreen Glass", "price_min": "3450", "price_max": "4210"}, {"part_name": "Side Mirrors", "price_min": "1530", "price_max": "1870"}, {"part_name": "Front Strut", "price_min": "2000", "price_max": "2450"}, {"part_name": "Front Suspension Lower Arm", "price_min": "2160", "price_max": "2640"}, {"part_name": "Suspension Overhaul", "price_min": "3420", "price_max": "4180"}]}}, {"trim": "xv d thp 110 ps", "model_org_name": "Terrano", "ex_showroom_price": 1242000, "body_type": "suv", "model": "terrano", "model_id": "5081", "fuel_type": "diesel", "make_id": "411", "trim_id": "459231", "make": "nissan", "trim_org_name": "XV D THP 110 PS", "data": {"code": "success", "data": {"fuel_type": "diesel", "body_type": "suv", "vehicle_image": "https://cdn1.acedms.com/uploads/category/nissan/20171215064829000000-1459546503011069441.png"}, "prices_list": [{"part_name": "Wiper Blades", "price_min": "550", "price_max": "670"}, {"part_name": "Front Bumper", "price_min": "2830", "price_max": "3460"}, {"part_name": "Front Fender", "price_min": "2040", "price_max": "2500"}, {"part_name": "Bonnet", "price_min": "6760", "price_max": "8260"}, {"part_name": "Front Door", "price_min": "7800", "price_max": "9530"}, {"part_name": "Bootlid", "price_min": "8160", "price_max": "9980"}, {"part_name": "Front Windscreen Glass", "price_min": "3450", "price_max": "4210"}, {"part_name": "Side Mirrors", "price_min": "1530", "price_max": "1870"}, {"part_name": "Front Strut", "price_min": "2000", "price_max": "2450"}, {"part_name": "Front Suspension Lower Arm", "price_min": "2160", "price_max": "2640"}, {"part_name": "Suspension Overhaul", "price_min": "3420", "price_max": "4180"}]}}, {"trim": "xv d thp premium 110 ps", "model_org_name": "Terrano", "ex_showroom_price": 1253900, "body_type": "suv", "model": "terrano", "model_id": "5081", "fuel_type": "diesel", "make_id": "411", "trim_id": "459201", "make": "nissan", "trim_org_name": "XV D THP PREMIUM 110 PS"}, {"trim": "xv premium auto drive", "model_org_name": "Terrano", "ex_showroom_price": 1772000, "body_type": "suv", "model": "terrano", "model_id": "5081", "fuel_type": "diesel", "make_id": "411", "trim_id": "515781", "make": "nissan", "trim_org_name": "XV PREMIUM AUTO DRIVE", "data": {"code": "success", "data": {"fuel_type": "diesel", "body_type": "suv", "vehicle_image": "https://cdn1.acedms.com/uploads/category/nissan/20171215064829000000-1459546503011069441.png"}, "prices_list": [{"part_name": "Wiper Blades", "price_min": "550", "price_max": "670"}, {"part_name": "Front Bumper", "price_min": "2830", "price_max": "3460"}, {"part_name": "Front Fender", "price_min": "2040", "price_max": "2500"}, {"part_name": "Bonnet", "price_min": "6760", "price_max": "8260"}, {"part_name": "Front Door", "price_min": "7800", "price_max": "9530"}, {"part_name": "Bootlid", "price_min": "8160", "price_max": "9980"}, {"part_name": "Front Windscreen Glass", "price_min": "3450", "price_max": "4210"}, {"part_name": "Side Mirrors", "price_min": "1530", "price_max": "1870"}, {"part_name": "Front Strut", "price_min": "2000", "price_max": "2450"}, {"part_name": "Front Suspension Lower Arm", "price_min": "2160", "price_max": "2640"}, {"part_name": "Suspension Overhaul", "price_min": "3420", "price_max": "4180"}]}}, {"trim": "xv premium d", "model_org_name": "Terrano", "ex_showroom_price": 1717000, "body_type": "suv", "model": "terrano", "model_id": "5081", "fuel_type": "diesel", "make_id": "411", "trim_id": "515771", "make": "nissan", "trim_org_name": "XV PREMIUM D", "data": {"code": "success", "data": {"fuel_type": "diesel", "body_type": "suv", "vehicle_image": "https://cdn1.acedms.com/uploads/category/nissan/20171215064829000000-1459546503011069441.png"}, "prices_list": [{"part_name": "Wiper Blades", "price_min": "550", "price_max": "670"}, {"part_name": "Front Bumper", "price_min": "2830", "price_max": "3460"}, {"part_name": "Front Fender", "price_min": "2040", "price_max": "2500"}, {"part_name": "Bonnet", "price_min": "6760", "price_max": "8260"}, {"part_name": "Front Door", "price_min": "7800", "price_max": "9530"}, {"part_name": "Bootlid", "price_min": "8160", "price_max": "9980"}, {"part_name": "Front Windscreen Glass", "price_min": "3450", "price_max": "4210"}, {"part_name": "Side Mirrors", "price_min": "1530", "price_max": "1870"}, {"part_name": "Front Strut", "price_min": "2000", "price_max": "2450"}, {"part_name": "Front Suspension Lower Arm", "price_min": "2160", "price_max": "2640"}, {"part_name": "Suspension Overhaul", "price_min": "3420", "price_max": "4180"}]}}, {"trim": "xvd premium amt", "model_org_name": "Terrano", "ex_showroom_price": 1395000, "body_type": "suv", "model": "terrano", "model_id": "5081", "fuel_type": "diesel", "make_id": "411", "trim_id": "459321", "make": "nissan", "trim_org_name": "XVD PREMIUM AMT", "data": {"code": "success", "data": {"fuel_type": "diesel", "body_type": "suv", "vehicle_image": "https://cdn1.acedms.com/uploads/category/nissan/20171215064829000000-1459546503011069441.png"}, "prices_list": [{"part_name": "Wiper Blades", "price_min": "550", "price_max": "670"}, {"part_name": "Front Bumper", "price_min": "2830", "price_max": "3460"}, {"part_name": "Front Fender", "price_min": "2040", "price_max": "2500"}, {"part_name": "Bonnet", "price_min": "6760", "price_max": "8260"}, {"part_name": "Front Door", "price_min": "7800", "price_max": "9530"}, {"part_name": "Bootlid", "price_min": "8160", "price_max": "9980"}, {"part_name": "Front Windscreen Glass", "price_min": "3450", "price_max": "4210"}, {"part_name": "Side Mirrors", "price_min": "1530", "price_max": "1870"}, {"part_name": "Front Strut", "price_min": "2000", "price_max": "2450"}, {"part_name": "Front Suspension Lower Arm", "price_min": "2160", "price_max": "2640"}, {"part_name": "Suspension Overhaul", "price_min": "3420", "price_max": "4180"}]}}]}, {"model_org_name": "X-Trail", "ex_showroom_price": 2187200, "body_type": "suv", "model": "x-trail", "model_id": "5101", "make_id": "411", "make": "nissan", "trim_list": [{"trim": "comfort", "model_org_name": "X-Trail", "ex_showroom_price": 1954500, "body_type": "suv", "model": "x-trail", "model_id": "5101", "fuel_type": "diesel", "make_id": "411", "trim_id": "27881", "make": "nissan", "trim_org_name": "COMFORT", "data": {"code": "success", "data": {"fuel_type": "diesel", "body_type": "suv", "vehicle_image": "https://cdn1.acedms.com/uploads/category/nissan/20171215071603000000-2794306183427513345.png"}, "prices_list": [{"part_name": "Wiper Blades", "price_min": "550", "price_max": "670"}, {"part_name": "Front Bumper", "price_min": "2830", "price_max": "3460"}, {"part_name": "Front Fender", "price_min": "2040", "price_max": "2500"}, {"part_name": "Bonnet", "price_min": "6760", "price_max": "8260"}, {"part_name": "Front Door", "price_min": "7800", "price_max": "9530"}, {"part_name": "Bootlid", "price_min": "8160", "price_max": "9980"}, {"part_name": "Front Windscreen Glass", "price_min": "3450", "price_max": "4210"}, {"part_name": "Side Mirrors", "price_min": "1530", "price_max": "1870"}, {"part_name": "Front Strut", "price_min": "2000", "price_max": "2450"}, {"part_name": "Front Suspension Lower Arm", "price_min": "2160", "price_max": "2640"}, {"part_name": "Suspension Overhaul", "price_min": "3420", "price_max": "4180"}]}}, {"trim": "elegance", "model_org_name": "X-Trail", "ex_showroom_price": 2413500, "body_type": "suv", "model": "x-trail", "model_id": "5101", "fuel_type": "diesel", "make_id": "411", "trim_id": "27891", "make": "nissan", "trim_org_name": "ELEGANCE", "data": {"code": "success", "data": {"fuel_type": "diesel", "body_type": "suv", "vehicle_image": "https://cdn1.acedms.com/uploads/category/nissan/20171215071603000000-2794306183427513345.png"}, "prices_list": [{"part_name": "Wiper Blades", "price_min": "550", "price_max": "670"}, {"part_name": "Front Bumper", "price_min": "2830", "price_max": "3460"}, {"part_name": "Front Fender", "price_min": "2040", "price_max": "2500"}, {"part_name": "Bonnet", "price_min": "6760", "price_max": "8260"}, {"part_name": "Front Door", "price_min": "7800", "price_max": "9530"}, {"part_name": "Bootlid", "price_min": "8160", "price_max": "9980"}, {"part_name": "Front Windscreen Glass", "price_min": "3450", "price_max": "4210"}, {"part_name": "Side Mirrors", "price_min": "1530", "price_max": "1870"}, {"part_name": "Front Strut", "price_min": "2000", "price_max": "2450"}, {"part_name": "Front Suspension Lower Arm", "price_min": "2160", "price_max": "2640"}, {"part_name": "Suspension Overhaul", "price_min": "3420", "price_max": "4180"}]}}, {"trim": "hybrid", "model_org_name": "X-Trail", "ex_showroom_price": 3000000, "body_type": "suv", "model": "x-trail", "model_id": "5101", "fuel_type": "diesel", "make_id": "411", "trim_id": "518191", "make": "nissan", "trim_org_name": "HYBRID", "data": {"code": "success", "data": {"fuel_type": "diesel", "body_type": "suv", "vehicle_image": "https://cdn1.acedms.com/uploads/category/nissan/20171215071603000000-2794306183427513345.png"}, "prices_list": [{"part_name": "Wiper Blades", "price_min": "550", "price_max": "670"}, {"part_name": "Front Bumper", "price_min": "2830", "price_max": "3460"}, {"part_name": "Front Fender", "price_min": "2040", "price_max": "2500"}, {"part_name": "Bonnet", "price_min": "6760", "price_max": "8260"}, {"part_name": "Front Door", "price_min": "7800", "price_max": "9530"}, {"part_name": "Bootlid", "price_min": "8160", "price_max": "9980"}, {"part_name": "Front Windscreen Glass", "price_min": "3450", "price_max": "4210"}, {"part_name": "Side Mirrors", "price_min": "1530", "price_max": "1870"}, {"part_name": "Front Strut", "price_min": "2000", "price_max": "2450"}, {"part_name": "Front Suspension Lower Arm", "price_min": "2160", "price_max": "2640"}, {"part_name": "Suspension Overhaul", "price_min": "3420", "price_max": "4180"}]}}, {"trim": "le", "model_org_name": "X-Trail", "ex_showroom_price": 2128400, "body_type": "suv", "model": "x-trail", "model_id": "5101", "fuel_type": "diesel", "make_id": "411", "trim_id": "27851", "make": "nissan", "trim_org_name": "LE", "data": {"code": "success", "data": {"fuel_type": "diesel", "body_type": "suv", "vehicle_image": "https://cdn1.acedms.com/uploads/category/nissan/20171215071603000000-2794306183427513345.png"}, "prices_list": [{"part_name": "Wiper Blades", "price_min": "550", "price_max": "670"}, {"part_name": "Front Bumper", "price_min": "2830", "price_max": "3460"}, {"part_name": "Front Fender", "price_min": "2040", "price_max": "2500"}, {"part_name": "Bonnet", "price_min": "6760", "price_max": "8260"}, {"part_name": "Front Door", "price_min": "7800", "price_max": "9530"}, {"part_name": "Bootlid", "price_min": "8160", "price_max": "9980"}, {"part_name": "Front Windscreen Glass", "price_min": "3450", "price_max": "4210"}, {"part_name": "Side Mirrors", "price_min": "1530", "price_max": "1870"}, {"part_name": "Front Strut", "price_min": "2000", "price_max": "2450"}, {"part_name": "Front Suspension Lower Arm", "price_min": "2160", "price_max": "2640"}, {"part_name": "Suspension Overhaul", "price_min": "3420", "price_max": "4180"}]}}, {"trim": "slx at", "model_org_name": "X-Trail", "ex_showroom_price": 2349900, "body_type": "suv", "model": "x-trail", "model_id": "5101", "fuel_type": "diesel", "make_id": "411", "trim_id": "27901", "make": "nissan", "trim_org_name": "SLX AT", "data": {"code": "success", "data": {"fuel_type": "diesel", "body_type": "suv", "vehicle_image": "https://cdn1.acedms.com/uploads/category/nissan/20171215071603000000-2794306183427513345.png"}, "prices_list": [{"part_name": "Wiper Blades", "price_min": "550", "price_max": "670"}, {"part_name": "Front Bumper", "price_min": "2830", "price_max": "3460"}, {"part_name": "Front Fender", "price_min": "2040", "price_max": "2500"}, {"part_name": "Bonnet", "price_min": "6760", "price_max": "8260"}, {"part_name": "Front Door", "price_min": "7800", "price_max": "9530"}, {"part_name": "Bootlid", "price_min": "8160", "price_max": "9980"}, {"part_name": "Front Windscreen Glass", "price_min": "3450", "price_max": "4210"}, {"part_name": "Side Mirrors", "price_min": "1530", "price_max": "1870"}, {"part_name": "Front Strut", "price_min": "2000", "price_max": "2450"}, {"part_name": "Front Suspension Lower Arm", "price_min": "2160", "price_max": "2640"}, {"part_name": "Suspension Overhaul", "price_min": "3420", "price_max": "4180"}]}}, {"trim": "slx mt", "model_org_name": "X-Trail", "ex_showroom_price": 2187200, "body_type": "suv", "model": "x-trail", "model_id": "5101", "fuel_type": "diesel", "make_id": "411", "trim_id": "27911", "make": "nissan", "trim_org_name": "SLX MT", "data": {"code": "success", "data": {"fuel_type": "diesel", "body_type": "suv", "vehicle_image": "https://cdn1.acedms.com/uploads/category/nissan/20171215071603000000-2794306183427513345.png"}, "prices_list": [{"part_name": "Wiper Blades", "price_min": "550", "price_max": "670"}, {"part_name": "Front Bumper", "price_min": "2830", "price_max": "3460"}, {"part_name": "Front Fender", "price_min": "2040", "price_max": "2500"}, {"part_name": "Bonnet", "price_min": "6760", "price_max": "8260"}, {"part_name": "Front Door", "price_min": "7800", "price_max": "9530"}, {"part_name": "Bootlid", "price_min": "8160", "price_max": "9980"}, {"part_name": "Front Windscreen Glass", "price_min": "3450", "price_max": "4210"}, {"part_name": "Side Mirrors", "price_min": "1530", "price_max": "1870"}, {"part_name": "Front Strut", "price_min": "2000", "price_max": "2450"}, {"part_name": "Front Suspension Lower Arm", "price_min": "2160", "price_max": "2640"}, {"part_name": "Suspension Overhaul", "price_min": "3420", "price_max": "4180"}]}}]}]}