{"value": "Opel", "data-make-id": "721", "model_list": [{"model_org_name": "ASTRA", "ex_showroom_price": 677900, "body_type": "sedan", "model": "astra", "model_id": "7111", "make_id": "721", "make": "opel", "trim_list": [{"trim": "1.6", "model_org_name": "ASTRA", "ex_showroom_price": 658700, "body_type": "sedan", "model": "astra", "model_id": "7111", "fuel_type": "petrol", "make_id": "721", "trim_id": "36541", "make": "opel", "trim_org_name": "1.6", "data": {"code": "success", "data": {"fuel_type": "petrol", "body_type": "sedan", "vehicle_image": "https://cdn1.acedms.com/uploads/category/opel/20171106062803000000-4013487007780971521.png"}, "prices_list": [{"part_name": "Wiper Blades", "price_min": "540", "price_max": "660"}, {"part_name": "Front Bumper", "price_min": "2080", "price_max": "2540"}, {"part_name": "Front Fender", "price_min": "1720", "price_max": "2100"}, {"part_name": "Bonnet", "price_min": "4030", "price_max": "4920"}, {"part_name": "Front Door", "price_min": "6150", "price_max": "7520"}, {"part_name": "Bootlid", "price_min": "4690", "price_max": "5730"}, {"part_name": "Front Windscreen Glass", "price_min": "3130", "price_max": "3830"}, {"part_name": "Side Mirrors", "price_min": "1280", "price_max": "1560"}, {"part_name": "Front Strut", "price_min": "1600", "price_max": "1950"}, {"part_name": "Front Suspension Lower Arm", "price_min": "1650", "price_max": "2020"}, {"part_name": "Suspension Overhaul", "price_min": "2430", "price_max": "2970"}]}}, {"trim": "1.6 advantage", "model_org_name": "ASTRA", "ex_showroom_price": 723600, "body_type": "sedan", "model": "astra", "model_id": "7111", "fuel_type": "petrol", "make_id": "721", "trim_id": "36621", "make": "opel", "trim_org_name": "1.6 ADVANTAGE", "data": {"code": "success", "data": {"fuel_type": "petrol", "body_type": "sedan", "vehicle_image": "https://cdn1.acedms.com/uploads/category/opel/20171106062803000000-4013487007780971521.png"}, "prices_list": [{"part_name": "Wiper Blades", "price_min": "540", "price_max": "660"}, {"part_name": "Front Bumper", "price_min": "2080", "price_max": "2540"}, {"part_name": "Front Fender", "price_min": "1720", "price_max": "2100"}, {"part_name": "Bonnet", "price_min": "4030", "price_max": "4920"}, {"part_name": "Front Door", "price_min": "6150", "price_max": "7520"}, {"part_name": "Bootlid", "price_min": "4690", "price_max": "5730"}, {"part_name": "Front Windscreen Glass", "price_min": "3130", "price_max": "3830"}, {"part_name": "Side Mirrors", "price_min": "1280", "price_max": "1560"}, {"part_name": "Front Strut", "price_min": "1600", "price_max": "1950"}, {"part_name": "Front Suspension Lower Arm", "price_min": "1650", "price_max": "2020"}, {"part_name": "Suspension Overhaul", "price_min": "2430", "price_max": "2970"}]}}, {"trim": "1.6 club", "model_org_name": "ASTRA", "ex_showroom_price": 668800, "body_type": "sedan", "model": "astra", "model_id": "7111", "fuel_type": "petrol", "make_id": "721", "trim_id": "36601", "make": "opel", "trim_org_name": "1.6 CLUB", "data": {"code": "success", "data": {"fuel_type": "petrol", "body_type": "sedan", "vehicle_image": "https://cdn1.acedms.com/uploads/category/opel/20171106062803000000-4013487007780971521.png"}, "prices_list": [{"part_name": "Wiper Blades", "price_min": "540", "price_max": "660"}, {"part_name": "Front Bumper", "price_min": "2080", "price_max": "2540"}, {"part_name": "Front Fender", "price_min": "1720", "price_max": "2100"}, {"part_name": "Bonnet", "price_min": "4030", "price_max": "4920"}, {"part_name": "Front Door", "price_min": "6150", "price_max": "7520"}, {"part_name": "Bootlid", "price_min": "4690", "price_max": "5730"}, {"part_name": "Front Windscreen Glass", "price_min": "3130", "price_max": "3830"}, {"part_name": "Side Mirrors", "price_min": "1280", "price_max": "1560"}, {"part_name": "Front Strut", "price_min": "1600", "price_max": "1950"}, {"part_name": "Front Suspension Lower Arm", "price_min": "1650", "price_max": "2020"}, {"part_name": "Suspension Overhaul", "price_min": "2430", "price_max": "2970"}]}}, {"trim": "1.6 club at", "model_org_name": "ASTRA", "ex_showroom_price": 708000, "body_type": "sedan", "model": "astra", "model_id": "7111", "fuel_type": "petrol", "make_id": "721", "trim_id": "36631", "make": "opel", "trim_org_name": "1.6 CLUB AT", "data": {"code": "success", "data": {"fuel_type": "petrol", "body_type": "sedan", "vehicle_image": "https://cdn1.acedms.com/uploads/category/opel/20171106062803000000-4013487007780971521.png"}, "prices_list": [{"part_name": "Wiper Blades", "price_min": "540", "price_max": "660"}, {"part_name": "Front Bumper", "price_min": "2080", "price_max": "2540"}, {"part_name": "Front Fender", "price_min": "1720", "price_max": "2100"}, {"part_name": "Bonnet", "price_min": "4030", "price_max": "4920"}, {"part_name": "Front Door", "price_min": "6150", "price_max": "7520"}, {"part_name": "Bootlid", "price_min": "4690", "price_max": "5730"}, {"part_name": "Front Windscreen Glass", "price_min": "3130", "price_max": "3830"}, {"part_name": "Side Mirrors", "price_min": "1280", "price_max": "1560"}, {"part_name": "Front Strut", "price_min": "1600", "price_max": "1950"}, {"part_name": "Front Suspension Lower Arm", "price_min": "1650", "price_max": "2020"}, {"part_name": "Suspension Overhaul", "price_min": "2430", "price_max": "2970"}]}}, {"trim": "1.6 gli", "model_org_name": "ASTRA", "ex_showroom_price": 629700, "body_type": "sedan", "model": "astra", "model_id": "7111", "fuel_type": "petrol", "make_id": "721", "trim_id": "36661", "make": "opel", "trim_org_name": "1.6 GLI", "data": {"code": "success", "data": {"fuel_type": "petrol", "body_type": "sedan", "vehicle_image": "https://cdn1.acedms.com/uploads/category/opel/20171106062803000000-4013487007780971521.png"}, "prices_list": [{"part_name": "Wiper Blades", "price_min": "540", "price_max": "660"}, {"part_name": "Front Bumper", "price_min": "2080", "price_max": "2540"}, {"part_name": "Front Fender", "price_min": "1720", "price_max": "2100"}, {"part_name": "Bonnet", "price_min": "4030", "price_max": "4920"}, {"part_name": "Front Door", "price_min": "6150", "price_max": "7520"}, {"part_name": "Bootlid", "price_min": "4690", "price_max": "5730"}, {"part_name": "Front Windscreen Glass", "price_min": "3130", "price_max": "3830"}, {"part_name": "Side Mirrors", "price_min": "1280", "price_max": "1560"}, {"part_name": "Front Strut", "price_min": "1600", "price_max": "1950"}, {"part_name": "Front Suspension Lower Arm", "price_min": "1650", "price_max": "2020"}, {"part_name": "Suspension Overhaul", "price_min": "2430", "price_max": "2970"}]}}, {"trim": "1.6 metro", "model_org_name": "ASTRA", "ex_showroom_price": 677900, "body_type": "sedan", "model": "astra", "model_id": "7111", "fuel_type": "petrol", "make_id": "721", "trim_id": "36551", "make": "opel", "trim_org_name": "1.6 METRO", "data": {"code": "success", "data": {"fuel_type": "petrol", "body_type": "sedan", "vehicle_image": "https://cdn1.acedms.com/uploads/category/opel/20171106062803000000-4013487007780971521.png"}, "prices_list": [{"part_name": "Wiper Blades", "price_min": "540", "price_max": "660"}, {"part_name": "Front Bumper", "price_min": "2080", "price_max": "2540"}, {"part_name": "Front Fender", "price_min": "1720", "price_max": "2100"}, {"part_name": "Bonnet", "price_min": "4030", "price_max": "4920"}, {"part_name": "Front Door", "price_min": "6150", "price_max": "7520"}, {"part_name": "Bootlid", "price_min": "4690", "price_max": "5730"}, {"part_name": "Front Windscreen Glass", "price_min": "3130", "price_max": "3830"}, {"part_name": "Side Mirrors", "price_min": "1280", "price_max": "1560"}, {"part_name": "Front Strut", "price_min": "1600", "price_max": "1950"}, {"part_name": "Front Suspension Lower Arm", "price_min": "1650", "price_max": "2020"}, {"part_name": "Suspension Overhaul", "price_min": "2430", "price_max": "2970"}]}}, {"trim": "1.6 my99", "model_org_name": "ASTRA", "ex_showroom_price": 725700, "body_type": "sedan", "model": "astra", "model_id": "7111", "fuel_type": "petrol", "make_id": "721", "trim_id": "36561", "make": "opel", "trim_org_name": "1.6 MY99", "data": {"code": "success", "data": {"fuel_type": "petrol", "body_type": "sedan", "vehicle_image": "https://cdn1.acedms.com/uploads/category/opel/20171106062803000000-4013487007780971521.png"}, "prices_list": [{"part_name": "Wiper Blades", "price_min": "540", "price_max": "660"}, {"part_name": "Front Bumper", "price_min": "2080", "price_max": "2540"}, {"part_name": "Front Fender", "price_min": "1720", "price_max": "2100"}, {"part_name": "Bonnet", "price_min": "4030", "price_max": "4920"}, {"part_name": "Front Door", "price_min": "6150", "price_max": "7520"}, {"part_name": "Bootlid", "price_min": "4690", "price_max": "5730"}, {"part_name": "Front Windscreen Glass", "price_min": "3130", "price_max": "3830"}, {"part_name": "Side Mirrors", "price_min": "1280", "price_max": "1560"}, {"part_name": "Front Strut", "price_min": "1600", "price_max": "1950"}, {"part_name": "Front Suspension Lower Arm", "price_min": "1650", "price_max": "2020"}, {"part_name": "Suspension Overhaul", "price_min": "2430", "price_max": "2970"}]}}, {"trim": "1.7 advantage", "model_org_name": "ASTRA", "ex_showroom_price": 711800, "body_type": "sedan", "model": "astra", "model_id": "7111", "fuel_type": "petrol", "make_id": "721", "trim_id": "36641", "make": "opel", "trim_org_name": "1.7 ADVANTAGE", "data": {"code": "success", "data": {"fuel_type": "petrol", "body_type": "sedan", "vehicle_image": "https://cdn1.acedms.com/uploads/category/opel/20171106062803000000-4013487007780971521.png"}, "prices_list": [{"part_name": "Wiper Blades", "price_min": "540", "price_max": "660"}, {"part_name": "Front Bumper", "price_min": "2080", "price_max": "2540"}, {"part_name": "Front Fender", "price_min": "1720", "price_max": "2100"}, {"part_name": "Bonnet", "price_min": "4030", "price_max": "4920"}, {"part_name": "Front Door", "price_min": "6150", "price_max": "7520"}, {"part_name": "Bootlid", "price_min": "4690", "price_max": "5730"}, {"part_name": "Front Windscreen Glass", "price_min": "3130", "price_max": "3830"}, {"part_name": "Side Mirrors", "price_min": "1280", "price_max": "1560"}, {"part_name": "Front Strut", "price_min": "1600", "price_max": "1950"}, {"part_name": "Front Suspension Lower Arm", "price_min": "1650", "price_max": "2020"}, {"part_name": "Suspension Overhaul", "price_min": "2430", "price_max": "2970"}]}}, {"trim": "1.7 club", "model_org_name": "ASTRA", "ex_showroom_price": 682700, "body_type": "sedan", "model": "astra", "model_id": "7111", "fuel_type": "petrol", "make_id": "721", "trim_id": "36611", "make": "opel", "trim_org_name": "1.7 CLUB", "data": {"code": "success", "data": {"fuel_type": "petrol", "body_type": "sedan", "vehicle_image": "https://cdn1.acedms.com/uploads/category/opel/20171106062803000000-4013487007780971521.png"}, "prices_list": [{"part_name": "Wiper Blades", "price_min": "540", "price_max": "660"}, {"part_name": "Front Bumper", "price_min": "2080", "price_max": "2540"}, {"part_name": "Front Fender", "price_min": "1720", "price_max": "2100"}, {"part_name": "Bonnet", "price_min": "4030", "price_max": "4920"}, {"part_name": "Front Door", "price_min": "6150", "price_max": "7520"}, {"part_name": "Bootlid", "price_min": "4690", "price_max": "5730"}, {"part_name": "Front Windscreen Glass", "price_min": "3130", "price_max": "3830"}, {"part_name": "Side Mirrors", "price_min": "1280", "price_max": "1560"}, {"part_name": "Front Strut", "price_min": "1600", "price_max": "1950"}, {"part_name": "Front Suspension Lower Arm", "price_min": "1650", "price_max": "2020"}, {"part_name": "Suspension Overhaul", "price_min": "2430", "price_max": "2970"}]}}]}, {"model_org_name": "Corsa", "ex_showroom_price": 451200, "body_type": "hatchback", "model": "corsa", "model_id": "7101", "make_id": "721", "make": "opel", "trim_list": [{"trim": "1.4 gl", "model_org_name": "Corsa", "ex_showroom_price": 527800, "body_type": "hatchback", "model": "corsa", "model_id": "7101", "fuel_type": "petrol", "make_id": "721", "trim_id": "36481", "make": "opel", "trim_org_name": "1.4 GL", "data": {"code": "success", "data": {"fuel_type": "petrol", "body_type": "hatchback", "vehicle_image": "https://cdn1.acedms.com/photos/stock/2016-09-05/94de806a99d49f7018e16cb83dab7380.jpeg"}, "prices_list": [{"part_name": "Wiper Blades", "price_min": "420", "price_max": "520"}, {"part_name": "Front Bumper", "price_min": "1480", "price_max": "1810"}, {"part_name": "Front Fender", "price_min": "1290", "price_max": "1580"}, {"part_name": "Bonnet", "price_min": "3260", "price_max": "3990"}, {"part_name": "Front Door", "price_min": "4820", "price_max": "5890"}, {"part_name": "Bootlid", "price_min": "3960", "price_max": "4840"}, {"part_name": "Front Windscreen Glass", "price_min": "2690", "price_max": "3290"}, {"part_name": "Side Mirrors", "price_min": "880", "price_max": "1070"}, {"part_name": "Front Strut", "price_min": "1300", "price_max": "1580"}, {"part_name": "Front Suspension Lower Arm", "price_min": "1230", "price_max": "1500"}, {"part_name": "Suspension Overhaul", "price_min": "2160", "price_max": "2640"}]}}, {"trim": "1.4 gls", "model_org_name": "Corsa", "ex_showroom_price": 468500, "body_type": "hatchback", "model": "corsa", "model_id": "7101", "fuel_type": "petrol", "make_id": "721", "trim_id": "36491", "make": "opel", "trim_org_name": "1.4 GLS"}, {"trim": "1.4 gsi", "model_org_name": "Corsa", "ex_showroom_price": 470700, "body_type": "hatchback", "model": "corsa", "model_id": "7101", "fuel_type": "petrol", "make_id": "721", "trim_id": "36441", "make": "opel", "trim_org_name": "1.4 GSI", "data": {"code": "success", "data": {"fuel_type": "petrol", "body_type": "hatchback", "vehicle_image": "https://cdn1.acedms.com/photos/stock/2016-09-05/94de806a99d49f7018e16cb83dab7380.jpeg"}, "prices_list": [{"part_name": "Wiper Blades", "price_min": "420", "price_max": "520"}, {"part_name": "Front Bumper", "price_min": "1480", "price_max": "1810"}, {"part_name": "Front Fender", "price_min": "1290", "price_max": "1580"}, {"part_name": "Bonnet", "price_min": "3260", "price_max": "3990"}, {"part_name": "Front Door", "price_min": "4820", "price_max": "5890"}, {"part_name": "Bootlid", "price_min": "3960", "price_max": "4840"}, {"part_name": "Front Windscreen Glass", "price_min": "2690", "price_max": "3290"}, {"part_name": "Side Mirrors", "price_min": "880", "price_max": "1070"}, {"part_name": "Front Strut", "price_min": "1300", "price_max": "1580"}, {"part_name": "Front Suspension Lower Arm", "price_min": "1230", "price_max": "1500"}, {"part_name": "Suspension Overhaul", "price_min": "2160", "price_max": "2640"}]}}, {"trim": "1.6 gls", "model_org_name": "Corsa", "ex_showroom_price": 582100, "body_type": "hatchback", "model": "corsa", "model_id": "7101", "fuel_type": "petrol", "make_id": "721", "trim_id": "36451", "make": "opel", "trim_org_name": "1.6 GLS", "data": {"code": "success", "data": {"fuel_type": "petrol", "body_type": "hatchback", "vehicle_image": "https://cdn1.acedms.com/photos/stock/2016-09-05/94de806a99d49f7018e16cb83dab7380.jpeg"}, "prices_list": [{"part_name": "Wiper Blades", "price_min": "420", "price_max": "520"}, {"part_name": "Front Bumper", "price_min": "1480", "price_max": "1810"}, {"part_name": "Front Fender", "price_min": "1290", "price_max": "1580"}, {"part_name": "Bonnet", "price_min": "3260", "price_max": "3990"}, {"part_name": "Front Door", "price_min": "4820", "price_max": "5890"}, {"part_name": "Bootlid", "price_min": "3960", "price_max": "4840"}, {"part_name": "Front Windscreen Glass", "price_min": "2690", "price_max": "3290"}, {"part_name": "Side Mirrors", "price_min": "880", "price_max": "1070"}, {"part_name": "Front Strut", "price_min": "1300", "price_max": "1580"}, {"part_name": "Front Suspension Lower Arm", "price_min": "1230", "price_max": "1500"}, {"part_name": "Suspension Overhaul", "price_min": "2160", "price_max": "2640"}]}}, {"trim": "1.6 gsi", "model_org_name": "Corsa", "ex_showroom_price": 572300, "body_type": "hatchback", "model": "corsa", "model_id": "7101", "fuel_type": "petrol", "make_id": "721", "trim_id": "36501", "make": "opel", "trim_org_name": "1.6 GSI", "data": {"code": "success", "data": {"fuel_type": "petrol", "body_type": "hatchback", "vehicle_image": "https://cdn1.acedms.com/photos/stock/2016-09-05/94de806a99d49f7018e16cb83dab7380.jpeg"}, "prices_list": [{"part_name": "Wiper Blades", "price_min": "420", "price_max": "520"}, {"part_name": "Front Bumper", "price_min": "1480", "price_max": "1810"}, {"part_name": "Front Fender", "price_min": "1290", "price_max": "1580"}, {"part_name": "Bonnet", "price_min": "3260", "price_max": "3990"}, {"part_name": "Front Door", "price_min": "4820", "price_max": "5890"}, {"part_name": "Bootlid", "price_min": "3960", "price_max": "4840"}, {"part_name": "Front Windscreen Glass", "price_min": "2690", "price_max": "3290"}, {"part_name": "Side Mirrors", "price_min": "880", "price_max": "1070"}, {"part_name": "Front Strut", "price_min": "1300", "price_max": "1580"}, {"part_name": "Front Suspension Lower Arm", "price_min": "1230", "price_max": "1500"}, {"part_name": "Suspension Overhaul", "price_min": "2160", "price_max": "2640"}]}}, {"trim": "1.6 royale", "model_org_name": "Corsa", "ex_showroom_price": 602200, "body_type": "hatchback", "model": "corsa", "model_id": "7101", "fuel_type": "petrol", "make_id": "721", "trim_id": "36521", "make": "opel", "trim_org_name": "1.6 ROYALE", "data": {"code": "success", "data": {"fuel_type": "petrol", "body_type": "hatchback", "vehicle_image": "https://cdn1.acedms.com/photos/stock/2016-09-05/94de806a99d49f7018e16cb83dab7380.jpeg"}, "prices_list": [{"part_name": "Wiper Blades", "price_min": "420", "price_max": "520"}, {"part_name": "Front Bumper", "price_min": "1480", "price_max": "1810"}, {"part_name": "Front Fender", "price_min": "1290", "price_max": "1580"}, {"part_name": "Bonnet", "price_min": "3260", "price_max": "3990"}, {"part_name": "Front Door", "price_min": "4820", "price_max": "5890"}, {"part_name": "Bootlid", "price_min": "3960", "price_max": "4840"}, {"part_name": "Front Windscreen Glass", "price_min": "2690", "price_max": "3290"}, {"part_name": "Side Mirrors", "price_min": "880", "price_max": "1070"}, {"part_name": "Front Strut", "price_min": "1300", "price_max": "1580"}, {"part_name": "Front Suspension Lower Arm", "price_min": "1230", "price_max": "1500"}, {"part_name": "Suspension Overhaul", "price_min": "2160", "price_max": "2640"}]}}, {"trim": "sail 1.4", "model_org_name": "Corsa", "ex_showroom_price": 420300, "body_type": "hatchback", "model": "corsa", "model_id": "7101", "fuel_type": "petrol", "make_id": "721", "trim_id": "36461", "make": "opel", "trim_org_name": "SAIL 1.4", "data": {"code": "success", "data": {"fuel_type": "petrol", "body_type": "hatchback", "vehicle_image": "https://cdn1.acedms.com/photos/stock/2016-09-05/94de806a99d49f7018e16cb83dab7380.jpeg"}, "prices_list": [{"part_name": "Wiper Blades", "price_min": "420", "price_max": "520"}, {"part_name": "Front Bumper", "price_min": "1480", "price_max": "1810"}, {"part_name": "Front Fender", "price_min": "1290", "price_max": "1580"}, {"part_name": "Bonnet", "price_min": "3260", "price_max": "3990"}, {"part_name": "Front Door", "price_min": "4820", "price_max": "5890"}, {"part_name": "Bootlid", "price_min": "3960", "price_max": "4840"}, {"part_name": "Front Windscreen Glass", "price_min": "2690", "price_max": "3290"}, {"part_name": "Side Mirrors", "price_min": "880", "price_max": "1070"}, {"part_name": "Front Strut", "price_min": "1300", "price_max": "1580"}, {"part_name": "Front Suspension Lower Arm", "price_min": "1230", "price_max": "1500"}, {"part_name": "Suspension Overhaul", "price_min": "2160", "price_max": "2640"}]}}, {"trim": "sail 1.6", "model_org_name": "Corsa", "ex_showroom_price": 451200, "body_type": "hatchback", "model": "corsa", "model_id": "7101", "fuel_type": "petrol", "make_id": "721", "trim_id": "36471", "make": "opel", "trim_org_name": "SAIL 1.6", "data": {"code": "success", "data": {"fuel_type": "petrol", "body_type": "hatchback", "vehicle_image": "https://cdn1.acedms.com/photos/stock/2016-09-05/94de806a99d49f7018e16cb83dab7380.jpeg"}, "prices_list": [{"part_name": "Wiper Blades", "price_min": "420", "price_max": "520"}, {"part_name": "Front Bumper", "price_min": "1480", "price_max": "1810"}, {"part_name": "Front Fender", "price_min": "1290", "price_max": "1580"}, {"part_name": "Bonnet", "price_min": "3260", "price_max": "3990"}, {"part_name": "Front Door", "price_min": "4820", "price_max": "5890"}, {"part_name": "Bootlid", "price_min": "3960", "price_max": "4840"}, {"part_name": "Front Windscreen Glass", "price_min": "2690", "price_max": "3290"}, {"part_name": "Side Mirrors", "price_min": "880", "price_max": "1070"}, {"part_name": "Front Strut", "price_min": "1300", "price_max": "1580"}, {"part_name": "Front Suspension Lower Arm", "price_min": "1230", "price_max": "1500"}, {"part_name": "Suspension Overhaul", "price_min": "2160", "price_max": "2640"}]}}]}, {"model_org_name": "Vectra", "ex_showroom_price": 1421300, "body_type": "sedan", "model": "vectra", "model_id": "7091", "make_id": "721", "make": "opel", "trim_list": [{"trim": "2.2 comfort", "model_org_name": "Vectra", "ex_showroom_price": 1421300, "body_type": "sedan", "model": "vectra", "model_id": "7091", "fuel_type": "petrol", "make_id": "721", "trim_id": "36431", "make": "opel", "trim_org_name": "2.2 COMFORT", "data": {"code": "success", "data": {"fuel_type": "petrol", "body_type": "sedan", "vehicle_image": "https://cdn1.acedms.com/uploads/category/opel/20171106063142000000-7685819092442511361.jpg"}, "prices_list": [{"part_name": "Wiper Blades", "price_min": "540", "price_max": "660"}, {"part_name": "Front Bumper", "price_min": "2080", "price_max": "2540"}, {"part_name": "Front Fender", "price_min": "1720", "price_max": "2100"}, {"part_name": "Bonnet", "price_min": "4030", "price_max": "4920"}, {"part_name": "Front Door", "price_min": "6150", "price_max": "7520"}, {"part_name": "Bootlid", "price_min": "4690", "price_max": "5730"}, {"part_name": "Front Windscreen Glass", "price_min": "3130", "price_max": "3830"}, {"part_name": "Side Mirrors", "price_min": "1280", "price_max": "1560"}, {"part_name": "Front Strut", "price_min": "1600", "price_max": "1950"}, {"part_name": "Front Suspension Lower Arm", "price_min": "1650", "price_max": "2020"}, {"part_name": "Suspension Overhaul", "price_min": "2430", "price_max": "2970"}]}}]}]}