{"value": "Porsche", "data-make-id": "561", "model_list": [{"model_org_name": "Cayenne", "ex_showroom_price": 6384700, "body_type": "suv", "model": "cayenne", "model_id": "6551", "make_id": "561", "make": "porsche", "trim_list": [{"trim": "base", "model_org_name": "Cayenne", "ex_showroom_price": 6384700, "body_type": "suv", "model": "cayenne", "model_id": "6551", "fuel_type": "diesel", "make_id": "561", "trim_id": "329671", "make": "porsche", "trim_org_name": "BASE", "data": {"code": "success", "data": {"fuel_type": "petrol", "body_type": "suv", "vehicle_image": "https://cdn1.acedms.com/uploads/category/porsche/20171215094852000000-1272328800829117441.png"}, "prices_list": [{"part_name": "Wiper Blades", "price_min": "550", "price_max": "670"}, {"part_name": "Front Bumper", "price_min": "2830", "price_max": "3460"}, {"part_name": "Front Fender", "price_min": "2040", "price_max": "2500"}, {"part_name": "Bonnet", "price_min": "6760", "price_max": "8260"}, {"part_name": "Front Door", "price_min": "7800", "price_max": "9530"}, {"part_name": "Bootlid", "price_min": "8160", "price_max": "9980"}, {"part_name": "Front Windscreen Glass", "price_min": "3450", "price_max": "4210"}, {"part_name": "Side Mirrors", "price_min": "1530", "price_max": "1870"}, {"part_name": "Front Strut", "price_min": "2000", "price_max": "2450"}, {"part_name": "Front Suspension Lower Arm", "price_min": "2160", "price_max": "2640"}, {"part_name": "Suspension Overhaul", "price_min": "2880", "price_max": "3520"}]}}, {"trim": "diesel", "model_org_name": "Cayenne", "ex_showroom_price": 11900000, "body_type": "suv", "model": "cayenne", "model_id": "6551", "fuel_type": "diesel", "make_id": "561", "trim_id": "329611", "make": "porsche", "trim_org_name": "DIESEL", "data": {"code": "success", "data": {"fuel_type": "diesel", "body_type": "suv", "vehicle_image": "https://cdn1.acedms.com/uploads/category/porsche/20171215094852000000-1272328800829117441.png"}, "prices_list": [{"part_name": "Wiper Blades", "price_min": "550", "price_max": "670"}, {"part_name": "Front Bumper", "price_min": "2830", "price_max": "3460"}, {"part_name": "Front Fender", "price_min": "2040", "price_max": "2500"}, {"part_name": "Bonnet", "price_min": "6760", "price_max": "8260"}, {"part_name": "Front Door", "price_min": "7800", "price_max": "9530"}, {"part_name": "Bootlid", "price_min": "8160", "price_max": "9980"}, {"part_name": "Front Windscreen Glass", "price_min": "3450", "price_max": "4210"}, {"part_name": "Side Mirrors", "price_min": "1530", "price_max": "1870"}, {"part_name": "Front Strut", "price_min": "2000", "price_max": "2450"}, {"part_name": "Front Suspension Lower Arm", "price_min": "2160", "price_max": "2640"}, {"part_name": "Suspension Overhaul", "price_min": "3420", "price_max": "4180"}]}}, {"trim": "e-hybrid", "model_org_name": "Cayenne", "ex_showroom_price": 15806000, "body_type": "suv", "model": "cayenne", "model_id": "6551", "fuel_type": "hybrid", "make_id": "561", "trim_id": "568861", "make": "porsche", "trim_org_name": "E-HYBRID"}, {"trim": "gts", "model_org_name": "Cayenne", "ex_showroom_price": 10430800, "body_type": "suv", "model": "cayenne", "model_id": "6551", "fuel_type": "petrol", "make_id": "561", "trim_id": "329601", "make": "porsche", "trim_org_name": "GTS", "data": {"code": "success", "data": {"fuel_type": "petrol", "body_type": "suv", "vehicle_image": "https://cdn1.acedms.com/uploads/category/porsche/20171215094852000000-1272328800829117441.png"}, "prices_list": [{"part_name": "Wiper Blades", "price_min": "550", "price_max": "670"}, {"part_name": "Front Bumper", "price_min": "2830", "price_max": "3460"}, {"part_name": "Front Fender", "price_min": "2040", "price_max": "2500"}, {"part_name": "Bonnet", "price_min": "6760", "price_max": "8260"}, {"part_name": "Front Door", "price_min": "7800", "price_max": "9530"}, {"part_name": "Bootlid", "price_min": "8160", "price_max": "9980"}, {"part_name": "Front Windscreen Glass", "price_min": "3450", "price_max": "4210"}, {"part_name": "Side Mirrors", "price_min": "1530", "price_max": "1870"}, {"part_name": "Front Strut", "price_min": "2000", "price_max": "2450"}, {"part_name": "Front Suspension Lower Arm", "price_min": "2160", "price_max": "2640"}, {"part_name": "Suspension Overhaul", "price_min": "2880", "price_max": "3520"}]}}, {"trim": "platinum edition", "model_org_name": "Cayenne", "ex_showroom_price": 10357300, "body_type": "suv", "model": "cayenne", "model_id": "6551", "fuel_type": "petrol", "make_id": "561", "trim_id": "329621", "make": "porsche", "trim_org_name": "PLATINUM EDITION", "data": {"code": "success", "data": {"fuel_type": "petrol", "body_type": "suv", "vehicle_image": "https://cdn1.acedms.com/uploads/category/porsche/20171215094852000000-1272328800829117441.png"}, "prices_list": [{"part_name": "Wiper Blades", "price_min": "550", "price_max": "670"}, {"part_name": "Front Bumper", "price_min": "2830", "price_max": "3460"}, {"part_name": "Front Fender", "price_min": "2040", "price_max": "2500"}, {"part_name": "Bonnet", "price_min": "6760", "price_max": "8260"}, {"part_name": "Front Door", "price_min": "7800", "price_max": "9530"}, {"part_name": "Bootlid", "price_min": "8160", "price_max": "9980"}, {"part_name": "Front Windscreen Glass", "price_min": "3450", "price_max": "4210"}, {"part_name": "Side Mirrors", "price_min": "1530", "price_max": "1870"}, {"part_name": "Front Strut", "price_min": "2000", "price_max": "2450"}, {"part_name": "Front Suspension Lower Arm", "price_min": "2160", "price_max": "2640"}, {"part_name": "Suspension Overhaul", "price_min": "2880", "price_max": "3520"}]}}, {"trim": "platinum edition diesel", "model_org_name": "Cayenne", "ex_showroom_price": 10079630, "body_type": "suv", "model": "cayenne", "model_id": "6551", "fuel_type": "diesel", "make_id": "561", "trim_id": "329631", "make": "porsche", "trim_org_name": "PLATINUM EDITION DIESEL", "data": {"code": "success", "data": {"fuel_type": "diesel", "body_type": "suv", "vehicle_image": "https://cdn1.acedms.com/uploads/category/porsche/20171215094852000000-1272328800829117441.png"}, "prices_list": [{"part_name": "Wiper Blades", "price_min": "550", "price_max": "670"}, {"part_name": "Front Bumper", "price_min": "2830", "price_max": "3460"}, {"part_name": "Front Fender", "price_min": "2040", "price_max": "2500"}, {"part_name": "Bonnet", "price_min": "6760", "price_max": "8260"}, {"part_name": "Front Door", "price_min": "7800", "price_max": "9530"}, {"part_name": "Bootlid", "price_min": "8160", "price_max": "9980"}, {"part_name": "Front Windscreen Glass", "price_min": "3450", "price_max": "4210"}, {"part_name": "Side Mirrors", "price_min": "1530", "price_max": "1870"}, {"part_name": "Front Strut", "price_min": "2000", "price_max": "2450"}, {"part_name": "Front Suspension Lower Arm", "price_min": "2160", "price_max": "2640"}, {"part_name": "Suspension Overhaul", "price_min": "3420", "price_max": "4180"}]}}, {"trim": "s diesel", "model_org_name": "Cayenne", "ex_showroom_price": 11203704, "body_type": "suv", "model": "cayenne", "model_id": "6551", "fuel_type": "diesel", "make_id": "561", "trim_id": "329641", "make": "porsche", "trim_org_name": "S DIESEL", "data": {"code": "success", "data": {"fuel_type": "diesel", "body_type": "suv", "vehicle_image": "https://cdn1.acedms.com/uploads/category/porsche/20171215094852000000-1272328800829117441.png"}, "prices_list": [{"part_name": "Wiper Blades", "price_min": "550", "price_max": "670"}, {"part_name": "Front Bumper", "price_min": "2830", "price_max": "3460"}, {"part_name": "Front Fender", "price_min": "2040", "price_max": "2500"}, {"part_name": "Bonnet", "price_min": "6760", "price_max": "8260"}, {"part_name": "Front Door", "price_min": "7800", "price_max": "9530"}, {"part_name": "Bootlid", "price_min": "8160", "price_max": "9980"}, {"part_name": "Front Windscreen Glass", "price_min": "3450", "price_max": "4210"}, {"part_name": "Side Mirrors", "price_min": "1530", "price_max": "1870"}, {"part_name": "Front Strut", "price_min": "2000", "price_max": "2450"}, {"part_name": "Front Suspension Lower Arm", "price_min": "2160", "price_max": "2640"}, {"part_name": "Suspension Overhaul", "price_min": "3420", "price_max": "4180"}]}}, {"trim": "s hybrid", "model_org_name": "Cayenne", "ex_showroom_price": 8332400, "body_type": "suv", "model": "cayenne", "model_id": "6551", "fuel_type": "petrol", "make_id": "561", "trim_id": "329591", "make": "porsche", "trim_org_name": "S HYBRID", "data": {"code": "success", "data": {"fuel_type": "diesel", "body_type": "suv", "vehicle_image": "https://cdn1.acedms.com/uploads/category/porsche/20171215094852000000-1272328800829117441.png"}, "prices_list": [{"part_name": "Wiper Blades", "price_min": "550", "price_max": "670"}, {"part_name": "Front Bumper", "price_min": "2830", "price_max": "3460"}, {"part_name": "Front Fender", "price_min": "2040", "price_max": "2500"}, {"part_name": "Bonnet", "price_min": "6760", "price_max": "8260"}, {"part_name": "Front Door", "price_min": "7800", "price_max": "9530"}, {"part_name": "Bootlid", "price_min": "8160", "price_max": "9980"}, {"part_name": "Front Windscreen Glass", "price_min": "3450", "price_max": "4210"}, {"part_name": "Side Mirrors", "price_min": "1530", "price_max": "1870"}, {"part_name": "Front Strut", "price_min": "2000", "price_max": "2450"}, {"part_name": "Front Suspension Lower Arm", "price_min": "2160", "price_max": "2640"}, {"part_name": "Suspension Overhaul", "price_min": "3420", "price_max": "4180"}]}}, {"trim": "s petrol", "model_org_name": "Cayenne", "ex_showroom_price": 11950000, "body_type": "suv", "model": "cayenne", "model_id": "6551", "fuel_type": "petrol", "make_id": "561", "trim_id": "329651", "make": "porsche", "trim_org_name": "S PETROL", "data": {"code": "success", "data": {"fuel_type": "petrol", "body_type": "suv", "vehicle_image": "https://cdn1.acedms.com/uploads/category/porsche/20171215094852000000-1272328800829117441.png"}, "prices_list": [{"part_name": "Wiper Blades", "price_min": "550", "price_max": "670"}, {"part_name": "Front Bumper", "price_min": "2830", "price_max": "3460"}, {"part_name": "Front Fender", "price_min": "2040", "price_max": "2500"}, {"part_name": "Bonnet", "price_min": "6760", "price_max": "8260"}, {"part_name": "Front Door", "price_min": "7800", "price_max": "9530"}, {"part_name": "Bootlid", "price_min": "8160", "price_max": "9980"}, {"part_name": "Front Windscreen Glass", "price_min": "3450", "price_max": "4210"}, {"part_name": "Side Mirrors", "price_min": "1530", "price_max": "1870"}, {"part_name": "Front Strut", "price_min": "2000", "price_max": "2450"}, {"part_name": "Front Suspension Lower Arm", "price_min": "2160", "price_max": "2640"}, {"part_name": "Suspension Overhaul", "price_min": "2880", "price_max": "3520"}]}}, {"trim": "turbo", "model_org_name": "Cayenne", "ex_showroom_price": 19210000, "body_type": "suv", "model": "cayenne", "model_id": "6551", "fuel_type": "petrol", "make_id": "561", "trim_id": "329661", "make": "porsche", "trim_org_name": "TURBO", "data": {"code": "success", "data": {"fuel_type": "petrol", "body_type": "suv", "vehicle_image": "https://cdn1.acedms.com/uploads/category/porsche/20171215094852000000-1272328800829117441.png"}, "prices_list": [{"part_name": "Wiper Blades", "price_min": "550", "price_max": "670"}, {"part_name": "Front Bumper", "price_min": "2830", "price_max": "3460"}, {"part_name": "Front Fender", "price_min": "2040", "price_max": "2500"}, {"part_name": "Bonnet", "price_min": "6760", "price_max": "8260"}, {"part_name": "Front Door", "price_min": "7800", "price_max": "9530"}, {"part_name": "Bootlid", "price_min": "8160", "price_max": "9980"}, {"part_name": "Front Windscreen Glass", "price_min": "3450", "price_max": "4210"}, {"part_name": "Side Mirrors", "price_min": "1530", "price_max": "1870"}, {"part_name": "Front Strut", "price_min": "2000", "price_max": "2450"}, {"part_name": "Front Suspension Lower Arm", "price_min": "2160", "price_max": "2640"}, {"part_name": "Suspension Overhaul", "price_min": "2880", "price_max": "3520"}]}}, {"trim": "turbo s", "model_org_name": "Cayenne", "ex_showroom_price": 19126500, "body_type": "suv", "model": "cayenne", "model_id": "6551", "fuel_type": "petrol", "make_id": "561", "trim_id": "329691", "make": "porsche", "trim_org_name": "TURBO S", "data": {"code": "success", "data": {"fuel_type": "petrol", "body_type": "suv", "vehicle_image": "https://cdn1.acedms.com/uploads/category/porsche/20171215094852000000-1272328800829117441.png"}, "prices_list": [{"part_name": "Wiper Blades", "price_min": "550", "price_max": "670"}, {"part_name": "Front Bumper", "price_min": "2830", "price_max": "3460"}, {"part_name": "Front Fender", "price_min": "2040", "price_max": "2500"}, {"part_name": "Bonnet", "price_min": "6760", "price_max": "8260"}, {"part_name": "Front Door", "price_min": "7800", "price_max": "9530"}, {"part_name": "Bootlid", "price_min": "8160", "price_max": "9980"}, {"part_name": "Front Windscreen Glass", "price_min": "3450", "price_max": "4210"}, {"part_name": "Side Mirrors", "price_min": "1530", "price_max": "1870"}, {"part_name": "Front Strut", "price_min": "2000", "price_max": "2450"}, {"part_name": "Front Suspension Lower Arm", "price_min": "2160", "price_max": "2640"}, {"part_name": "Suspension Overhaul", "price_min": "2880", "price_max": "3520"}]}}, {"trim": "v6", "model_org_name": "Cayenne", "ex_showroom_price": 6384700, "body_type": "suv", "model": "cayenne", "model_id": "6551", "fuel_type": "diesel", "make_id": "561", "trim_id": "329701", "make": "porsche", "trim_org_name": "V6", "data": {"code": "success", "data": {"fuel_type": "diesel", "body_type": "suv", "vehicle_image": "https://cdn1.acedms.com/uploads/category/porsche/20171215094852000000-1272328800829117441.png"}, "prices_list": [{"part_name": "Wiper Blades", "price_min": "550", "price_max": "670"}, {"part_name": "Front Bumper", "price_min": "2830", "price_max": "3460"}, {"part_name": "Front Fender", "price_min": "2040", "price_max": "2500"}, {"part_name": "Bonnet", "price_min": "6760", "price_max": "8260"}, {"part_name": "Front Door", "price_min": "7800", "price_max": "9530"}, {"part_name": "Bootlid", "price_min": "8160", "price_max": "9980"}, {"part_name": "Front Windscreen Glass", "price_min": "3450", "price_max": "4210"}, {"part_name": "Side Mirrors", "price_min": "1530", "price_max": "1870"}, {"part_name": "Front Strut", "price_min": "2000", "price_max": "2450"}, {"part_name": "Front Suspension Lower Arm", "price_min": "2160", "price_max": "2640"}, {"part_name": "Suspension Overhaul", "price_min": "3420", "price_max": "4180"}]}}, {"trim": "v6 tiptronic", "model_org_name": "Cayenne", "ex_showroom_price": 10133600, "body_type": "suv", "model": "cayenne", "model_id": "6551", "fuel_type": "petrol", "make_id": "561", "trim_id": "329731", "make": "porsche", "trim_org_name": "V6 TIPTRONIC"}]}, {"model_org_name": "Cayenne Coupe", "ex_showroom_price": 19763000, "body_type": "suv", "model": "cayenne coupe", "model_id": "67991", "make_id": "561", "make": "porsche", "trim_list": [{"trim": "base", "model_org_name": "Cayenne Coupe", "ex_showroom_price": 13151000, "body_type": "suv", "model": "cayenne coupe", "model_id": "67991", "fuel_type": "petrol", "make_id": "561", "trim_id": "575001", "make": "porsche", "trim_org_name": "BASE"}, {"trim": "turbo", "model_org_name": "Cayenne Coupe", "ex_showroom_price": 19763000, "body_type": "suv", "model": "cayenne coupe", "model_id": "67991", "fuel_type": "petrol", "make_id": "561", "trim_id": "575011", "make": "porsche", "trim_org_name": "TURBO"}]}, {"model_org_name": "Macan", "ex_showroom_price": 6999721, "body_type": "suv", "model": "macan", "model_id": "6541", "make_id": "561", "make": "porsche", "trim_list": [{"trim": "2.0 l petrol", "model_org_name": "Macan", "ex_showroom_price": 6999721, "body_type": "suv", "model": "macan", "model_id": "6541", "fuel_type": "petrol", "make_id": "561", "trim_id": "334761", "make": "porsche", "trim_org_name": "2.0 L PETROL", "data": {"code": "success", "data": {"fuel_type": "petrol", "body_type": "suv", "vehicle_image": "https://cdn1.acedms.com/uploads/category/porsche/20190803063600000000-7191971804791015425.jpg"}, "prices_list": [{"part_name": "Wiper Blades", "price_min": "550", "price_max": "670"}, {"part_name": "Front Bumper", "price_min": "2830", "price_max": "3460"}, {"part_name": "Front Fender", "price_min": "2040", "price_max": "2500"}, {"part_name": "Bonnet", "price_min": "6760", "price_max": "8260"}, {"part_name": "Front Door", "price_min": "7800", "price_max": "9530"}, {"part_name": "Bootlid", "price_min": "8160", "price_max": "9980"}, {"part_name": "Front Windscreen Glass", "price_min": "3450", "price_max": "4210"}, {"part_name": "Side Mirrors", "price_min": "1530", "price_max": "1870"}, {"part_name": "Front Strut", "price_min": "2000", "price_max": "2450"}, {"part_name": "Front Suspension Lower Arm", "price_min": "2160", "price_max": "2640"}, {"part_name": "Suspension Overhaul", "price_min": "2880", "price_max": "3520"}]}}, {"trim": "base", "model_org_name": "Macan", "ex_showroom_price": 6998000, "body_type": "suv", "model": "macan", "model_id": "6541", "fuel_type": "petrol", "make_id": "561", "trim_id": "568871", "make": "porsche", "trim_org_name": "BASE"}, {"trim": "r4", "model_org_name": "Macan", "ex_showroom_price": 7114815, "body_type": "suv", "model": "macan", "model_id": "6541", "fuel_type": "petrol", "make_id": "561", "trim_id": "334751", "make": "porsche", "trim_org_name": "R4"}, {"trim": "s diesel", "model_org_name": "Macan", "ex_showroom_price": 11055000, "body_type": "suv", "model": "macan", "model_id": "6541", "fuel_type": "diesel", "make_id": "561", "trim_id": "334741", "make": "porsche", "trim_org_name": "S DIESEL"}, {"trim": "s petrol", "model_org_name": "Macan", "ex_showroom_price": 8512000, "body_type": "suv", "model": "macan", "model_id": "6541", "fuel_type": "petrol", "make_id": "561", "trim_id": "568881", "make": "porsche", "trim_org_name": "S PETROL"}, {"trim": "turbo", "model_org_name": "Macan", "ex_showroom_price": 14034000, "body_type": "suv", "model": "macan", "model_id": "6541", "fuel_type": "petrol", "make_id": "561", "trim_id": "334731", "make": "porsche", "trim_org_name": "TURBO", "data": {"code": "success", "data": {"fuel_type": "petrol", "body_type": "suv", "vehicle_image": "https://cdn1.acedms.com/uploads/category/porsche/20190803063600000000-7191971804791015425.jpg"}, "prices_list": [{"part_name": "Wiper Blades", "price_min": "550", "price_max": "670"}, {"part_name": "Front Bumper", "price_min": "2830", "price_max": "3460"}, {"part_name": "Front Fender", "price_min": "2040", "price_max": "2500"}, {"part_name": "Bonnet", "price_min": "6760", "price_max": "8260"}, {"part_name": "Front Door", "price_min": "7800", "price_max": "9530"}, {"part_name": "Bootlid", "price_min": "8160", "price_max": "9980"}, {"part_name": "Front Windscreen Glass", "price_min": "3450", "price_max": "4210"}, {"part_name": "Side Mirrors", "price_min": "1530", "price_max": "1870"}, {"part_name": "Front Strut", "price_min": "2000", "price_max": "2450"}, {"part_name": "Front Suspension Lower Arm", "price_min": "2160", "price_max": "2640"}, {"part_name": "Suspension Overhaul", "price_min": "2880", "price_max": "3520"}]}}]}, {"model_org_name": "Panamera", "ex_showroom_price": 21747000, "body_type": "sedan", "model": "panamera", "model_id": "6571", "make_id": "561", "make": "porsche", "trim_list": [{"trim": "4s", "model_org_name": "Panamera", "ex_showroom_price": 11950000, "body_type": "sedan", "model": "panamera", "model_id": "6571", "fuel_type": "petrol", "make_id": "561", "trim_id": "531171", "make": "porsche", "trim_org_name": "4S"}, {"trim": "base", "model_org_name": "Panamera", "ex_showroom_price": 11700000, "body_type": "sedan", "model": "panamera", "model_id": "6571", "fuel_type": "diesel", "make_id": "561", "trim_id": "438371", "make": "porsche", "trim_org_name": "BASE", "data": {"code": "success", "data": {"fuel_type": "diesel", "body_type": "sedan", "vehicle_image": "https://cdn1.acedms.com/uploads/category/porsche/20171215102546000000-4872820006070055937.png"}, "prices_list": [{"part_name": "Wiper Blades", "price_min": "550", "price_max": "670"}, {"part_name": "Front Bumper", "price_min": "2030", "price_max": "2480"}, {"part_name": "Front Fender", "price_min": "1660", "price_max": "2030"}, {"part_name": "Bonnet", "price_min": "3980", "price_max": "4860"}, {"part_name": "Front Door", "price_min": "5980", "price_max": "7310"}, {"part_name": "Bootlid", "price_min": "4530", "price_max": "5540"}, {"part_name": "Front Windscreen Glass", "price_min": "3180", "price_max": "3880"}, {"part_name": "Side Mirrors", "price_min": "1370", "price_max": "1680"}, {"part_name": "Front Strut", "price_min": "1600", "price_max": "1960"}, {"part_name": "Front Suspension Lower Arm", "price_min": "1560", "price_max": "1900"}, {"part_name": "Suspension Overhaul", "price_min": "2700", "price_max": "3300"}]}}, {"trim": "diesel gran turismo edition", "model_org_name": "Panamera", "ex_showroom_price": 10416000, "body_type": "sedan", "model": "panamera", "model_id": "6571", "fuel_type": "diesel", "make_id": "561", "trim_id": "438411", "make": "porsche", "trim_org_name": "DIESEL GRAN TURISMO EDITION", "data": {"code": "success", "data": {"fuel_type": "diesel", "body_type": "sedan", "vehicle_image": "https://cdn1.acedms.com/uploads/category/porsche/20171215102546000000-4872820006070055937.png"}, "prices_list": [{"part_name": "Wiper Blades", "price_min": "550", "price_max": "670"}, {"part_name": "Front Bumper", "price_min": "2030", "price_max": "2480"}, {"part_name": "Front Fender", "price_min": "1660", "price_max": "2030"}, {"part_name": "Bonnet", "price_min": "3980", "price_max": "4860"}, {"part_name": "Front Door", "price_min": "5980", "price_max": "7310"}, {"part_name": "Bootlid", "price_min": "4530", "price_max": "5540"}, {"part_name": "Front Windscreen Glass", "price_min": "3180", "price_max": "3880"}, {"part_name": "Side Mirrors", "price_min": "1370", "price_max": "1680"}, {"part_name": "Front Strut", "price_min": "1600", "price_max": "1960"}, {"part_name": "Front Suspension Lower Arm", "price_min": "1560", "price_max": "1900"}, {"part_name": "Suspension Overhaul", "price_min": "2700", "price_max": "3300"}]}}, {"trim": "executive turbo", "model_org_name": "Panamera", "ex_showroom_price": 22613000, "body_type": "sedan", "model": "panamera", "model_id": "6571", "fuel_type": "petrol", "make_id": "561", "trim_id": "438441", "make": "porsche", "trim_org_name": "EXECUTIVE TURBO", "data": {"code": "success", "data": {"fuel_type": "petrol", "body_type": "sedan", "vehicle_image": "https://cdn1.acedms.com/uploads/category/porsche/20171215102546000000-4872820006070055937.png"}, "prices_list": [{"part_name": "Wiper Blades", "price_min": "540", "price_max": "660"}, {"part_name": "Front Bumper", "price_min": "2080", "price_max": "2540"}, {"part_name": "Front Fender", "price_min": "1720", "price_max": "2100"}, {"part_name": "Bonnet", "price_min": "4030", "price_max": "4920"}, {"part_name": "Front Door", "price_min": "6150", "price_max": "7520"}, {"part_name": "Bootlid", "price_min": "4690", "price_max": "5730"}, {"part_name": "Front Windscreen Glass", "price_min": "3130", "price_max": "3830"}, {"part_name": "Side Mirrors", "price_min": "1280", "price_max": "1560"}, {"part_name": "Front Strut", "price_min": "1600", "price_max": "1950"}, {"part_name": "Front Suspension Lower Arm", "price_min": "1650", "price_max": "2020"}, {"part_name": "Suspension Overhaul", "price_min": "2430", "price_max": "2970"}]}}, {"trim": "gts", "model_org_name": "Panamera", "ex_showroom_price": 15000000, "body_type": "sedan", "model": "panamera", "model_id": "6571", "fuel_type": "petrol", "make_id": "561", "trim_id": "438391", "make": "porsche", "trim_org_name": "GTS", "data": {"code": "success", "data": {"fuel_type": "petrol", "body_type": "sedan", "vehicle_image": "https://cdn1.acedms.com/uploads/category/porsche/20171215102546000000-4872820006070055937.png"}, "prices_list": [{"part_name": "Wiper Blades", "price_min": "540", "price_max": "660"}, {"part_name": "Front Bumper", "price_min": "2080", "price_max": "2540"}, {"part_name": "Front Fender", "price_min": "1720", "price_max": "2100"}, {"part_name": "Bonnet", "price_min": "4030", "price_max": "4920"}, {"part_name": "Front Door", "price_min": "6150", "price_max": "7520"}, {"part_name": "Bootlid", "price_min": "4690", "price_max": "5730"}, {"part_name": "Front Windscreen Glass", "price_min": "3130", "price_max": "3830"}, {"part_name": "Side Mirrors", "price_min": "1280", "price_max": "1560"}, {"part_name": "Front Strut", "price_min": "1600", "price_max": "1950"}, {"part_name": "Front Suspension Lower Arm", "price_min": "1650", "price_max": "2020"}, {"part_name": "Suspension Overhaul", "price_min": "2430", "price_max": "2970"}]}}, {"trim": "s", "model_org_name": "Panamera", "ex_showroom_price": 14200000, "body_type": "sedan", "model": "panamera", "model_id": "6571", "fuel_type": "petrol", "make_id": "561", "trim_id": "438431", "make": "porsche", "trim_org_name": "S", "data": {"code": "success", "data": {"fuel_type": "petrol", "body_type": "sedan", "vehicle_image": "https://cdn1.acedms.com/uploads/category/porsche/20171215102546000000-4872820006070055937.png"}, "prices_list": [{"part_name": "Wiper Blades", "price_min": "540", "price_max": "660"}, {"part_name": "Front Bumper", "price_min": "2080", "price_max": "2540"}, {"part_name": "Front Fender", "price_min": "1720", "price_max": "2100"}, {"part_name": "Bonnet", "price_min": "4030", "price_max": "4920"}, {"part_name": "Front Door", "price_min": "6150", "price_max": "7520"}, {"part_name": "Bootlid", "price_min": "4690", "price_max": "5730"}, {"part_name": "Front Windscreen Glass", "price_min": "3130", "price_max": "3830"}, {"part_name": "Side Mirrors", "price_min": "1280", "price_max": "1560"}, {"part_name": "Front Strut", "price_min": "1600", "price_max": "1950"}, {"part_name": "Front Suspension Lower Arm", "price_min": "1650", "price_max": "2020"}, {"part_name": "Suspension Overhaul", "price_min": "2430", "price_max": "2970"}]}}, {"trim": "turbo", "model_org_name": "Panamera", "ex_showroom_price": 21263000, "body_type": "sedan", "model": "panamera", "model_id": "6571", "fuel_type": "petrol", "make_id": "561", "trim_id": "531181", "make": "porsche", "trim_org_name": "TURBO"}, {"trim": "turbo sport turismo", "model_org_name": "Panamera", "ex_showroom_price": 21747000, "body_type": "sedan", "model": "panamera", "model_id": "6571", "fuel_type": "petrol", "make_id": "561", "trim_id": "531041", "make": "porsche", "trim_org_name": "TURBO SPORT TURISMO"}]}, {"model_org_name": "Taycan", "ex_showroom_price": 20000000, "body_type": "suv", "model": "taycan", "model_id": "68961", "make_id": "561", "make": "porsche", "trim_list": [{"trim": "petrol", "model_org_name": "Taycan", "ex_showroom_price": 20000000, "body_type": "suv", "model": "taycan", "model_id": "68961", "fuel_type": "petrol", "make_id": "561", "trim_id": "577281", "make": "porsche", "trim_org_name": "PETROL"}]}]}