{"value": "Premier", "data-make-id": "591", "model_list": [{"model_org_name": "Rio", "ex_showroom_price": 670000, "body_type": "suv", "model": "rio", "model_id": "6781", "make_id": "591", "make": "premier", "trim_list": [{"trim": "petrol", "model_org_name": "Rio", "ex_showroom_price": 600000, "body_type": "hatchback", "model": "rio", "model_id": "44771", "fuel_type": "petrol", "make_id": "3201", "trim_id": "524261", "make": "kia", "trim_org_name": "PETROL"}]}, {"model_org_name": "RIO PLUS", "ex_showroom_price": 610343, "body_type": "suv", "model": "rio plus", "model_id": "6771", "make_id": "591", "make": "premier", "trim_list": [{"trim": "dx", "model_org_name": "RIO PLUS", "ex_showroom_price": 564443, "body_type": "suv", "model": "rio plus", "model_id": "6771", "fuel_type": "diesel", "make_id": "591", "trim_id": "35511", "make": "premier", "trim_org_name": "DX", "data": {"code": "success", "data": {"fuel_type": "diesel", "body_type": "suv", "vehicle_image": "https://cdn1.acedms.com/uploads/category/premier/20171106073811000000-6216803355669097473.jpg"}, "prices_list": [{"part_name": "Wiper Blades", "price_min": "550", "price_max": "670"}, {"part_name": "Front Bumper", "price_min": "2830", "price_max": "3460"}, {"part_name": "Front Fender", "price_min": "2040", "price_max": "2500"}, {"part_name": "Bonnet", "price_min": "6760", "price_max": "8260"}, {"part_name": "Front Door", "price_min": "7800", "price_max": "9530"}, {"part_name": "Bootlid", "price_min": "8160", "price_max": "9980"}, {"part_name": "Front Windscreen Glass", "price_min": "3450", "price_max": "4210"}, {"part_name": "Side Mirrors", "price_min": "1530", "price_max": "1870"}, {"part_name": "Front Strut", "price_min": "2000", "price_max": "2450"}, {"part_name": "Front Suspension Lower Arm", "price_min": "2160", "price_max": "2640"}, {"part_name": "Suspension Overhaul", "price_min": "3420", "price_max": "4180"}]}}, {"trim": "glx", "model_org_name": "RIO PLUS", "ex_showroom_price": 516375, "body_type": "suv", "model": "rio plus", "model_id": "6771", "fuel_type": "petrol", "make_id": "591", "trim_id": "35521", "make": "premier", "trim_org_name": "GLX", "data": {"code": "success", "data": {"fuel_type": "petrol", "body_type": "suv", "vehicle_image": "https://cdn1.acedms.com/uploads/category/premier/20171106073811000000-6216803355669097473.jpg"}, "prices_list": [{"part_name": "Wiper Blades", "price_min": "550", "price_max": "670"}, {"part_name": "Front Bumper", "price_min": "2830", "price_max": "3460"}, {"part_name": "Front Fender", "price_min": "2040", "price_max": "2500"}, {"part_name": "Bonnet", "price_min": "6760", "price_max": "8260"}, {"part_name": "Front Door", "price_min": "7800", "price_max": "9530"}, {"part_name": "Bootlid", "price_min": "8160", "price_max": "9980"}, {"part_name": "Front Windscreen Glass", "price_min": "3450", "price_max": "4210"}, {"part_name": "Side Mirrors", "price_min": "1530", "price_max": "1870"}, {"part_name": "Front Strut", "price_min": "2000", "price_max": "2450"}, {"part_name": "Front Suspension Lower Arm", "price_min": "2160", "price_max": "2640"}, {"part_name": "Suspension Overhaul", "price_min": "2880", "price_max": "3520"}]}}, {"trim": "gx", "model_org_name": "RIO PLUS", "ex_showroom_price": 471375, "body_type": "suv", "model": "rio plus", "model_id": "6771", "fuel_type": "petrol", "make_id": "591", "trim_id": "35531", "make": "premier", "trim_org_name": "GX", "data": {"code": "success", "data": {"fuel_type": "petrol", "body_type": "suv", "vehicle_image": "https://cdn1.acedms.com/uploads/category/premier/20171106073811000000-6216803355669097473.jpg"}, "prices_list": [{"part_name": "Wiper Blades", "price_min": "550", "price_max": "670"}, {"part_name": "Front Bumper", "price_min": "2830", "price_max": "3460"}, {"part_name": "Front Fender", "price_min": "2040", "price_max": "2500"}, {"part_name": "Bonnet", "price_min": "6760", "price_max": "8260"}, {"part_name": "Front Door", "price_min": "7800", "price_max": "9530"}, {"part_name": "Bootlid", "price_min": "8160", "price_max": "9980"}, {"part_name": "Front Windscreen Glass", "price_min": "3450", "price_max": "4210"}, {"part_name": "Side Mirrors", "price_min": "1530", "price_max": "1870"}, {"part_name": "Front Strut", "price_min": "2000", "price_max": "2450"}, {"part_name": "Front Suspension Lower Arm", "price_min": "2160", "price_max": "2640"}, {"part_name": "Suspension Overhaul", "price_min": "2880", "price_max": "3520"}]}}, {"trim": "lx", "model_org_name": "RIO PLUS", "ex_showroom_price": 610343, "body_type": "suv", "model": "rio plus", "model_id": "6771", "fuel_type": "diesel", "make_id": "591", "trim_id": "35541", "make": "premier", "trim_org_name": "LX", "data": {"code": "success", "data": {"fuel_type": "diesel", "body_type": "suv", "vehicle_image": "https://cdn1.acedms.com/uploads/category/premier/20171106073811000000-6216803355669097473.jpg"}, "prices_list": [{"part_name": "Wiper Blades", "price_min": "550", "price_max": "670"}, {"part_name": "Front Bumper", "price_min": "2830", "price_max": "3460"}, {"part_name": "Front Fender", "price_min": "2040", "price_max": "2500"}, {"part_name": "Bonnet", "price_min": "6760", "price_max": "8260"}, {"part_name": "Front Door", "price_min": "7800", "price_max": "9530"}, {"part_name": "Bootlid", "price_min": "8160", "price_max": "9980"}, {"part_name": "Front Windscreen Glass", "price_min": "3450", "price_max": "4210"}, {"part_name": "Side Mirrors", "price_min": "1530", "price_max": "1870"}, {"part_name": "Front Strut", "price_min": "2000", "price_max": "2450"}, {"part_name": "Front Suspension Lower Arm", "price_min": "2160", "price_max": "2640"}, {"part_name": "Suspension Overhaul", "price_min": "3420", "price_max": "4180"}]}}]}]}