{"value": "Rolls-Royce", "data-make-id": "571", "model_list": [{"model_org_name": "Cullinan", "ex_showroom_price": 69500000, "body_type": "suv", "model": "cullinan", "model_id": "48331", "make_id": "571", "make": "rolls-royce", "trim_list": [{"trim": "v12", "model_org_name": "Cullinan", "ex_showroom_price": 69500000, "body_type": "suv", "model": "cullinan", "model_id": "48331", "fuel_type": "petrol", "make_id": "571", "trim_id": "535031", "make": "rolls-royce", "trim_org_name": "V12"}]}, {"model_org_name": "Ghost Series II", "ex_showroom_price": 51200000, "body_type": "sedan", "model": "ghost series ii", "model_id": "9701", "make_id": "571", "make": "rolls-royce", "trim_list": [{"trim": "6.6", "model_org_name": "Ghost Series II", "ex_showroom_price": 46709733, "body_type": "sedan", "model": "ghost series ii", "model_id": "9701", "fuel_type": "petrol", "make_id": "571", "trim_id": "482311", "make": "rolls-royce", "trim_org_name": "6.6", "data": {"code": "success", "data": {"fuel_type": "petrol", "body_type": "sedan", "vehicle_image": "https://cdn1.acedms.com/uploads/category/rolls-royce/20171215094621000000-558670398484352321.png"}, "prices_list": [{"part_name": "Wiper Blades", "price_min": "540", "price_max": "660"}, {"part_name": "Front Bumper", "price_min": "2080", "price_max": "2540"}, {"part_name": "Front Fender", "price_min": "1720", "price_max": "2100"}, {"part_name": "Bonnet", "price_min": "4030", "price_max": "4920"}, {"part_name": "Front Door", "price_min": "6150", "price_max": "7520"}, {"part_name": "Bootlid", "price_min": "4690", "price_max": "5730"}, {"part_name": "Front Windscreen Glass", "price_min": "3130", "price_max": "3830"}, {"part_name": "Side Mirrors", "price_min": "1280", "price_max": "1560"}, {"part_name": "Front Strut", "price_min": "1600", "price_max": "1950"}, {"part_name": "Front Suspension Lower Arm", "price_min": "1650", "price_max": "2020"}, {"part_name": "Suspension Overhaul", "price_min": "2430", "price_max": "2970"}]}}, {"trim": "black badge", "model_org_name": "Ghost Series II", "ex_showroom_price": 53700000, "body_type": "sedan", "model": "ghost series ii", "model_id": "9701", "fuel_type": "petrol", "make_id": "571", "trim_id": "584800", "make": "rolls-royce", "trim_org_name": "Black Badge"}, {"trim": "ewb", "model_org_name": "Ghost Series II", "ex_showroom_price": 51200000, "body_type": "sedan", "model": "ghost series ii", "model_id": "9701", "fuel_type": "petrol", "make_id": "571", "trim_id": "482321", "make": "rolls-royce", "trim_org_name": "EWB", "data": {"code": "success", "data": {"fuel_type": "petrol", "body_type": "sedan", "vehicle_image": "https://cdn1.acedms.com/uploads/category/rolls-royce/20171215094621000000-558670398484352321.png"}, "prices_list": [{"part_name": "Wiper Blades", "price_min": "540", "price_max": "660"}, {"part_name": "Front Bumper", "price_min": "2080", "price_max": "2540"}, {"part_name": "Front Fender", "price_min": "1720", "price_max": "2100"}, {"part_name": "Bonnet", "price_min": "4030", "price_max": "4920"}, {"part_name": "Front Door", "price_min": "6150", "price_max": "7520"}, {"part_name": "Bootlid", "price_min": "4690", "price_max": "5730"}, {"part_name": "Front Windscreen Glass", "price_min": "3130", "price_max": "3830"}, {"part_name": "Side Mirrors", "price_min": "1280", "price_max": "1560"}, {"part_name": "Front Strut", "price_min": "1600", "price_max": "1950"}, {"part_name": "Front Suspension Lower Arm", "price_min": "1650", "price_max": "2020"}, {"part_name": "Suspension Overhaul", "price_min": "2430", "price_max": "2970"}]}}]}, {"model_org_name": "Phantom", "ex_showroom_price": 89900000, "body_type": "sedan", "model": "phantom", "model_id": "6601", "make_id": "571", "make": "rolls-royce", "trim_list": [{"trim": "ewb", "model_org_name": "Phantom", "ex_showroom_price": 104800000, "body_type": "sedan", "model": "phantom", "model_id": "6601", "fuel_type": "petrol", "make_id": "571", "trim_id": "203071", "make": "rolls-royce", "trim_org_name": "EWB", "data": {"code": "success", "data": {"fuel_type": "petrol", "body_type": "sedan", "vehicle_image": "https://cdn1.acedms.com/uploads/category/rolls-royce/20171215091815000000-3881585705338378753.png"}, "prices_list": [{"part_name": "Wiper Blades", "price_min": "540", "price_max": "660"}, {"part_name": "Front Bumper", "price_min": "2080", "price_max": "2540"}, {"part_name": "Front Fender", "price_min": "1720", "price_max": "2100"}, {"part_name": "Bonnet", "price_min": "4030", "price_max": "4920"}, {"part_name": "Front Door", "price_min": "6150", "price_max": "7520"}, {"part_name": "Bootlid", "price_min": "4690", "price_max": "5730"}, {"part_name": "Front Windscreen Glass", "price_min": "3130", "price_max": "3830"}, {"part_name": "Side Mirrors", "price_min": "1280", "price_max": "1560"}, {"part_name": "Front Strut", "price_min": "1600", "price_max": "1950"}, {"part_name": "Front Suspension Lower Arm", "price_min": "1650", "price_max": "2020"}, {"part_name": "Suspension Overhaul", "price_min": "2430", "price_max": "2970"}]}}, {"trim": "sedan", "model_org_name": "Phantom", "ex_showroom_price": 89900000, "body_type": "sedan", "model": "phantom", "model_id": "6601", "fuel_type": "petrol", "make_id": "571", "trim_id": "203081", "make": "rolls-royce", "trim_org_name": "SEDAN", "data": {"code": "success", "data": {"fuel_type": "petrol", "body_type": "sedan", "vehicle_image": "https://cdn1.acedms.com/uploads/category/rolls-royce/20171215091815000000-3881585705338378753.png"}, "prices_list": [{"part_name": "Wiper Blades", "price_min": "540", "price_max": "660"}, {"part_name": "Front Bumper", "price_min": "2080", "price_max": "2540"}, {"part_name": "Front Fender", "price_min": "1720", "price_max": "2100"}, {"part_name": "Bonnet", "price_min": "4030", "price_max": "4920"}, {"part_name": "Front Door", "price_min": "6150", "price_max": "7520"}, {"part_name": "Bootlid", "price_min": "4690", "price_max": "5730"}, {"part_name": "Front Windscreen Glass", "price_min": "3130", "price_max": "3830"}, {"part_name": "Side Mirrors", "price_min": "1280", "price_max": "1560"}, {"part_name": "Front Strut", "price_min": "1600", "price_max": "1950"}, {"part_name": "Front Suspension Lower Arm", "price_min": "1650", "price_max": "2020"}, {"part_name": "Suspension Overhaul", "price_min": "2430", "price_max": "2970"}]}}]}, {"model_org_name": "Phantom VIII", "ex_showroom_price": 95000000, "body_type": "sedan", "model": "phantom viii", "model_id": "42381", "make_id": "571", "make": "rolls-royce", "trim_list": [{"trim": "sedan", "model_org_name": "Phantom VIII", "ex_showroom_price": 95000000, "body_type": "sedan", "model": "phantom viii", "model_id": "42381", "fuel_type": "petrol", "make_id": "571", "trim_id": "517971", "make": "rolls-royce", "trim_org_name": "SEDAN", "data": {"code": "success", "data": {"fuel_type": "petrol", "body_type": "sedan", "vehicle_image": "https://cdn1.acedms.com/uploads/category/rolls-royce/20200709055946000000-2131211669717781505.jpg"}, "prices_list": [{"part_name": "Wiper Blades", "price_min": "540", "price_max": "660"}, {"part_name": "Front Bumper", "price_min": "2080", "price_max": "2540"}, {"part_name": "Front Fender", "price_min": "1720", "price_max": "2100"}, {"part_name": "Bonnet", "price_min": "4030", "price_max": "4920"}, {"part_name": "Front Door", "price_min": "6150", "price_max": "7520"}, {"part_name": "Bootlid", "price_min": "4690", "price_max": "5730"}, {"part_name": "Front Windscreen Glass", "price_min": "3130", "price_max": "3830"}, {"part_name": "Side Mirrors", "price_min": "1280", "price_max": "1560"}, {"part_name": "Front Strut", "price_min": "1600", "price_max": "1950"}, {"part_name": "Front Suspension Lower Arm", "price_min": "1650", "price_max": "2020"}, {"part_name": "Suspension Overhaul", "price_min": "2430", "price_max": "2970"}]}}]}]}