{"value": "Volvo", "data-make-id": "451", "model_list": [{"model_org_name": "S60", "ex_showroom_price": 3203600, "body_type": "sedan", "model": "s60", "model_id": "5271", "make_id": "451", "make": "volvo", "trim_list": [{"trim": "cross country", "model_org_name": "S60", "ex_showroom_price": 3890000, "body_type": "sedan", "model": "s60", "model_id": "5271", "fuel_type": "diesel", "make_id": "451", "trim_id": "401551", "make": "volvo", "trim_org_name": "CROSS COUNTRY", "data": {"code": "success", "data": {"fuel_type": "diesel", "body_type": "sedan", "vehicle_image": "https://cdn1.acedms.com/uploads/category/volvo/20170927080658000000-4671331953855875073.png"}, "prices_list": [{"part_name": "Wiper Blades", "price_min": "550", "price_max": "670"}, {"part_name": "Front Bumper", "price_min": "2030", "price_max": "2480"}, {"part_name": "Front Fender", "price_min": "1660", "price_max": "2030"}, {"part_name": "Bonnet", "price_min": "3980", "price_max": "4860"}, {"part_name": "Front Door", "price_min": "5980", "price_max": "7310"}, {"part_name": "Bootlid", "price_min": "4530", "price_max": "5540"}, {"part_name": "Front Windscreen Glass", "price_min": "3180", "price_max": "3880"}, {"part_name": "Side Mirrors", "price_min": "1370", "price_max": "1680"}, {"part_name": "Front Strut", "price_min": "1600", "price_max": "1960"}, {"part_name": "Front Suspension Lower Arm", "price_min": "1560", "price_max": "1900"}, {"part_name": "Suspension Overhaul", "price_min": "2700", "price_max": "3300"}]}}, {"trim": "cross country inscription", "model_org_name": "S60", "ex_showroom_price": 4426500, "body_type": "sedan", "model": "s60", "model_id": "5271", "fuel_type": "diesel", "make_id": "451", "trim_id": "401481", "make": "volvo", "trim_org_name": "CROSS COUNTRY INSCRIPTION", "data": {"code": "success", "data": {"fuel_type": "diesel", "body_type": "sedan", "vehicle_image": "https://cdn1.acedms.com/uploads/category/volvo/20170927080658000000-4671331953855875073.png"}, "prices_list": [{"part_name": "Wiper Blades", "price_min": "550", "price_max": "670"}, {"part_name": "Front Bumper", "price_min": "2030", "price_max": "2480"}, {"part_name": "Front Fender", "price_min": "1660", "price_max": "2030"}, {"part_name": "Bonnet", "price_min": "3980", "price_max": "4860"}, {"part_name": "Front Door", "price_min": "5980", "price_max": "7310"}, {"part_name": "Bootlid", "price_min": "4530", "price_max": "5540"}, {"part_name": "Front Windscreen Glass", "price_min": "3180", "price_max": "3880"}, {"part_name": "Side Mirrors", "price_min": "1370", "price_max": "1680"}, {"part_name": "Front Strut", "price_min": "1600", "price_max": "1960"}, {"part_name": "Front Suspension Lower Arm", "price_min": "1560", "price_max": "1900"}, {"part_name": "Suspension Overhaul", "price_min": "2700", "price_max": "3300"}]}}, {"trim": "d4 momentum", "model_org_name": "S60", "ex_showroom_price": 3725000, "body_type": "sedan", "model": "s60", "model_id": "5271", "fuel_type": "diesel", "make_id": "451", "trim_id": "401541", "make": "volvo", "trim_org_name": "D4 MOMENTUM", "data": {"code": "success", "data": {"fuel_type": "diesel", "body_type": "sedan", "vehicle_image": "https://cdn1.acedms.com/uploads/category/volvo/20170927080658000000-4671331953855875073.png"}, "prices_list": [{"part_name": "Wiper Blades", "price_min": "550", "price_max": "670"}, {"part_name": "Front Bumper", "price_min": "2030", "price_max": "2480"}, {"part_name": "Front Fender", "price_min": "1660", "price_max": "2030"}, {"part_name": "Bonnet", "price_min": "3980", "price_max": "4860"}, {"part_name": "Front Door", "price_min": "5980", "price_max": "7310"}, {"part_name": "Bootlid", "price_min": "4530", "price_max": "5540"}, {"part_name": "Front Windscreen Glass", "price_min": "3180", "price_max": "3880"}, {"part_name": "Side Mirrors", "price_min": "1370", "price_max": "1680"}, {"part_name": "Front Strut", "price_min": "1600", "price_max": "1960"}, {"part_name": "Front Suspension Lower Arm", "price_min": "1560", "price_max": "1900"}, {"part_name": "Suspension Overhaul", "price_min": "2700", "price_max": "3300"}]}}, {"trim": "diesel", "model_org_name": "S60", "ex_showroom_price": 3000000, "body_type": "sedan", "model": "s60", "model_id": "5271", "fuel_type": "diesel", "make_id": "451", "trim_id": "524451", "make": "volvo", "trim_org_name": "DIESEL", "data": {"code": "success", "data": {"fuel_type": "diesel", "body_type": "sedan", "vehicle_image": "https://cdn1.acedms.com/uploads/category/volvo/20170927080658000000-4671331953855875073.png"}, "prices_list": [{"part_name": "Wiper Blades", "price_min": "550", "price_max": "670"}, {"part_name": "Front Bumper", "price_min": "2030", "price_max": "2480"}, {"part_name": "Front Fender", "price_min": "1660", "price_max": "2030"}, {"part_name": "Bonnet", "price_min": "3980", "price_max": "4860"}, {"part_name": "Front Door", "price_min": "5980", "price_max": "7310"}, {"part_name": "Bootlid", "price_min": "4530", "price_max": "5540"}, {"part_name": "Front Windscreen Glass", "price_min": "3180", "price_max": "3880"}, {"part_name": "Side Mirrors", "price_min": "1370", "price_max": "1680"}, {"part_name": "Front Strut", "price_min": "1600", "price_max": "1960"}, {"part_name": "Front Suspension Lower Arm", "price_min": "1560", "price_max": "1900"}, {"part_name": "Suspension Overhaul", "price_min": "2700", "price_max": "3300"}]}}, {"trim": "inscription", "model_org_name": "S60", "ex_showroom_price": 4085000, "body_type": "sedan", "model": "s60", "model_id": "5271", "fuel_type": "diesel", "make_id": "451", "trim_id": "401471", "make": "volvo", "trim_org_name": "INSCRIPTION", "data": {"code": "success", "data": {"fuel_type": "diesel", "body_type": "sedan", "vehicle_image": "https://cdn1.acedms.com/uploads/category/volvo/20170927080658000000-4671331953855875073.png"}, "prices_list": [{"part_name": "Wiper Blades", "price_min": "550", "price_max": "670"}, {"part_name": "Front Bumper", "price_min": "2030", "price_max": "2480"}, {"part_name": "Front Fender", "price_min": "1660", "price_max": "2030"}, {"part_name": "Bonnet", "price_min": "3980", "price_max": "4860"}, {"part_name": "Front Door", "price_min": "5980", "price_max": "7310"}, {"part_name": "Bootlid", "price_min": "4530", "price_max": "5540"}, {"part_name": "Front Windscreen Glass", "price_min": "3180", "price_max": "3880"}, {"part_name": "Side Mirrors", "price_min": "1370", "price_max": "1680"}, {"part_name": "Front Strut", "price_min": "1600", "price_max": "1960"}, {"part_name": "Front Suspension Lower Arm", "price_min": "1560", "price_max": "1900"}, {"part_name": "Suspension Overhaul", "price_min": "2700", "price_max": "3300"}]}}, {"trim": "kinetic", "model_org_name": "S60", "ex_showroom_price": 3440000, "body_type": "sedan", "model": "s60", "model_id": "5271", "fuel_type": "diesel", "make_id": "451", "trim_id": "401461", "make": "volvo", "trim_org_name": "KINETIC", "data": {"code": "success", "data": {"fuel_type": "diesel", "body_type": "sedan", "vehicle_image": "https://cdn1.acedms.com/uploads/category/volvo/20170927080658000000-4671331953855875073.png"}, "prices_list": [{"part_name": "Wiper Blades", "price_min": "550", "price_max": "670"}, {"part_name": "Front Bumper", "price_min": "2030", "price_max": "2480"}, {"part_name": "Front Fender", "price_min": "1660", "price_max": "2030"}, {"part_name": "Bonnet", "price_min": "3980", "price_max": "4860"}, {"part_name": "Front Door", "price_min": "5980", "price_max": "7310"}, {"part_name": "Bootlid", "price_min": "4530", "price_max": "5540"}, {"part_name": "Front Windscreen Glass", "price_min": "3180", "price_max": "3880"}, {"part_name": "Side Mirrors", "price_min": "1370", "price_max": "1680"}, {"part_name": "Front Strut", "price_min": "1600", "price_max": "1960"}, {"part_name": "Front Suspension Lower Arm", "price_min": "1560", "price_max": "1900"}, {"part_name": "Suspension Overhaul", "price_min": "2700", "price_max": "3300"}]}}, {"trim": "kinetic d3", "model_org_name": "S60", "ex_showroom_price": 3148100, "body_type": "sedan", "model": "s60", "model_id": "5271", "fuel_type": "diesel", "make_id": "451", "trim_id": "401421", "make": "volvo", "trim_org_name": "KINETIC D3"}, {"trim": "kinetic d5", "model_org_name": "S60", "ex_showroom_price": 3203600, "body_type": "sedan", "model": "s60", "model_id": "5271", "fuel_type": "diesel", "make_id": "451", "trim_id": "401431", "make": "volvo", "trim_org_name": "KINETIC D5", "data": {"code": "success", "data": {"fuel_type": "diesel", "body_type": "sedan", "vehicle_image": "https://cdn1.acedms.com/uploads/category/volvo/20170927080658000000-4671331953855875073.png"}, "prices_list": [{"part_name": "Wiper Blades", "price_min": "550", "price_max": "670"}, {"part_name": "Front Bumper", "price_min": "2030", "price_max": "2480"}, {"part_name": "Front Fender", "price_min": "1660", "price_max": "2030"}, {"part_name": "Bonnet", "price_min": "3980", "price_max": "4860"}, {"part_name": "Front Door", "price_min": "5980", "price_max": "7310"}, {"part_name": "Bootlid", "price_min": "4530", "price_max": "5540"}, {"part_name": "Front Windscreen Glass", "price_min": "3180", "price_max": "3880"}, {"part_name": "Side Mirrors", "price_min": "1370", "price_max": "1680"}, {"part_name": "Front Strut", "price_min": "1600", "price_max": "1960"}, {"part_name": "Front Suspension Lower Arm", "price_min": "1560", "price_max": "1900"}, {"part_name": "Suspension Overhaul", "price_min": "2700", "price_max": "3300"}]}}, {"trim": "momentum", "model_org_name": "S60", "ex_showroom_price": 6482363, "body_type": "sedan", "model": "s60", "model_id": "5271", "fuel_type": "diesel", "make_id": "451", "trim_id": "401491", "make": "volvo", "trim_org_name": "MOMENTUM", "data": {"code": "success", "data": {"fuel_type": "diesel", "body_type": "sedan", "vehicle_image": "https://cdn1.acedms.com/uploads/category/volvo/20170927080658000000-4671331953855875073.png"}, "prices_list": [{"part_name": "Wiper Blades", "price_min": "550", "price_max": "670"}, {"part_name": "Front Bumper", "price_min": "2030", "price_max": "2480"}, {"part_name": "Front Fender", "price_min": "1660", "price_max": "2030"}, {"part_name": "Bonnet", "price_min": "3980", "price_max": "4860"}, {"part_name": "Front Door", "price_min": "5980", "price_max": "7310"}, {"part_name": "Bootlid", "price_min": "4530", "price_max": "5540"}, {"part_name": "Front Windscreen Glass", "price_min": "3180", "price_max": "3880"}, {"part_name": "Side Mirrors", "price_min": "1370", "price_max": "1680"}, {"part_name": "Front Strut", "price_min": "1600", "price_max": "1960"}, {"part_name": "Front Suspension Lower Arm", "price_min": "1560", "price_max": "1900"}, {"part_name": "Suspension Overhaul", "price_min": "2700", "price_max": "3300"}]}}, {"trim": "polestar", "model_org_name": "S60", "ex_showroom_price": 5602000, "body_type": "sedan", "model": "s60", "model_id": "5271", "fuel_type": "diesel", "make_id": "451", "trim_id": "401561", "make": "volvo", "trim_org_name": "POLESTAR", "data": {"code": "success", "data": {"fuel_type": "diesel", "body_type": "sedan", "vehicle_image": "https://cdn1.acedms.com/uploads/category/volvo/20170927080658000000-4671331953855875073.png"}, "prices_list": [{"part_name": "Wiper Blades", "price_min": "550", "price_max": "670"}, {"part_name": "Front Bumper", "price_min": "2030", "price_max": "2480"}, {"part_name": "Front Fender", "price_min": "1660", "price_max": "2030"}, {"part_name": "Bonnet", "price_min": "3980", "price_max": "4860"}, {"part_name": "Front Door", "price_min": "5980", "price_max": "7310"}, {"part_name": "Bootlid", "price_min": "4530", "price_max": "5540"}, {"part_name": "Front Windscreen Glass", "price_min": "3180", "price_max": "3880"}, {"part_name": "Side Mirrors", "price_min": "1370", "price_max": "1680"}, {"part_name": "Front Strut", "price_min": "1600", "price_max": "1960"}, {"part_name": "Front Suspension Lower Arm", "price_min": "1560", "price_max": "1900"}, {"part_name": "Suspension Overhaul", "price_min": "2700", "price_max": "3300"}]}}, {"trim": "summum d3", "model_org_name": "S60", "ex_showroom_price": 2782100, "body_type": "sedan", "model": "s60", "model_id": "5271", "fuel_type": "diesel", "make_id": "451", "trim_id": "401441", "make": "volvo", "trim_org_name": "SUMMUM D3", "data": {"code": "success", "data": {"fuel_type": "diesel", "body_type": "sedan", "vehicle_image": "https://cdn1.acedms.com/uploads/category/volvo/20170927080658000000-4671331953855875073.png"}, "prices_list": [{"part_name": "Wiper Blades", "price_min": "550", "price_max": "670"}, {"part_name": "Front Bumper", "price_min": "2030", "price_max": "2480"}, {"part_name": "Front Fender", "price_min": "1660", "price_max": "2030"}, {"part_name": "Bonnet", "price_min": "3980", "price_max": "4860"}, {"part_name": "Front Door", "price_min": "5980", "price_max": "7310"}, {"part_name": "Bootlid", "price_min": "4530", "price_max": "5540"}, {"part_name": "Front Windscreen Glass", "price_min": "3180", "price_max": "3880"}, {"part_name": "Side Mirrors", "price_min": "1370", "price_max": "1680"}, {"part_name": "Front Strut", "price_min": "1600", "price_max": "1960"}, {"part_name": "Front Suspension Lower Arm", "price_min": "1560", "price_max": "1900"}, {"part_name": "Suspension Overhaul", "price_min": "2700", "price_max": "3300"}]}}, {"trim": "t6", "model_org_name": "S60", "ex_showroom_price": 4326000, "body_type": "sedan", "model": "s60", "model_id": "5271", "fuel_type": "petrol", "make_id": "451", "trim_id": "401501", "make": "volvo", "trim_org_name": "T6", "data": {"code": "success", "data": {"fuel_type": "petrol", "body_type": "sedan", "vehicle_image": "https://cdn1.acedms.com/uploads/category/volvo/20170927080658000000-4671331953855875073.png"}, "prices_list": [{"part_name": "Wiper Blades", "price_min": "540", "price_max": "660"}, {"part_name": "Front Bumper", "price_min": "2080", "price_max": "2540"}, {"part_name": "Front Fender", "price_min": "1720", "price_max": "2100"}, {"part_name": "Bonnet", "price_min": "4030", "price_max": "4920"}, {"part_name": "Front Door", "price_min": "6150", "price_max": "7520"}, {"part_name": "Bootlid", "price_min": "4690", "price_max": "5730"}, {"part_name": "Front Windscreen Glass", "price_min": "3130", "price_max": "3830"}, {"part_name": "Side Mirrors", "price_min": "1280", "price_max": "1560"}, {"part_name": "Front Strut", "price_min": "1600", "price_max": "1950"}, {"part_name": "Front Suspension Lower Arm", "price_min": "1650", "price_max": "2020"}, {"part_name": "Suspension Overhaul", "price_min": "2430", "price_max": "2970"}]}}]}, {"model_org_name": "S80", "ex_showroom_price": 3623600, "body_type": "sedan", "model": "s80", "model_id": "5281", "make_id": "451", "make": "volvo", "trim_list": [{"trim": "d5", "model_org_name": "S80", "ex_showroom_price": 4350200, "body_type": "sedan", "model": "s80", "model_id": "5281", "fuel_type": "diesel", "make_id": "451", "trim_id": "335151", "make": "volvo", "trim_org_name": "D5", "data": {"code": "success", "data": {"fuel_type": "diesel", "body_type": "sedan", "vehicle_image": "https://cdn1.acedms.com/uploads/category/volvo/20171215052538000000-4635337756530128897.png"}, "prices_list": [{"part_name": "Wiper Blades", "price_min": "550", "price_max": "670"}, {"part_name": "Front Bumper", "price_min": "2030", "price_max": "2480"}, {"part_name": "Front Fender", "price_min": "1660", "price_max": "2030"}, {"part_name": "Bonnet", "price_min": "3980", "price_max": "4860"}, {"part_name": "Front Door", "price_min": "5980", "price_max": "7310"}, {"part_name": "Bootlid", "price_min": "4530", "price_max": "5540"}, {"part_name": "Front Windscreen Glass", "price_min": "3180", "price_max": "3880"}, {"part_name": "Side Mirrors", "price_min": "1370", "price_max": "1680"}, {"part_name": "Front Strut", "price_min": "1600", "price_max": "1960"}, {"part_name": "Front Suspension Lower Arm", "price_min": "1560", "price_max": "1900"}, {"part_name": "Suspension Overhaul", "price_min": "2700", "price_max": "3300"}]}}, {"trim": "inscription", "model_org_name": "S80", "ex_showroom_price": 4820000, "body_type": "sedan", "model": "s80", "model_id": "5281", "fuel_type": "diesel", "make_id": "451", "trim_id": "335201", "make": "volvo", "trim_org_name": "INSCRIPTION", "data": {"code": "success", "data": {"fuel_type": "diesel", "body_type": "sedan", "vehicle_image": "https://cdn1.acedms.com/uploads/category/volvo/20171215052538000000-4635337756530128897.png"}, "prices_list": [{"part_name": "Wiper Blades", "price_min": "550", "price_max": "670"}, {"part_name": "Front Bumper", "price_min": "2030", "price_max": "2480"}, {"part_name": "Front Fender", "price_min": "1660", "price_max": "2030"}, {"part_name": "Bonnet", "price_min": "3980", "price_max": "4860"}, {"part_name": "Front Door", "price_min": "5980", "price_max": "7310"}, {"part_name": "Bootlid", "price_min": "4530", "price_max": "5540"}, {"part_name": "Front Windscreen Glass", "price_min": "3180", "price_max": "3880"}, {"part_name": "Side Mirrors", "price_min": "1370", "price_max": "1680"}, {"part_name": "Front Strut", "price_min": "1600", "price_max": "1960"}, {"part_name": "Front Suspension Lower Arm", "price_min": "1560", "price_max": "1900"}, {"part_name": "Suspension Overhaul", "price_min": "2700", "price_max": "3300"}]}}, {"trim": "kinetic d3", "model_org_name": "S80", "ex_showroom_price": 3016300, "body_type": "sedan", "model": "s80", "model_id": "5281", "fuel_type": "diesel", "make_id": "451", "trim_id": "335171", "make": "volvo", "trim_org_name": "KINETIC D3", "data": {"code": "success", "data": {"fuel_type": "diesel", "body_type": "sedan", "vehicle_image": "https://cdn1.acedms.com/uploads/category/volvo/20171215052538000000-4635337756530128897.png"}, "prices_list": [{"part_name": "Wiper Blades", "price_min": "550", "price_max": "670"}, {"part_name": "Front Bumper", "price_min": "2030", "price_max": "2480"}, {"part_name": "Front Fender", "price_min": "1660", "price_max": "2030"}, {"part_name": "Bonnet", "price_min": "3980", "price_max": "4860"}, {"part_name": "Front Door", "price_min": "5980", "price_max": "7310"}, {"part_name": "Bootlid", "price_min": "4530", "price_max": "5540"}, {"part_name": "Front Windscreen Glass", "price_min": "3180", "price_max": "3880"}, {"part_name": "Side Mirrors", "price_min": "1370", "price_max": "1680"}, {"part_name": "Front Strut", "price_min": "1600", "price_max": "1960"}, {"part_name": "Front Suspension Lower Arm", "price_min": "1560", "price_max": "1900"}, {"part_name": "Suspension Overhaul", "price_min": "2700", "price_max": "3300"}]}}, {"trim": "kinetic d4", "model_org_name": "S80", "ex_showroom_price": 3153100, "body_type": "sedan", "model": "s80", "model_id": "5281", "fuel_type": "diesel", "make_id": "451", "trim_id": "335191", "make": "volvo", "trim_org_name": "KINETIC D4", "data": {"code": "success", "data": {"fuel_type": "diesel", "body_type": "sedan", "vehicle_image": "https://cdn1.acedms.com/uploads/category/volvo/20171215052538000000-4635337756530128897.png"}, "prices_list": [{"part_name": "Wiper Blades", "price_min": "550", "price_max": "670"}, {"part_name": "Front Bumper", "price_min": "2030", "price_max": "2480"}, {"part_name": "Front Fender", "price_min": "1660", "price_max": "2030"}, {"part_name": "Bonnet", "price_min": "3980", "price_max": "4860"}, {"part_name": "Front Door", "price_min": "5980", "price_max": "7310"}, {"part_name": "Bootlid", "price_min": "4530", "price_max": "5540"}, {"part_name": "Front Windscreen Glass", "price_min": "3180", "price_max": "3880"}, {"part_name": "Side Mirrors", "price_min": "1370", "price_max": "1680"}, {"part_name": "Front Strut", "price_min": "1600", "price_max": "1960"}, {"part_name": "Front Suspension Lower Arm", "price_min": "1560", "price_max": "1900"}, {"part_name": "Suspension Overhaul", "price_min": "2700", "price_max": "3300"}]}}, {"trim": "momentum", "model_org_name": "S80", "ex_showroom_price": 4575000, "body_type": "sedan", "model": "s80", "model_id": "5281", "fuel_type": "diesel", "make_id": "451", "trim_id": "335211", "make": "volvo", "trim_org_name": "MOMENTUM", "data": {"code": "success", "data": {"fuel_type": "diesel", "body_type": "sedan", "vehicle_image": "https://cdn1.acedms.com/uploads/category/volvo/20171215052538000000-4635337756530128897.png"}, "prices_list": [{"part_name": "Wiper Blades", "price_min": "550", "price_max": "670"}, {"part_name": "Front Bumper", "price_min": "2030", "price_max": "2480"}, {"part_name": "Front Fender", "price_min": "1660", "price_max": "2030"}, {"part_name": "Bonnet", "price_min": "3980", "price_max": "4860"}, {"part_name": "Front Door", "price_min": "5980", "price_max": "7310"}, {"part_name": "Bootlid", "price_min": "4530", "price_max": "5540"}, {"part_name": "Front Windscreen Glass", "price_min": "3180", "price_max": "3880"}, {"part_name": "Side Mirrors", "price_min": "1370", "price_max": "1680"}, {"part_name": "Front Strut", "price_min": "1600", "price_max": "1960"}, {"part_name": "Front Suspension Lower Arm", "price_min": "1560", "price_max": "1900"}, {"part_name": "Suspension Overhaul", "price_min": "2700", "price_max": "3300"}]}}, {"trim": "summum d4", "model_org_name": "S80", "ex_showroom_price": 3127500, "body_type": "sedan", "model": "s80", "model_id": "5281", "fuel_type": "diesel", "make_id": "451", "trim_id": "335121", "make": "volvo", "trim_org_name": "SUMMUM D4", "data": {"code": "success", "data": {"fuel_type": "diesel", "body_type": "sedan", "vehicle_image": "https://cdn1.acedms.com/uploads/category/volvo/20171215052538000000-4635337756530128897.png"}, "prices_list": [{"part_name": "Wiper Blades", "price_min": "550", "price_max": "670"}, {"part_name": "Front Bumper", "price_min": "2030", "price_max": "2480"}, {"part_name": "Front Fender", "price_min": "1660", "price_max": "2030"}, {"part_name": "Bonnet", "price_min": "3980", "price_max": "4860"}, {"part_name": "Front Door", "price_min": "5980", "price_max": "7310"}, {"part_name": "Bootlid", "price_min": "4530", "price_max": "5540"}, {"part_name": "Front Windscreen Glass", "price_min": "3180", "price_max": "3880"}, {"part_name": "Side Mirrors", "price_min": "1370", "price_max": "1680"}, {"part_name": "Front Strut", "price_min": "1600", "price_max": "1960"}, {"part_name": "Front Suspension Lower Arm", "price_min": "1560", "price_max": "1900"}, {"part_name": "Suspension Overhaul", "price_min": "2700", "price_max": "3300"}]}}, {"trim": "summum d5", "model_org_name": "S80", "ex_showroom_price": 4036900, "body_type": "sedan", "model": "s80", "model_id": "5281", "fuel_type": "diesel", "make_id": "451", "trim_id": "335131", "make": "volvo", "trim_org_name": "SUMMUM D5", "data": {"code": "success", "data": {"fuel_type": "diesel", "body_type": "sedan", "vehicle_image": "https://cdn1.acedms.com/uploads/category/volvo/20171215052538000000-4635337756530128897.png"}, "prices_list": [{"part_name": "Wiper Blades", "price_min": "550", "price_max": "670"}, {"part_name": "Front Bumper", "price_min": "2030", "price_max": "2480"}, {"part_name": "Front Fender", "price_min": "1660", "price_max": "2030"}, {"part_name": "Bonnet", "price_min": "3980", "price_max": "4860"}, {"part_name": "Front Door", "price_min": "5980", "price_max": "7310"}, {"part_name": "Bootlid", "price_min": "4530", "price_max": "5540"}, {"part_name": "Front Windscreen Glass", "price_min": "3180", "price_max": "3880"}, {"part_name": "Side Mirrors", "price_min": "1370", "price_max": "1680"}, {"part_name": "Front Strut", "price_min": "1600", "price_max": "1960"}, {"part_name": "Front Suspension Lower Arm", "price_min": "1560", "price_max": "1900"}, {"part_name": "Suspension Overhaul", "price_min": "2700", "price_max": "3300"}]}}, {"trim": "v8 awd", "model_org_name": "S80", "ex_showroom_price": 3623600, "body_type": "sedan", "model": "s80", "model_id": "5281", "fuel_type": "diesel", "make_id": "451", "trim_id": "335161", "make": "volvo", "trim_org_name": "V8 AWD", "data": {"code": "success", "data": {"fuel_type": "diesel", "body_type": "sedan", "vehicle_image": "https://cdn1.acedms.com/uploads/category/volvo/20171215052538000000-4635337756530128897.png"}, "prices_list": [{"part_name": "Wiper Blades", "price_min": "550", "price_max": "670"}, {"part_name": "Front Bumper", "price_min": "2030", "price_max": "2480"}, {"part_name": "Front Fender", "price_min": "1660", "price_max": "2030"}, {"part_name": "Bonnet", "price_min": "3980", "price_max": "4860"}, {"part_name": "Front Door", "price_min": "5980", "price_max": "7310"}, {"part_name": "Bootlid", "price_min": "4530", "price_max": "5540"}, {"part_name": "Front Windscreen Glass", "price_min": "3180", "price_max": "3880"}, {"part_name": "Side Mirrors", "price_min": "1370", "price_max": "1680"}, {"part_name": "Front Strut", "price_min": "1600", "price_max": "1960"}, {"part_name": "Front Suspension Lower Arm", "price_min": "1560", "price_max": "1900"}, {"part_name": "Suspension Overhaul", "price_min": "2700", "price_max": "3300"}]}}]}, {"model_org_name": "S90", "ex_showroom_price": 6148851, "body_type": "sedan", "model": "s90", "model_id": "9741", "make_id": "451", "make": "volvo", "trim_list": [{"trim": "inscription d4", "model_org_name": "S90", "ex_showroom_price": 6148851, "body_type": "sedan", "model": "s90", "model_id": "9741", "fuel_type": "diesel", "make_id": "451", "trim_id": "51261", "make": "volvo", "trim_org_name": "INSCRIPTION D4"}, {"trim": "inscription luxury", "model_org_name": "S90", "ex_showroom_price": 5290000, "body_type": "sedan", "model": "s90", "model_id": "9741", "fuel_type": "diesel", "make_id": "451", "trim_id": "516291", "make": "volvo", "trim_org_name": "INSCRIPTION LUXURY", "data": {"code": "success", "data": {"fuel_type": "diesel", "body_type": "sedan", "vehicle_image": "https://cdn1.acedms.com/uploads/category/volvo/20171215055006000000-7752596232191608833.jpg"}, "prices_list": [{"part_name": "Wiper Blades", "price_min": "550", "price_max": "670"}, {"part_name": "Front Bumper", "price_min": "2030", "price_max": "2480"}, {"part_name": "Front Fender", "price_min": "1660", "price_max": "2030"}, {"part_name": "Bonnet", "price_min": "3980", "price_max": "4860"}, {"part_name": "Front Door", "price_min": "5980", "price_max": "7310"}, {"part_name": "Bootlid", "price_min": "4530", "price_max": "5540"}, {"part_name": "Front Windscreen Glass", "price_min": "3180", "price_max": "3880"}, {"part_name": "Side Mirrors", "price_min": "1370", "price_max": "1680"}, {"part_name": "Front Strut", "price_min": "1600", "price_max": "1960"}, {"part_name": "Front Suspension Lower Arm", "price_min": "1560", "price_max": "1900"}, {"part_name": "Suspension Overhaul", "price_min": "2700", "price_max": "3300"}]}}, {"trim": "momentum d4", "model_org_name": "S90", "ex_showroom_price": 5890000, "body_type": "sedan", "model": "s90", "model_id": "9741", "fuel_type": "diesel", "make_id": "451", "trim_id": "563021", "make": "volvo", "trim_org_name": "MOMENTUM D4"}]}, {"model_org_name": "V40", "ex_showroom_price": 3191000, "body_type": "hatchback", "model": "v40", "model_id": "9041", "make_id": "451", "make": "volvo", "trim_list": [{"trim": "d3", "model_org_name": "V40", "ex_showroom_price": 2599250, "body_type": "hatchback", "model": "v40", "model_id": "9041", "fuel_type": "diesel", "make_id": "451", "trim_id": "336071", "make": "volvo", "trim_org_name": "D3", "data": {"code": "success", "data": {"fuel_type": "diesel", "body_type": "hatchback", "vehicle_image": "https://cdn1.acedms.com/uploads/category/volvo/20171215054045000000-1047036567687384449.png"}, "prices_list": [{"part_name": "Wiper Blades", "price_min": "500", "price_max": "610"}, {"part_name": "Front Bumper", "price_min": "1710", "price_max": "2090"}, {"part_name": "Front Fender", "price_min": "1330", "price_max": "1620"}, {"part_name": "Bonnet", "price_min": "3590", "price_max": "4380"}, {"part_name": "Front Door", "price_min": "4960", "price_max": "6060"}, {"part_name": "Bootlid", "price_min": "3970", "price_max": "4850"}, {"part_name": "Front Windscreen Glass", "price_min": "2880", "price_max": "3520"}, {"part_name": "Side Mirrors", "price_min": "1160", "price_max": "1420"}, {"part_name": "Front Strut", "price_min": "1480", "price_max": "1810"}, {"part_name": "Front Suspension Lower Arm", "price_min": "1490", "price_max": "1820"}, {"part_name": "Suspension Overhaul", "price_min": "2160", "price_max": "2640"}]}}, {"trim": "d3 kinetic", "model_org_name": "V40", "ex_showroom_price": 2969400, "body_type": "hatchback", "model": "v40", "model_id": "9041", "fuel_type": "diesel", "make_id": "451", "trim_id": "336081", "make": "volvo", "trim_org_name": "D3 KINETIC", "data": {"code": "success", "data": {"fuel_type": "diesel", "body_type": "hatchback", "vehicle_image": "https://cdn1.acedms.com/uploads/category/volvo/20171215054045000000-1047036567687384449.png"}, "prices_list": [{"part_name": "Wiper Blades", "price_min": "500", "price_max": "610"}, {"part_name": "Front Bumper", "price_min": "1710", "price_max": "2090"}, {"part_name": "Front Fender", "price_min": "1330", "price_max": "1620"}, {"part_name": "Bonnet", "price_min": "3590", "price_max": "4380"}, {"part_name": "Front Door", "price_min": "4960", "price_max": "6060"}, {"part_name": "Bootlid", "price_min": "3970", "price_max": "4850"}, {"part_name": "Front Windscreen Glass", "price_min": "2880", "price_max": "3520"}, {"part_name": "Side Mirrors", "price_min": "1160", "price_max": "1420"}, {"part_name": "Front Strut", "price_min": "1480", "price_max": "1810"}, {"part_name": "Front Suspension Lower Arm", "price_min": "1490", "price_max": "1820"}, {"part_name": "Suspension Overhaul", "price_min": "2160", "price_max": "2640"}]}}, {"trim": "d3 r-design", "model_org_name": "V40", "ex_showroom_price": 3191000, "body_type": "hatchback", "model": "v40", "model_id": "9041", "fuel_type": "diesel", "make_id": "451", "trim_id": "336091", "make": "volvo", "trim_org_name": "D3 R-DESIGN"}]}, {"model_org_name": "XC40", "ex_showroom_price": 4390000, "body_type": "suv", "model": "xc40", "model_id": "41711", "make_id": "451", "make": "volvo", "trim_list": [{"trim": "d4 inscription", "model_org_name": "XC40", "ex_showroom_price": 4390000, "body_type": "suv", "model": "xc40", "model_id": "41711", "fuel_type": "diesel", "make_id": "451", "trim_id": "528221", "make": "volvo", "trim_org_name": "D4 INSCRIPTION"}, {"trim": "d4 momentum", "model_org_name": "XC40", "ex_showroom_price": 3990000, "body_type": "suv", "model": "xc40", "model_id": "41711", "fuel_type": "diesel", "make_id": "451", "trim_id": "528201", "make": "volvo", "trim_org_name": "D4 MOMENTUM"}, {"trim": "d4 r-design", "model_org_name": "XC40", "ex_showroom_price": 4290000, "body_type": "suv", "model": "xc40", "model_id": "41711", "fuel_type": "diesel", "make_id": "451", "trim_id": "528211", "make": "volvo", "trim_org_name": "D4 R-DESIGN"}]}, {"model_org_name": "XC60", "ex_showroom_price": 5290000, "body_type": "suv", "model": "xc60", "model_id": "5261", "make_id": "451", "make": "volvo", "trim_list": [{"trim": "d5 inscription", "model_org_name": "XC60", "ex_showroom_price": 5990000, "body_type": "suv", "model": "xc60", "model_id": "5261", "fuel_type": "diesel", "make_id": "451", "trim_id": "482871", "make": "volvo", "trim_org_name": "D5 INSCRIPTION"}, {"trim": "inscription", "model_org_name": "XC60", "ex_showroom_price": 5522600, "body_type": "suv", "model": "xc60", "model_id": "5261", "fuel_type": "diesel", "make_id": "451", "trim_id": "482781", "make": "volvo", "trim_org_name": "INSCRIPTION"}, {"trim": "kinetic", "model_org_name": "XC60", "ex_showroom_price": 4680500, "body_type": "suv", "model": "xc60", "model_id": "5261", "fuel_type": "diesel", "make_id": "451", "trim_id": "482791", "make": "volvo", "trim_org_name": "KINETIC", "data": {"code": "success", "data": {"fuel_type": "diesel", "body_type": "suv", "vehicle_image": "https://cdn1.acedms.com/uploads/category/volvo/20171215114855000000-4514906658362027521.png"}, "prices_list": [{"part_name": "Wiper Blades", "price_min": "550", "price_max": "670"}, {"part_name": "Front Bumper", "price_min": "2830", "price_max": "3460"}, {"part_name": "Front Fender", "price_min": "2040", "price_max": "2500"}, {"part_name": "Bonnet", "price_min": "6760", "price_max": "8260"}, {"part_name": "Front Door", "price_min": "7800", "price_max": "9530"}, {"part_name": "Bootlid", "price_min": "8160", "price_max": "9980"}, {"part_name": "Front Windscreen Glass", "price_min": "3450", "price_max": "4210"}, {"part_name": "Side Mirrors", "price_min": "1530", "price_max": "1870"}, {"part_name": "Front Strut", "price_min": "2000", "price_max": "2450"}, {"part_name": "Front Suspension Lower Arm", "price_min": "2160", "price_max": "2640"}, {"part_name": "Suspension Overhaul", "price_min": "3420", "price_max": "4180"}]}}, {"trim": "momentum", "model_org_name": "XC60", "ex_showroom_price": 5290000, "body_type": "suv", "model": "xc60", "model_id": "5261", "fuel_type": "diesel", "make_id": "451", "trim_id": "482801", "make": "volvo", "trim_org_name": "MOMENTUM", "data": {"code": "success", "data": {"fuel_type": "diesel", "body_type": "suv", "vehicle_image": "https://cdn1.acedms.com/uploads/category/volvo/20171215114855000000-4514906658362027521.png"}, "prices_list": [{"part_name": "Wiper Blades", "price_min": "550", "price_max": "670"}, {"part_name": "Front Bumper", "price_min": "2830", "price_max": "3460"}, {"part_name": "Front Fender", "price_min": "2040", "price_max": "2500"}, {"part_name": "Bonnet", "price_min": "6760", "price_max": "8260"}, {"part_name": "Front Door", "price_min": "7800", "price_max": "9530"}, {"part_name": "Bootlid", "price_min": "8160", "price_max": "9980"}, {"part_name": "Front Windscreen Glass", "price_min": "3450", "price_max": "4210"}, {"part_name": "Side Mirrors", "price_min": "1530", "price_max": "1870"}, {"part_name": "Front Strut", "price_min": "2000", "price_max": "2450"}, {"part_name": "Front Suspension Lower Arm", "price_min": "2160", "price_max": "2640"}, {"part_name": "Suspension Overhaul", "price_min": "3420", "price_max": "4180"}]}}]}, {"model_org_name": "XC90", "ex_showroom_price": 9665000, "body_type": "suv", "model": "xc90", "model_id": "5291", "make_id": "451", "make": "volvo", "trim_list": [{"trim": "d5 awd", "model_org_name": "XC90", "ex_showroom_price": 4700000, "body_type": "suv", "model": "xc90", "model_id": "5291", "fuel_type": "diesel", "make_id": "451", "trim_id": "482891", "make": "volvo", "trim_org_name": "D5 AWD", "data": {"code": "success", "data": {"fuel_type": "diesel", "body_type": "suv", "vehicle_image": "https://cdn1.acedms.com/uploads/category/volvo/20171215050058000000-2897602995142305793.png"}, "prices_list": [{"part_name": "Wiper Blades", "price_min": "550", "price_max": "670"}, {"part_name": "Front Bumper", "price_min": "2830", "price_max": "3460"}, {"part_name": "Front Fender", "price_min": "2040", "price_max": "2500"}, {"part_name": "Bonnet", "price_min": "6760", "price_max": "8260"}, {"part_name": "Front Door", "price_min": "7800", "price_max": "9530"}, {"part_name": "Bootlid", "price_min": "8160", "price_max": "9980"}, {"part_name": "Front Windscreen Glass", "price_min": "3450", "price_max": "4210"}, {"part_name": "Side Mirrors", "price_min": "1530", "price_max": "1870"}, {"part_name": "Front Strut", "price_min": "2000", "price_max": "2450"}, {"part_name": "Front Suspension Lower Arm", "price_min": "2160", "price_max": "2640"}, {"part_name": "Suspension Overhaul", "price_min": "3420", "price_max": "4180"}]}}, {"trim": "d5 summum", "model_org_name": "XC90", "ex_showroom_price": 4586300, "body_type": "suv", "model": "xc90", "model_id": "5291", "fuel_type": "diesel", "make_id": "451", "trim_id": "482901", "make": "volvo", "trim_org_name": "D5 SUMMUM", "data": {"code": "success", "data": {"fuel_type": "diesel", "body_type": "suv", "vehicle_image": "https://cdn1.acedms.com/uploads/category/volvo/20171215050058000000-2897602995142305793.png"}, "prices_list": [{"part_name": "Wiper Blades", "price_min": "550", "price_max": "670"}, {"part_name": "Front Bumper", "price_min": "2830", "price_max": "3460"}, {"part_name": "Front Fender", "price_min": "2040", "price_max": "2500"}, {"part_name": "Bonnet", "price_min": "6760", "price_max": "8260"}, {"part_name": "Front Door", "price_min": "7800", "price_max": "9530"}, {"part_name": "Bootlid", "price_min": "8160", "price_max": "9980"}, {"part_name": "Front Windscreen Glass", "price_min": "3450", "price_max": "4210"}, {"part_name": "Side Mirrors", "price_min": "1530", "price_max": "1870"}, {"part_name": "Front Strut", "price_min": "2000", "price_max": "2450"}, {"part_name": "Front Suspension Lower Arm", "price_min": "2160", "price_max": "2640"}, {"part_name": "Suspension Overhaul", "price_min": "3420", "price_max": "4180"}]}}, {"trim": "excellence", "model_org_name": "XC90", "ex_showroom_price": 13124000, "body_type": "suv", "model": "xc90", "model_id": "5291", "fuel_type": "petrol", "make_id": "451", "trim_id": "482911", "make": "volvo", "trim_org_name": "EXCELLENCE", "data": {"code": "success", "data": {"fuel_type": "petrol", "body_type": "suv", "vehicle_image": "https://cdn1.acedms.com/uploads/category/volvo/20171215050058000000-2897602995142305793.png"}, "prices_list": [{"part_name": "Wiper Blades", "price_min": "550", "price_max": "670"}, {"part_name": "Front Bumper", "price_min": "2830", "price_max": "3460"}, {"part_name": "Front Fender", "price_min": "2040", "price_max": "2500"}, {"part_name": "Bonnet", "price_min": "6760", "price_max": "8260"}, {"part_name": "Front Door", "price_min": "7800", "price_max": "9530"}, {"part_name": "Bootlid", "price_min": "8160", "price_max": "9980"}, {"part_name": "Front Windscreen Glass", "price_min": "3450", "price_max": "4210"}, {"part_name": "Side Mirrors", "price_min": "1530", "price_max": "1870"}, {"part_name": "Front Strut", "price_min": "2000", "price_max": "2450"}, {"part_name": "Front Suspension Lower Arm", "price_min": "2160", "price_max": "2640"}, {"part_name": "Suspension Overhaul", "price_min": "2880", "price_max": "3520"}]}}, {"trim": "inscription luxury", "model_org_name": "XC90", "ex_showroom_price": 8790000, "body_type": "suv", "model": "xc90", "model_id": "5291", "fuel_type": "diesel", "make_id": "451", "trim_id": "482921", "make": "volvo", "trim_org_name": "INSCRIPTION LUXURY", "data": {"code": "success", "data": {"fuel_type": "diesel", "body_type": "suv", "vehicle_image": "https://cdn1.acedms.com/uploads/category/volvo/20171215050058000000-2897602995142305793.png"}, "prices_list": [{"part_name": "Wiper Blades", "price_min": "550", "price_max": "670"}, {"part_name": "Front Bumper", "price_min": "2830", "price_max": "3460"}, {"part_name": "Front Fender", "price_min": "2040", "price_max": "2500"}, {"part_name": "Bonnet", "price_min": "6760", "price_max": "8260"}, {"part_name": "Front Door", "price_min": "7800", "price_max": "9530"}, {"part_name": "Bootlid", "price_min": "8160", "price_max": "9980"}, {"part_name": "Front Windscreen Glass", "price_min": "3450", "price_max": "4210"}, {"part_name": "Side Mirrors", "price_min": "1530", "price_max": "1870"}, {"part_name": "Front Strut", "price_min": "2000", "price_max": "2450"}, {"part_name": "Front Suspension Lower Arm", "price_min": "2160", "price_max": "2640"}, {"part_name": "Suspension Overhaul", "price_min": "3420", "price_max": "4180"}]}}, {"trim": "momentum luxury", "model_org_name": "XC90", "ex_showroom_price": 8090000, "body_type": "suv", "model": "xc90", "model_id": "5291", "fuel_type": "diesel", "make_id": "451", "trim_id": "482931", "make": "volvo", "trim_org_name": "MOMENTUM LUXURY", "data": {"code": "success", "data": {"fuel_type": "diesel", "body_type": "suv", "vehicle_image": "https://cdn1.acedms.com/uploads/category/volvo/20171215050058000000-2897602995142305793.png"}, "prices_list": [{"part_name": "Wiper Blades", "price_min": "550", "price_max": "670"}, {"part_name": "Front Bumper", "price_min": "2830", "price_max": "3460"}, {"part_name": "Front Fender", "price_min": "2040", "price_max": "2500"}, {"part_name": "Bonnet", "price_min": "6760", "price_max": "8260"}, {"part_name": "Front Door", "price_min": "7800", "price_max": "9530"}, {"part_name": "Bootlid", "price_min": "8160", "price_max": "9980"}, {"part_name": "Front Windscreen Glass", "price_min": "3450", "price_max": "4210"}, {"part_name": "Side Mirrors", "price_min": "1530", "price_max": "1870"}, {"part_name": "Front Strut", "price_min": "2000", "price_max": "2450"}, {"part_name": "Front Suspension Lower Arm", "price_min": "2160", "price_max": "2640"}, {"part_name": "Suspension Overhaul", "price_min": "3420", "price_max": "4180"}]}}, {"trim": "r design", "model_org_name": "XC90", "ex_showroom_price": 8491500, "body_type": "suv", "model": "xc90", "model_id": "5291", "fuel_type": "diesel", "make_id": "451", "trim_id": "563601", "make": "volvo", "trim_org_name": "R DESIGN"}, {"trim": "t8 excellence", "model_org_name": "XC90", "ex_showroom_price": 9665000, "body_type": "suv", "model": "xc90", "model_id": "5291", "fuel_type": "petrol", "make_id": "451", "trim_id": "584818", "make": "volvo", "trim_org_name": "T8 Excellence"}, {"trim": "t8 inscription", "model_org_name": "XC90", "ex_showroom_price": 9665000, "body_type": "suv", "model": "xc90", "model_id": "5291", "fuel_type": "petrol", "make_id": "451", "trim_id": "563591", "make": "volvo", "trim_org_name": "T8 INSCRIPTION"}]}]}